"","bycol","Code","trt","day","RAL","weight.5.flies","TAG_glycerol"
"1","10AAh1","10AA","a","a","RAL_786",1.08333333333333,74.2614852214866
"2","10AAh2","10AA","a","a","RAL_786",1.08333333333333,59.3612816218091
"3","10AAh3","10AA","a","a","RAL_786",1.08333333333333,85.4353935286248
"4","10ABe10","10AB","b","a","RAL_786",1.141,43.1771797774648
"5","10ABe11","10AB","b","a","RAL_786",1.141,57.5708464479974
"6","10ABe9","10AB","b","a","RAL_786",1.141,48.4205778686093
"7","10BAf1","10BA","a","b","RAL_340",1.25833333333333,116.327415355101
"8","10BAf2","10BA","a","b","RAL_340",1.25833333333333,107.222064861015
"9","10BAf3","10BA","a","b","RAL_340",1.25833333333333,121.574993519575
"10","10CAg4","10CA","a","c","RAL_105",0.996,53.7721392779263
"11","10CAg5","10CA","a","c","RAL_105",0.996,44.1736120064053
"12","10CAg6","10CA","a","c","RAL_105",0.996,58.4211271865663
"13","10CBf7","10CB","b","c","RAL_105",0.983666666666667,27.0965436659697
"14","10CBf8","10CB","b","c","RAL_105",0.983666666666667,54.3772736921381
"15","10CBf9","10CB","b","c","RAL_105",0.983666666666667,32.5862693453387
"16","10DAf7","10DA","a","d","RAL_223",1.39066666666667,197.268563585546
"17","10DAf8","10DA","a","d","RAL_223",1.39066666666667,183.011845736561
"18","10DAf9","10DA","a","d","RAL_223",1.39066666666667,203.575226296403
"19","10DBe10","10DB","b","d","RAL_223",1.49227777833333,152.844070464445
"20","10DBe11","10DB","b","d","RAL_223",1.49227777833333,180.475370252941
"21","10DBe12","10DB","b","d","RAL_223",1.49227777833333,173.724500860238
"22","10EAg1","10EA","a","e","RAL_801",1.16333333333333,61.3487516839753
"23","10EAg2","10EA","a","e","RAL_801",1.16333333333333,74.7345063992477
"24","10EAg3","10EA","a","e","RAL_801",1.16333333333333,58.5562498966631
"25","10EBe4","10EB","b","e","RAL_801",1.23366666666667,46.3144807235885
"26","10EBe5","10EB","b","e","RAL_801",1.23366666666667,60.7370489113152
"27","10EBe6","10EB","b","e","RAL_801",1.23366666666667,62.7327180567959
"28","11ABg10","11AB","b","a","RAL_861",1.203,58.8998884915904
"29","11ABg11","11AB","b","a","RAL_861",1.203,62.7214873596401
"30","11ABg9","11AB","b","a","RAL_861",1.203,71.8140721959559
"31","11CAd7","11CA","a","c","RAL_360",1.25966666666667,84.4109295694503
"32","11CAd8","11CA","a","c","RAL_360",1.25966666666667,77.1136560060142
"33","11CAd9","11CA","a","c","RAL_360",1.25966666666667,58.4264333099088
"34","12AAf10","12AA","a","a","RAL_443",1.21433333333333,45.9280210441525
"35","12AAf11","12AA","a","a","RAL_443",1.21433333333333,44.1275539150239
"36","12AAf9","12AA","a","a","RAL_443",1.21433333333333,51.9788763167697
"37","12ABd1","12AB","b","a","RAL_443",1.329,32.3768849915222
"38","12ABd2","12AB","b","a","RAL_443",1.329,53.4107074951815
"39","12ABd3","12AB","b","a","RAL_443",1.329,58.829664804372
"40","12BBe4","12BB","b","b","RAL_642",1.395,116.327415355101
"41","12BBe5","12BB","b","b","RAL_642",1.395,108.64853133801
"42","12BBe6","12BB","b","b","RAL_642",1.395,101.618246490264
"43","12DAg10","12DA","a","d","RAL_712",1.089,54.0612056496091
"44","12DAg11","12DA","a","d","RAL_712",1.089,42.6942183834325
"45","12DAg12","12DA","a","d","RAL_712",1.089,48.7320703348224
"46","12DBf4","12DB","b","d","RAL_712",1.067,1.6567185988239
"47","12DBf5","12DB","b","d","RAL_712",1.067,0.732209873387099
"49","13BAd10","13BA","a","b","RAL_554",0.919666666666667,157.56279051067
"50","13BAd11","13BA","a","b","RAL_554",0.919666666666667,148.016607350493
"51","13BAd12","13BA","a","b","RAL_554",0.919666666666667,140.696791876971
"52","13BBd7","13BB","b","b","RAL_554",1.001,69.7256799583791
"53","13BBd8","13BB","b","b","RAL_554",1.001,80.8313289746165
"54","13BBd9","13BB","b","b","RAL_554",1.001,84.1295780217218
"55","13DAd1","13DA","a","d","RAL_808",1.32766666666667,193.494003964714
"56","13DAd2","13DA","a","d","RAL_808",1.32766666666667,191.63266647299
"57","13DAd3","13DA","a","d","RAL_808",1.32766666666667,223.291218095699
"58","13DBf10","13DB","b","d","RAL_808",1.37966666666667,169.483427770734
"59","13DBf11","13DB","b","d","RAL_808",1.37966666666667,205.84644094136
"60","13DBf12","13DB","b","d","RAL_808",1.37966666666667,168.180664030732
"61","14ABd4","14AB","b","a","RAL_810",1.07233333333333,36.314992378421
"62","14ABd5","14AB","b","a","RAL_810",1.07233333333333,43.7903832290695
"63","14ABd6","14AB","b","a","RAL_810",1.07233333333333,68.5561799855666
"64","14BAd4","14BA","a","b","RAL_208",1.24366666666667,93.9356721579078
"65","14BAd5","14BA","a","b","RAL_208",1.24366666666667,136.222564866056
"66","14BAd6","14BA","a","b","RAL_208",1.24366666666667,98.75040378586
"67","14BBf7","14BB","b","b","RAL_208",1.18766666666667,72.4448347366579
"68","14BBf8","14BB","b","b","RAL_208",1.18766666666667,36.2080682747904
"69","14BBf9","14BB","b","b","RAL_208",1.18766666666667,37.42192581029
"70","14CAg7","14CA","a","c","RAL_765",1.235,91.5611139497979
"71","14CAg8","14CA","a","c","RAL_765",1.235,66.4148062257599
"72","14CAg9","14CA","a","c","RAL_765",1.235,75.9193055476183
"73","14DAf1","14DA","a","d","RAL_80",1.07891666666667,82.0455297517769
"74","14DAf2","14DA","a","d","RAL_80",1.07891666666667,33.9905227597625
"75","14DAf3","14DA","a","d","RAL_80",1.07891666666667,86.0401743652689
"76","14DBg7","14DB","b","d","RAL_80",1.232,91.7787037279856
"77","14DBg8","14DB","b","d","RAL_80",1.232,94.1074765147704
"78","14DBg9","14DB","b","d","RAL_80",1.232,69.3301450045754
"79","15ABh1","15AB","b","a","RAL_59",1.169,91.734157882888
"80","15ABh2","15AB","b","a","RAL_59",1.169,116.902207272136
"81","15ABh3","15AB","b","a","RAL_59",1.169,80.6864962052595
"82","15CBf1","15CB","b","c","RAL_45",1.1935,97.5209793774801
"83","15CBf2","15CB","b","c","RAL_45",1.1935,109.446016356186
"84","15CBf3","15CB","b","c","RAL_45",1.1935,77.8287367399162
"85","15DAe4","15DA","a","d","RAL_318",1.15333333333333,147.069498794468
"86","15DAe5","15DA","a","d","RAL_318",1.15333333333333,135.051038955801
"87","15DAe6","15DA","a","d","RAL_318",1.15333333333333,154.926923084894
"88","15DBh1","15DB","b","d","RAL_318",1.368,152.000665054721
"89","15DBh2","15DB","b","d","RAL_318",1.368,115.984333392163
"90","15DBh3","15DB","b","d","RAL_318",1.368,156.5496708428
"91","16AAf4","16AA","a","a","RAL_822",1.12933333333333,108.017366522743
"92","16AAf5","16AA","a","a","RAL_822",1.12933333333333,111.236492032979
"93","16AAf6","16AA","a","a","RAL_822",1.12933333333333,126.158896854207
"94","16ABf1","16AB","b","a","RAL_822",1.07966666666667,69.7097767278033
"95","16ABf2","16AB","b","a","RAL_822",1.07966666666667,53.4265680879479
"96","16ABf3","16AB","b","a","RAL_822",1.07966666666667,75.1646922864505
"97","16CBe4","16CB","b","c","RAL_73",1.112,110.783086065272
"98","16CBe5","16CB","b","c","RAL_73",1.112,190.754536345462
"99","16CBe6","16CB","b","c","RAL_73",1.112,144.859286023375
"100","16DAh1","16DA","a","d","RAL_849",1.28,171.04124663365
"101","16DAh2","16DA","a","d","RAL_849",1.28,164.589476012022
"102","16DAh3","16DA","a","d","RAL_849",1.28,136.799881606788
"103","17AAh10","17AA","a","a","RAL_161",0.924666666666667,72.8270950019038
"104","17AAh11","17AA","a","a","RAL_161",0.924666666666667,48.1687250056664
"105","17AAh12","17AA","a","a","RAL_161",0.924666666666667,87.899953139385
"106","17ABg7","17AB","b","a","RAL_161",1.01033333333333,33.7641072574691
"107","17ABg8","17AB","b","a","RAL_161",1.01033333333333,73.3327205549053
"108","17ABg9","17AB","b","a","RAL_161",1.01033333333333,43.7437640689568
"109","17DAd10","17DA","a","d","RAL_358",1.12966666666667,54.1565043266327
"110","17DAd11","17DA","a","d","RAL_358",1.12966666666667,84.6449188748594
"111","17DAd12","17DA","a","d","RAL_358",1.12966666666667,96.5953404948644
"112","17DBh4","17DB","b","d","RAL_358",1.23433333333333,47.9956215023442
"113","17DBh5","17DB","b","d","RAL_358",1.23433333333333,69.3425957155197
"114","17DBh6","17DB","b","d","RAL_358",1.23433333333333,43.7888603888142
"115","17EAe4","17EA","a","e","RAL_703",1.22,19.9611413355924
"116","17EAe5","17EA","a","e","RAL_703",1.22,24.3806980801964
"117","17EAe6","17EA","a","e","RAL_703",1.22,23.1525151479136
"118","17EBe4","17EB","b","e","RAL_703",1.1535,21.9079464427612
"119","17EBe5","17EB","b","e","RAL_703",1.1535,46.5280851341806
"120","17EBe6","17EB","b","e","RAL_703",1.1535,43.157172807723
"121","18BAf1","18BA","a","b","RAL_796",1.226,42.205802929086
"122","18BAf2","18BA","a","b","RAL_796",1.226,57.3227297431445
"123","18BAf3","18BA","a","b","RAL_796",1.226,77.1033355274382
"124","18BBd10","18BB","b","b","RAL_796",1.21133333333333,72.7005330575886
"125","18BBd11","18BB","b","b","RAL_796",1.21133333333333,58.5753292929429
"126","18BBd12","18BB","b","b","RAL_796",1.21133333333333,46.8224732231223
"127","18DAh7","18DA","a","d","RAL_879",1.199,88.5202469810025
"128","18DAh8","18DA","a","d","RAL_879",1.199,77.9765956182761
"129","18DAh9","18DA","a","d","RAL_879",1.199,53.2719232472709
"130","18DBd10","18DB","b","d","RAL_879",1.244,75.842933651734
"131","18DBd11","18DB","b","d","RAL_879",1.244,79.0540315607204
"132","18DBd12","18DB","b","d","RAL_879",1.244,49.2872137226432
"133","18EAh5","18EA","a","e","RAL_584",1.06833333333333,64.5306018468029
"134","18EAh6","18EA","a","e","RAL_584",1.06833333333333,52.1260566935664
"135","18EAh7","18EA","a","e","RAL_584",1.06833333333333,51.4838418060098
"136","18EBf5","18EB","b","e","RAL_584",1.16666666666667,71.2692184635122
"137","18EBf6","18EB","b","e","RAL_584",1.16666666666667,68.4019380796791
"138","18EBf7","18EB","b","e","RAL_584",1.16666666666667,62.4154744999996
"139","19AAg5","19AA","a","a","RAL_405",1.16766666666667,96.8920496545586
"140","19AAg6","19AA","a","a","RAL_405",1.16766666666667,77.998159031035
"141","19AAg7","19AA","a","a","RAL_405",1.16766666666667,116.726362447718
"142","19ABh10","19AB","b","a","RAL_405",1.0965,17.1861188125315
"143","19ABh11","19AB","b","a","RAL_405",1.0965,2.6020357216337
"144","19ABh9","19AB","b","a","RAL_405",1.0965,7.6833814853611
"145","19BBf1","19BB","b","b","RAL_563",1.215,33.965437522218
"146","19BBf2","19BB","b","b","RAL_563",1.215,45.8239549194768
"147","19BBf3","19BB","b","b","RAL_563",1.215,26.8894142965005
"148","19CBe10","19CB","b","c","RAL_855",1.251,58.7879013561441
"149","19CBe11","19CB","b","c","RAL_855",1.251,81.0356763164543
"150","19CBe12","19CB","b","c","RAL_855",1.251,49.2330976889767
"151","19DAe7","19DA","a","d","RAL_440",1.34866666666667,50.5208721351983
"152","19DAe8","19DA","a","d","RAL_440",1.34866666666667,55.2739328659974
"153","19DAe9","19DA","a","d","RAL_440",1.34866666666667,64.2053603302659
"154","19DBe4","19DB","b","d","RAL_440",1.42566666666667,38.765343375327
"155","19DBe5","19DB","b","d","RAL_440",1.42566666666667,58.9209791486084
"156","19DBe6","19DB","b","d","RAL_440",1.42566666666667,40.3182139996666
"157","1AAe5","1AA","a","a","RAL_362",1.074,115.611960645185
"158","1AAe6","1AA","a","a","RAL_362",1.074,104.671256891984
"159","1AAe7","1AA","a","a","RAL_362",1.074,94.8915983379997
"161","1BAe7","1BA","a","b","RAL_38",1.08133333333333,89.5698373545557
"162","1BAe8","1BA","a","b","RAL_38",1.08133333333333,73.0076032644029
"163","1BAe9","1BA","a","b","RAL_38",1.08133333333333,98.1140783302076
"164","1CBe7","1CB","b","c","RAL_91",1.298,82.4950536479073
"165","1CBe8","1CB","b","c","RAL_91",1.298,54.8391570836003
"166","1CBe9","1CB","b","c","RAL_91",1.298,60.8217903372194
"167","1EAg4","1EA","a","e","RAL_386",1.354,101.222942741054
"168","1EAg5","1EA","a","e","RAL_386",1.354,116.239648687094
"169","1EAg6","1EA","a","e","RAL_386",1.354,112.791838715221
"170","1EBh1","1EB","b","e","RAL_386",1.278,33.4190918249291
"171","1EBh2","1EB","b","e","RAL_386",1.278,10.5136120421202
"172","1EBh3","1EB","b","e","RAL_386",1.278,10.604870621438
"173","20AAg4","20AA","a","a","RAL_371",1.1235,32.0866426821869
"174","20AAg5","20AA","a","a","RAL_371",1.1235,20.3302022151767
"175","20AAg6","20AA","a","a","RAL_371",1.1235,26.0592132103762
"176","20BAg10","20BA","a","b","RAL_352",1.10633333333333,69.1356498695445
"177","20BAg11","20BA","a","b","RAL_352",1.10633333333333,48.4907380837368
"178","20BAg12","20BA","a","b","RAL_352",1.10633333333333,61.5142919863034
"179","20BBd10","20BB","b","b","RAL_352",1.171,56.3481696234636
"180","20BBd11","20BB","b","b","RAL_352",1.171,17.9974854121161
"181","20BBd12","20BB","b","b","RAL_352",1.171,49.0730762673847
"185","20DBd1","20DB","b","d","RAL_513",1.2,37.1250409515423
"186","20DBd2","20DB","b","d","RAL_513",1.2,34.7156839158126
"187","20DBd3","20DB","b","d","RAL_513",1.2,39.8310460970191
"188","20EAg7","20EA","a","e","RAL_42",1.165,39.9966046086508
"189","20EAg8","20EA","a","e","RAL_42",1.165,25.5873472017459
"190","20EAg9","20EA","a","e","RAL_42",1.165,49.1392224073564
"191","20EBd10","20EB","b","e","RAL_42",1.3,29.7456389742845
"192","20EBd11","20EB","b","e","RAL_42",1.3,43.9366418271556
"193","20EBd9","20EB","b","e","RAL_42",1.3,22.4061133883528
"194","21AAg10","21AA","a","a","RAL_821",1.232,143.023065183688
"195","21AAg11","21AA","a","a","RAL_821",1.232,143.264785569037
"196","21AAg12","21AA","a","a","RAL_821",1.232,142.779775434784
"197","21ABf5","21AB","b","a","RAL_821",1.308,94.1693743695407
"198","21ABf6","21AB","b","a","RAL_821",1.308,106.09054812625
"199","21ABf7","21AB","b","a","RAL_821",1.308,90.713903463379
"200","21BAf4","21BA","a","b","RAL_317",0.965333333333333,79.0603083271613
"201","21BAf5","21BA","a","b","RAL_317",0.965333333333333,86.5916785920781
"202","21BAf6","21BA","a","b","RAL_317",0.965333333333333,74.2536360633121
"203","21CAe10","21CA","a","c","RAL_153",1.24133333333333,146.259928300904
"204","21CAe11","21CA","a","c","RAL_153",1.24133333333333,146.269773872747
"205","21CAe12","21CA","a","c","RAL_153",1.24133333333333,113.789171049845
"206","21DAh7","21DA","a","d","RAL_309",1.224,194.414841692621
"207","21DAh8","21DA","a","d","RAL_309",1.224,179.937369950499
"208","21DAh9","21DA","a","d","RAL_309",1.224,165.330631608131
"209","21DBh10","21DB","b","d","RAL_309",1.24366666666667,180.738156964548
"210","21DBh11","21DB","b","d","RAL_309",1.24366666666667,137.650824225412
"211","21DBh12","21DB","b","d","RAL_309",1.24366666666667,186.333516706484
"215","21EBe7","21EB","b","e","RAL_321",1.204,97.8546917541411
"216","21EBe8","21EB","b","e","RAL_321",1.204,37.8167422256704
"217","21EBe9","21EB","b","e","RAL_321",1.204,58.1085870366301
"218","22AAd10","22AA","a","a","RAL_28",1.225,108.450384452104
"219","22AAd11","22AA","a","a","RAL_28",1.225,128.017079377403
"220","22AAd9","22AA","a","a","RAL_28",1.225,82.6962490134701
"221","22ABd10","22AB","b","a","RAL_28",1.25733333333333,82.1024213058476
"222","22ABd11","22AB","b","a","RAL_28",1.25733333333333,81.6340447852241
"223","22ABd12","22AB","b","a","RAL_28",1.25733333333333,77.0606133335327
"224","22BBd7","22BB","b","b","RAL_393",1.432,172.175295189197
"225","22BBd8","22BB","b","b","RAL_393",1.432,146.71441131813
"226","22BBd9","22BB","b","b","RAL_393",1.432,135.662089820457
"227","22CAf1","22CA","a","c","RAL_367",1.25266666666667,167.728880326869
"228","22CAf2","22CA","a","c","RAL_367",1.25266666666667,250.423828876964
"229","22CAf3","22CA","a","c","RAL_367",1.25266666666667,155.050572872406
"230","22CBd1","22CB","b","c","RAL_367",1.15433333333333,111.892274345878
"231","22CBd2","22CB","b","c","RAL_367",1.15433333333333,87.9586225223855
"232","22CBd3","22CB","b","c","RAL_367",1.15433333333333,63.0298321817941
"233","22DBg1","22DB","b","d","RAL_748",1.18133333333333,59.9524347504215
"234","23CAd4","23CA","a","c","RAL_409",1.132,59.8977113424451
"235","23CAd5","23CA","a","c","RAL_409",1.132,34.699787812838
"236","23CAd6","23CA","a","c","RAL_409",1.132,33.7269701036449
"237","24BBg7","24BB","b","b","RAL_843",1.24433333333333,116.459801549919
"238","24BBg8","24BB","b","b","RAL_843",1.24433333333333,74.1835317830147
"239","24BBg9","24BB","b","b","RAL_843",1.24433333333333,145.814209666839
"240","24EBg4","24EB","b","e","RAL_911",1.18066666666667,18.9309965968777
"241","24EBg5","24EB","b","e","RAL_911",1.18066666666667,19.4415608164668
"242","24EBg6","24EB","b","e","RAL_911",1.18066666666667,17.900994303818
"243","25ABh10","25AB","b","a","RAL_385",1.32466666666667,44.7925722519107
"244","25ABh11","25AB","b","a","RAL_385",1.32466666666667,79.235946611723
"245","25ABh12","25AB","b","a","RAL_385",1.32466666666667,48.1075672524236
"246","25BAd1","25BA","a","b","RAL_441",1.2315,122.084238781148
"247","25BAd2","25BA","a","b","RAL_441",1.2315,123.318545684228
"248","25BAd3","25BA","a","b","RAL_441",1.2315,132.844394343898
"249","25CAe7","25CA","a","c","RAL_852",0.993333333333333,71.2915421323487
"250","25CAe8","25CA","a","c","RAL_852",0.993333333333333,103.764203271762
"251","25CAe9","25CA","a","c","RAL_852",0.993333333333333,76.5734696895259
"252","25DAe7","25DA","a","d","RAL_85",1.15033333333333,137.521357519217
"253","25DAe8","25DA","a","d","RAL_85",1.15033333333333,124.866814430656
"254","25DAe9","25DA","a","d","RAL_85",1.15033333333333,72.6336584964372
"255","25DBf10","25DB","b","d","RAL_85",1.219444445,107.829490586511
"256","25DBf11","25DB","b","d","RAL_85",1.219444445,83.8659150256609
"257","25DBf12","25DB","b","d","RAL_85",1.219444445,92.4964437132431
"258","26AAe1","26AA","a","a","RAL_882",1.07866666666667,59.2858570469476
"259","26AAe2","26AA","a","a","RAL_882",1.07866666666667,34.5309908462503
"260","26AAe3","26AA","a","a","RAL_882",1.07866666666667,77.3278816320156
"261","26ABh7","26AB","b","a","RAL_882",1.14933333333333,92.0297872401746
"262","26ABh8","26AB","b","a","RAL_882",1.14933333333333,61.091339268936
"263","26ABh9","26AB","b","a","RAL_882",1.14933333333333,53.1444228579168
"264","26BAd4","26BA","a","b","RAL_136",1.186,160.776709164361
"265","26BAd5","26BA","a","b","RAL_136",1.186,158.793670594753
"266","26BAd6","26BA","a","b","RAL_136",1.186,155.520072872038
"267","26CAh4","26CA","a","c","RAL_398",1.33233333333333,108.58129720397
"268","26CAh5","26CA","a","c","RAL_398",1.33233333333333,110.047119264668
"269","26CAh6","26CA","a","c","RAL_398",1.33233333333333,113.447420863873
"270","26CBe4","26CB","b","c","RAL_398",1.478,91.1056179539009
"271","26CBe5","26CB","b","c","RAL_398",1.478,69.1040585967928
"272","26CBe6","26CB","b","c","RAL_398",1.478,98.1776927546134
"273","26DAf7","26DA","a","d","RAL_195",1.2,148.084613987506
"274","26DAf8","26DA","a","d","RAL_195",1.2,131.926408521908
"275","26DAf9","26DA","a","d","RAL_195",1.2,156.915178181015
"276","27BAf1","27BA","a","b","RAL_235",1.14033333333333,63.8750781889821
"277","27BAf2","27BA","a","b","RAL_235",1.14033333333333,133.812804813134
"278","27BAf3","27BA","a","b","RAL_235",1.14033333333333,57.8787378212934
"279","27BBe10","27BB","b","b","RAL_235",1.26133333333333,47.9965935121126
"280","27BBe11","27BB","b","b","RAL_235",1.26133333333333,59.8416786358668
"281","27BBe12","27BB","b","b","RAL_235",1.26133333333333,64.6483508997161
"282","27DBe7","27DB","b","d","RAL_380",1.12666666666667,46.5426814008666
"283","27DBe8","27DB","b","d","RAL_380",1.12666666666667,29.5642647708628
"284","27DBe9","27DB","b","d","RAL_380",1.12666666666667,58.2252206429275
"285","27EAd10","27EA","a","e","RAL_461",1.033,79.4063963105091
"286","27EAd11","27EA","a","e","RAL_461",1.033,74.9010072940417
"287","27EAd12","27EA","a","e","RAL_461",1.033,46.1924652327224
"288","27EBh1","27EB","b","e","RAL_461",1.03633333333333,36.1751375838777
"289","27EBh2","27EB","b","e","RAL_461",1.03633333333333,27.97378353942
"290","27EBh3","27EB","b","e","RAL_461",1.03633333333333,44.8693081401622
"291","28DBg4","28DB","b","d","RAL_149",1.15966666666667,34.0690516810263
"292","28DBg5","28DB","b","d","RAL_149",1.15966666666667,54.1263647315537
"293","28DBg6","28DB","b","d","RAL_149",1.15966666666667,27.8549625300476
"294","28EAe10","28EA","a","e","RAL_129",1.11533333333333,130.983209207167
"295","28EAe11","28EA","a","e","RAL_129",1.11533333333333,114.615996533776
"296","28EAe12","28EA","a","e","RAL_129",1.11533333333333,102.195752881941
"297","28EBf10","28EB","b","e","RAL_129",1.13,95.5660238387161
"298","28EBf11","28EB","b","e","RAL_129",1.13,90.8498807925709
"299","28EBf12","28EB","b","e","RAL_129",1.13,94.2729748137162
"300","29AAd10","29AA","a","a","RAL_783",1.35833333333333,139.661717176667
"301","29AAd11","29AA","a","a","RAL_783",1.35833333333333,117.399725145119
"302","29AAd12","29AA","a","a","RAL_783",1.35833333333333,91.5472200065457
"303","29EAd7","29EA","a","e","RAL_158",1.269,140.850852623106
"304","29EAd8","29EA","a","e","RAL_158",1.269,162.28222946017
"305","29EAd9","29EA","a","e","RAL_158",1.269,128.058188636476
"306","29EBh1","29EB","b","e","RAL_158",1.31733333333333,134.209320940061
"307","29EBh2","29EB","b","e","RAL_158",1.31733333333333,84.4096474457458
"308","29EBh3","29EB","b","e","RAL_158",1.31733333333333,110.118067555048
"309","30DAf4","30DA","a","d","RAL_427",1.2325,174.929376709026
"310","30DAf5","30DA","a","d","RAL_427",1.2325,135.386452453989
"311","30DAf6","30DA","a","d","RAL_427",1.2325,150.135200549379
"312","31AAh4","31AA","a","a","RAL_738",1.27366666666667,41.3879245043659
"313","31AAh5","31AA","a","a","RAL_738",1.27366666666667,33.723568857371
"314","31AAh6","31AA","a","a","RAL_738",1.27366666666667,39.4687952126098
"315","31ABd1","31AB","b","a","RAL_738",1.42433333333333,60.0526360196254
"316","31ABd2","31AB","b","a","RAL_738",1.42433333333333,57.7406237940022
"317","31ABd3","31AB","b","a","RAL_738",1.42433333333333,42.6684208697316
"318","31BAf4","31BA","a","b","RAL_890",1.11233333333333,40.4444575463853
"319","31BAf5","31BA","a","b","RAL_890",1.11233333333333,97.7205867102657
"320","31BAf6","31BA","a","b","RAL_890",1.11233333333333,138.424186347815
"321","31BBf4","31BB","b","b","RAL_890",1.18166666666667,58.9344074549014
"322","31BBf5","31BB","b","b","RAL_890",1.18166666666667,74.7927997860867
"323","31BBf6","31BB","b","b","RAL_890",1.18166666666667,99.2013037641235
"324","32ABh4","32AB","b","a","RAL_721",1.39533333333333,120.185776948846
"325","32ABh5","32AB","b","a","RAL_721",1.39533333333333,103.839500839308
"326","32ABh6","32AB","b","a","RAL_721",1.39533333333333,83.600953328434
"327","32BAe1","32BA","a","b","RAL_776",1.16066666666667,134.627281265029
"328","32BAe2","32BA","a","b","RAL_776",1.16066666666667,163.346021305858
"329","32BAe3","32BA","a","b","RAL_776",1.16066666666667,119.195716500922
"330","32BBd1","32BB","b","b","RAL_776",1.2063333325,119.42785476917
"331","32BBd2","32BB","b","b","RAL_776",1.2063333325,117.484170081945
"332","32BBd3","32BB","b","b","RAL_776",1.2063333325,123.079200124954
"333","33BAd1","33BA","a","b","RAL_897",1.027,53.2867468787749
"334","33BAd2","33BA","a","b","RAL_897",1.027,69.8583724484576
"335","33BAd3","33BA","a","b","RAL_897",1.027,52.7681686736748
"336","33BBf10","33BB","b","b","RAL_897",1.02966666666667,45.5934761501913
"337","33BBf11","33BB","b","b","RAL_897",1.02966666666667,48.0495803025379
"338","33BBf12","33BB","b","b","RAL_897",1.02966666666667,58.8034810383809
"339","33DBh7","33DB","b","d","RAL_217",1.03566666666667,67.8106319950454
"340","33DBh8","33DB","b","d","RAL_217",1.03566666666667,37.6031447012029
"341","34ABg1","34AB","b","a","RAL_303",1.27533333333333,86.8821165249554
"342","34ABg2","34AB","b","a","RAL_303",1.27533333333333,65.0905522227429
"343","34ABg3","34AB","b","a","RAL_303",1.27533333333333,72.2004547373772
"344","35AAh1","35AA","a","a","RAL_426",1.46666666666667,150.417065495791
"345","35AAh2","35AA","a","a","RAL_426",1.46666666666667,170.261180100777
"346","35AAh3","35AA","a","a","RAL_426",1.46666666666667,150.671394710604
"347","35ABh5","35AB","b","a","RAL_426",1.57233333333333,141.55565713288
"348","35ABh6","35AB","b","a","RAL_426",1.57233333333333,113.791429605422
"349","35ABh7","35AB","b","a","RAL_426",1.57233333333333,150.169292917173
"350","35BAg1","35BA","a","b","RAL_315",1.0845,86.5620593679756
"351","35BAg2","35BA","a","b","RAL_315",1.0845,76.7215892586396
"352","35BAg3","35BA","a","b","RAL_315",1.0845,82.2261053721645
"353","35DAg7","35DA","a","d","RAL_900",1.12066666666667,121.415832135423
"354","35DAg8","35DA","a","d","RAL_900",1.12066666666667,112.768826738979
"355","35DAg9","35DA","a","d","RAL_900",1.12066666666667,104.927785638736
"356","36ABg1","36AB","b","a","RAL_837",1.23633333333333,91.4135171251948
"357","36ABg2","36AB","b","a","RAL_837",1.23633333333333,54.0351198993001
"358","36ABg3","36AB","b","a","RAL_837",1.23633333333333,86.9424643719134
"359","36BAd7","36BA","a","b","RAL_439",1.02566666666667,47.819815448802
"360","36BAd8","36BA","a","b","RAL_439",1.02566666666667,49.9961161321536
"361","36BAd9","36BA","a","b","RAL_439",1.02566666666667,51.4789523696925
"362","36BBe10","36BB","b","b","RAL_439",1.073,32.0952017524945
"363","36BBe11","36BB","b","b","RAL_439",1.073,13.0123412704241
"364","36BBe12","36BB","b","b","RAL_439",1.073,22.5734484526515
"365","36CAf10","36CA","a","c","RAL_338",1.31266666666667,83.6071270092281
"366","36CAf11","36CA","a","c","RAL_338",1.31266666666667,65.7037569975875
"367","36CAf12","36CA","a","c","RAL_338",1.31266666666667,66.8756083450002
"368","36CBg10","36CB","b","c","RAL_338",1.41933333333333,53.7138856131194
"369","36CBg11","36CB","b","c","RAL_338",1.41933333333333,45.9152607497004
"370","36CBg12","36CB","b","c","RAL_338",1.41933333333333,53.6941944694337
"371","36DAg1","36DA","a","d","RAL_69",1.30566666666667,119.85443469859
"372","37CBh4","37CB","b","c","RAL_492",1.28366666666667,132.978532564116
"373","37CBh5","37CB","b","c","RAL_492",1.28366666666667,136.940862923214
"374","37CBh6","37CB","b","c","RAL_492",1.28366666666667,109.025678741734
"375","38CAg4","38CA","a","c","RAL_373",1.13733333333333,116.843505604043
"376","38CAg5","38CA","a","c","RAL_373",1.13733333333333,104.511628478952
"377","38CBh4","38CB","b","c","RAL_373",1.31133333333333,65.1609966191687
"378","38CBh5","38CB","b","c","RAL_373",1.31133333333333,89.649065162049
"379","38CBh6","38CB","b","c","RAL_373",1.31133333333333,108.650723866129
"380","38DAd1","38DA","a","d","RAL_857",1.270444445,137.858824357717
"381","38DAd2","38DA","a","d","RAL_857",1.270444445,136.120192146184
"382","38DAd3","38DA","a","d","RAL_857",1.270444445,100.370224598654
"383","38DBg4","38DB","b","d","RAL_857",1.33033333333333,90.8572806751709
"384","38DBg5","38DB","b","d","RAL_857",1.33033333333333,45.2869985674902
"385","38DBg6","38DB","b","d","RAL_857",1.33033333333333,68.3067786716846
"386","3AAf1","3AA","a","a","RAL_392",1.14433333333333,44.8685003662295
"387","3AAf2","3AA","a","a","RAL_392",1.14433333333333,51.5915956356736
"388","3AAf3","3AA","a","a","RAL_392",1.14433333333333,59.5060982035122
"389","3ABf10","3AB","b","a","RAL_392",1.021,3.9450400039791
"390","3ABf9","3AB","b","a","RAL_392",1.021,14.23842949883
"391","3BAe4","3BA","a","b","RAL_884",0.894666666666667,49.3606233049851
"392","3BAe5","3BA","a","b","RAL_884",0.894666666666667,41.823880130667
"393","3BAe6","3BA","a","b","RAL_884",0.894666666666667,55.9141381239813
"394","3BBg7","3BB","b","b","RAL_884",1.052,36.5643084810694
"395","3BBg8","3BB","b","b","RAL_884",1.052,46.7427232015519
"396","3BBg9","3BB","b","b","RAL_884",1.052,23.187492945177
"397","3EAh10","3EA","a","e","RAL_374",1.06766666666667,43.4521859296074
"398","3EAh11","3EA","a","e","RAL_374",1.06766666666667,45.6473607868054
"399","3EAh12","3EA","a","e","RAL_374",1.06766666666667,54.9560306254299
"400","3EBf4","3EB","b","e","RAL_374",1.16966666666667,40.9364455483162
"401","3EBf5","3EB","b","e","RAL_374",1.16966666666667,44.1145543617253
"402","3EBf6","3EB","b","e","RAL_374",1.16966666666667,61.013584787191
"403","4AAg1","4AA","a","a","RAL_819",0.8465,57.1715883512345
"404","4AAg2","4AA","a","a","RAL_819",0.8465,55.260566739498
"405","4AAg3","4AA","a","a","RAL_819",0.8465,51.5317618362506
"406","4ABe10","4AB","b","a","RAL_819",0.9355,53.1504457313907
"407","4ABe11","4AB","b","a","RAL_819",0.9355,47.4092732161618
"408","4ABe12","4AB","b","a","RAL_819",0.9355,35.46994871282
"409","4CAd10","4CA","a","c","RAL_502",0.935666666666667,59.5279819155763
"410","4CAd11","4CA","a","c","RAL_502",0.935666666666667,48.8824525916984
"411","4CAd12","4CA","a","c","RAL_502",0.935666666666667,57.4625482604466
"412","4CBe1","4CB","b","c","RAL_502",1.22133333333333,115.929272181111
"413","4CBe2","4CB","b","c","RAL_502",1.22133333333333,93.3381674936804
"414","4CBe3","4CB","b","c","RAL_502",1.22133333333333,101.973239494879
"415","4EAg7","4EA","a","e","RAL_319",1.216,76.9114295405822
"416","4EAg8","4EA","a","e","RAL_319",1.216,54.1987532708217
"417","4EAg9","4EA","a","e","RAL_319",1.216,95.4813147565858
"418","4EBf10","4EB","b","e","RAL_319",1.35625,86.6912611583384
"419","4EBf11","4EB","b","e","RAL_319",1.35625,97.7595107452074
"420","4EBf12","4EB","b","e","RAL_319",1.35625,66.250309600932
"421","5AAh5","5AA","a","a","RAL_228",1.025,48.5987826952938
"422","5AAh6","5AA","a","a","RAL_228",1.025,25.0600811313079
"423","5AAh7","5AA","a","a","RAL_228",1.025,43.2161097852828
"424","5ABe10","5AB","b","a","RAL_228",1.153,19.0149408671654
"425","5ABe11","5AB","b","a","RAL_228",1.153,17.7342376666137
"426","5ABe9","5AB","b","a","RAL_228",1.153,21.3348331835494
"427","5BBh4","5BB","b","b","RAL_26",1.23866666666667,66.9716330787876
"428","5BBh5","5BB","b","b","RAL_26",1.23866666666667,63.4462201466334
"429","5BBh6","5BB","b","b","RAL_26",1.23866666666667,89.3792513306723
"430","5CBg7","5CB","b","c","RAL_365",1.24766666666667,67.540274490765
"431","5CBg8","5CB","b","c","RAL_365",1.24766666666667,63.5520153699507
"432","5CBg9","5CB","b","c","RAL_365",1.24766666666667,53.1045597127635
"433","5EAe10","5EA","a","e","RAL_350",1.04133333333333,81.4073922021379
"434","5EAe11","5EA","a","e","RAL_350",1.04133333333333,78.9141546858156
"435","5EAe9","5EA","a","e","RAL_350",1.04133333333333,75.3976696116614
"436","5EBe10","5EB","b","e","RAL_350",1.124,67.6210114178212
"437","5EBe11","5EB","b","e","RAL_350",1.124,59.0148637862143
"438","5EBe12","5EB","b","e","RAL_350",1.124,81.9823994029593
"439","6ABh7","6AB","b","a","RAL_399",1.261,13.6527746341261
"440","6ABh8","6AB","b","a","RAL_399",1.261,16.0998255989376
"441","6ABh9","6AB","b","a","RAL_399",1.261,52.1614907454416
"442","6BBe1","6BB","b","b","RAL_109",1.11433333333333,77.6198444427998
"443","6BBe2","6BB","b","b","RAL_109",1.11433333333333,50.1573237400768
"444","6BBe3","6BB","b","b","RAL_109",1.11433333333333,66.0731685771755
"448","6CBg1","6CB","b","c","RAL_361",1.05933333333333,27.0452652747905
"449","6CBg2","6CB","b","c","RAL_361",1.05933333333333,29.789721954253
"450","6CBg3","6CB","b","c","RAL_361",1.05933333333333,30.5316814457071
"451","7AAg1","7AA","a","a","RAL_714",1.00266666666667,62.9582308541779
"452","7AAg2","7AA","a","a","RAL_714",1.00266666666667,119.009637490122
"453","7AAg3","7AA","a","a","RAL_714",1.00266666666667,130.264030262004
"454","7ABe1","7AB","b","a","RAL_714",1.023,68.769556836066
"455","7ABe2","7AB","b","a","RAL_714",1.023,51.753072071771
"456","7ABe3","7AB","b","a","RAL_714",1.023,59.0118220973251
"457","7BAg10","7BA","a","b","RAL_83",1.136,100.267939253219
"458","7BAg11","7BA","a","b","RAL_83",1.136,121.00689719774
"459","7BAg12","7BA","a","b","RAL_83",1.136,108.584650094797
"460","7BBh10","7BB","b","b","RAL_83",1.221,127.690532021815
"461","7BBh11","7BB","b","b","RAL_83",1.221,82.4936621345578
"462","7BBh12","7BB","b","b","RAL_83",1.221,96.6228615808438
"463","7CAe1","7CA","a","c","RAL_176",0.965666666666667,142.130507123519
"464","7CAe2","7CA","a","c","RAL_176",0.965666666666667,90.5110957863737
"465","7CAe3","7CA","a","c","RAL_176",0.965666666666667,83.6892680945932
"466","7CBh10","7CB","b","c","RAL_176",1.06733333333333,75.3601228367984
"467","7CBh11","7CB","b","c","RAL_176",1.06733333333333,81.5112257747176
"468","7CBh12","7CB","b","c","RAL_176",1.06733333333333,87.9112934694179
"469","8AAe5","8AA","a","a","RAL_239",1.19133333333333,95.2405170626975
"470","8AAe6","8AA","a","a","RAL_239",1.19133333333333,87.7907502073604
"471","8AAe7","8AA","a","a","RAL_239",1.19133333333333,77.9384751594454
"472","8ABe5","8AB","b","a","RAL_239",1.27022222166667,49.3859024802482
"473","8ABe6","8AB","b","a","RAL_239",1.27022222166667,47.442731925565
"474","8ABe7","8AB","b","a","RAL_239",1.27022222166667,79.0373481468673
"475","8BAg1","8BA","a","b","RAL_304",1.37033333333333,125.141093942127
"476","8BAg2","8BA","a","b","RAL_304",1.37033333333333,116.342406253571
"477","8BAg3","8BA","a","b","RAL_304",1.37033333333333,97.7483702476318
"478","8CAh4","8CA","a","c","RAL_357",1.29366666666667,157.113401180704
"479","8CAh5","8CA","a","c","RAL_357",1.29366666666667,181.240599581044
"480","8CAh6","8CA","a","c","RAL_357",1.29366666666667,189.365081675505
"481","8DAd4","8DA","a","d","RAL_272",1.053,123.500607527194
"482","8DAd5","8DA","a","d","RAL_272",1.053,109.523942420265
"483","8DAd6","8DA","a","d","RAL_272",1.053,100.058711637208
"484","8DBd7","8DB","b","d","RAL_272",1.11433333333333,58.9758691228409
"485","8DBd8","8DB","b","d","RAL_272",1.11433333333333,54.5270539059828
"486","8DBd9","8DB","b","d","RAL_272",1.11433333333333,47.8204342236218
"487","9BAf7","9BA","a","b","RAL_381",1.34566666666667,126.429903003375
"488","9BAf8","9BA","a","b","RAL_381",1.34566666666667,107.0400153412
"489","9BAf9","9BA","a","b","RAL_381",1.34566666666667,112.808424322763
"490","9BBd7","9BB","b","b","RAL_381",1.31233333333333,83.6388611776234
"491","9BBd8","9BB","b","b","RAL_381",1.31233333333333,75.9348416891944
"492","9BBd9","9BB","b","b","RAL_381",1.31233333333333,69.5919017826684
"493","9EAf7","9EA","a","e","RAL_737",1.30566666666667,222.870076184635
"494","9EAf8","9EA","a","e","RAL_737",1.30566666666667,127.566372088816
"495","9EAf9","9EA","a","e","RAL_737",1.30566666666667,282.690652085745
