"","RAL","wolb","Code","trt","day","protein","weight.5.flies"
"1","RAL_105","n","10CB","b","c",389.922746461049,0.983666666666667
"2","RAL_105","n","10CA","a","c",355.182485968352,0.996
"3","RAL_105","n","10CA","a","c",268.373819515359,0.996
"4","RAL_105","n","10CA","a","c",330.380009838925,0.996
"5","RAL_105","n","10CB","b","c",450.080846726809,0.983666666666667
"6","RAL_105","n","10CB","b","c",382.402983927829,0.983666666666667
"7","RAL_109","n","6BB","b","b",162.377150652005,1.11433333333333
"8","RAL_109","n","6BA","a","b",171.907238138034,1.14233333333333
"9","RAL_109","n","6BA","a","b",242.227574351748,1.14233333333333
"10","RAL_109","n","6BB","b","b",334.09516653039,1.11433333333333
"11","RAL_109","n","6BA","a","b",294.042558930274,1.14233333333333
"12","RAL_109","n","6BB","b","b",200.536709736091,1.11433333333333
"13","RAL_129","n","28EB","b","e",290.014767635287,1.13
"14","RAL_129","n","28EB","b","e",251.48643654693,1.13
"15","RAL_129","n","28EB","b","e",283.593379120561,1.13
"16","RAL_136","y","26BA","a","b",364.622813797659,1.186
"17","RAL_136","y","26BB","b","b",403.886536608027,1.24166666666667
"18","RAL_136","y","26BA","a","b",509.629138317185,1.186
"19","RAL_136","y","26BB","b","b",393.051551673237,1.24166666666667
"20","RAL_136","y","26BB","b","b",515.848047600855,1.24166666666667
"21","RAL_136","y","26BA","a","b",418.046196515379,1.186
"22","RAL_149","y","28DB","b","d",435.95673857736,1.15966666666667
"23","RAL_149","y","28DB","b","d",469.233852095717,1.15966666666667
"24","RAL_149","y","28DA","a","d",362.106660087404,1.25766666666667
"25","RAL_149","y","28DB","b","d",382.713356947989,1.15966666666667
"26","RAL_149","y","28DA","a","d",445.861789867027,1.25766666666667
"27","RAL_149","y","28DA","a","d",431.902601570423,1.25766666666667
"28","RAL_153","y","21CA","a","c",494.526766917293,1.24133333333333
"29","RAL_153","y","21CB","b","c",446.490315789474,1.38
"30","RAL_153","y","21CA","a","c",478.514616541353,1.24133333333333
"31","RAL_153","y","21CB","b","c",478.514616541353,1.38
"32","RAL_153","y","21CA","a","c",350.417413533835,1.24133333333333
"33","RAL_153","y","21CB","b","c",490.523729323308,1.38
"34","RAL_158","n","29EB","b","e",468.730175029077,1.31733333333333
"35","RAL_158","n","29EB","b","e",512.708899276948,1.31733333333333
"36","RAL_158","n","29EA","a","e",428.074620701899,1.269
"37","RAL_158","n","29EB","b","e",624.347199290774,1.31733333333333
"38","RAL_158","n","29EA","a","e",511.552671393339,1.269
"39","RAL_158","n","29EA","a","e",395.967678128269,1.269
"40","RAL_161","n","17AB","b","a",354.204048489419,1.01033333333333
"41","RAL_161","n","17AA","a","a",143.439860313651,0.924666666666667
"42","RAL_161","n","17AA","a","a",355.766833615624,0.924666666666667
"43","RAL_161","n","17AB","b","a",310.351672982294,1.01033333333333
"44","RAL_161","n","17AB","b","a",313.724932636688,1.01033333333333
"45","RAL_161","n","17AA","a","a",132.264756455652,0.924666666666667
"46","RAL_176","y","7CB","b","c",234.329323308271,1.06733333333333
"47","RAL_176","y","7CB","b","c",198.301984962406,1.06733333333333
"48","RAL_176","y","7CB","b","c",254.344511278196,1.06733333333333
"49","RAL_176","y","7CA","a","c",198.10013714865,0.965666666666667
"50","RAL_176","y","7CA","a","c",284.908803601643,0.965666666666667
"51","RAL_176","y","7CA","a","c",148.495184889797,0.965666666666667
"52","RAL_195","n","26DA","a","d",292.865150448425,1.2
"53","RAL_195","n","26DA","a","d",266.243459633739,1.2
"54","RAL_195","n","26DA","a","d",419.318181818182,1.2
"55","RAL_208","n","14BA","a","b",150.929282926779,1.24366666666667
"56","RAL_208","n","14BA","a","b",204.352665644499,1.24366666666667
"57","RAL_208","n","14BB","b","b",172.740191332511,1.18766666666667
"58","RAL_208","n","14BB","b","b",208.856807781811,1.18766666666667
"59","RAL_208","n","14BA","a","b",406.598328790153,1.24366666666667
"60","RAL_208","n","14BB","b","b",400.274874963097,1.18766666666667
"61","RAL_217","n","33DB","b","d",236.294057467218,1.03566666666667
"62","RAL_217","n","33DA","a","d",196.045761734042,1.04733333333333
"63","RAL_217","n","33DA","a","d",223.470041620307,1.04733333333333
"64","RAL_217","n","33DA","a","d",232.611468249062,1.04733333333333
"65","RAL_217","n","33DB","b","d",289.537439096589,1.03566666666667
"66","RAL_223","y","10DB","b","d",418.836078670993,1.49227777833333
"67","RAL_223","y","10DA","a","d",432.629027225525,1.39066666666667
"68","RAL_223","y","10DB","b","d",415.654197899544,1.49227777833333
"69","RAL_223","y","10DA","a","d",472.561563447553,1.39066666666667
"70","RAL_223","y","10DB","b","d",412.472317128096,1.49227777833333
"71","RAL_223","y","10DA","a","d",442.612161281032,1.39066666666667
"72","RAL_228","n","5AB","b","a",187.144814769717,1.153
"73","RAL_228","n","5AA","a","a",154.418884841254,1.025
"74","RAL_228","n","5AA","a","a",192.592145977667,1.025
"75","RAL_228","n","5AB","b","a",180.502663826848,1.153
"76","RAL_228","n","5AA","a","a",241.17629651492,1.025
"77","RAL_228","n","5AB","b","a",333.272135512834,1.153
"78","RAL_235","y","27BA","a","b",286.48200489156,1.14033333333333
"79","RAL_235","y","27BA","a","b",218.212920520255,1.14033333333333
"80","RAL_235","y","27BB","b","b",448.17194156044,1.26133333333333
"81","RAL_235","y","27BB","b","b",203.840481705243,1.26133333333333
"82","RAL_235","y","27BA","a","b",397.8684057079,1.14033333333333
"83","RAL_235","y","27BB","b","b",376.309747485382,1.26133333333333
"84","RAL_237","y","19EA","a","e",421.982641581297,1.13533333333333
"85","RAL_237","y","19EA","a","e",218.840554124498,1.13533333333333
"86","RAL_237","y","19EA","a","e",258.256183034026,1.13533333333333
"87","RAL_239","n","8AB","b","a",480.626752734239,1.27022222166667
"88","RAL_239","n","8AB","b","a",265.468371783547,1.27022222166667
"89","RAL_239","n","8AB","b","a",227.295110647134,1.27022222166667
"90","RAL_26","n","5BB","b","b",353.259684162875,1.23866666666667
"91","RAL_26","n","5BB","b","b",360.66182481695,1.23866666666667
"92","RAL_26","n","5BB","b","b",390.270387433251,1.23866666666667
"93","RAL_28","n","22AB","b","a",442.509189492838,1.25733333333333
"94","RAL_28","n","22AB","b","a",357.851749972523,1.25733333333333
"95","RAL_28","n","22AA","a","a",384.942130619024,1.225
"96","RAL_28","n","22AA","a","a",442.509189492838,1.225
"97","RAL_28","n","22AA","a","a",388.328428199836,1.225
"98","RAL_28","n","22AB","b","a",425.577701588775,1.25733333333333
"99","RAL_280","y","2BB","b","b",371.765035798063,1.23733333333333
"100","RAL_280","y","2BB","b","b",471.693934628077,1.23733333333333
"101","RAL_280","y","2BB","b","b",453.18858299289,1.23733333333333
"102","RAL_303","n","34AB","b","a",448.655318812459,1.27533333333333
"103","RAL_303","n","34AB","b","a",425.042501231699,1.27533333333333
"104","RAL_303","n","34AB","b","a",506.000732937162,1.27533333333333
"105","RAL_304","y","8BA","a","b",448.920972769705,1.37033333333333
"106","RAL_304","y","8BA","a","b",379.404306377925,1.37033333333333
"107","RAL_304","y","8BA","a","b",408.67448170078,1.37033333333333
"108","RAL_306","y","39DB","b","d",866.417047842749,1.588
"109","RAL_306","y","39DB","b","d",753.672786088103,1.588
"110","RAL_306","y","39DB","b","d",854.228479004409,1.588
"111","RAL_309","n","21DA","a","d",391.062863147484,1.224
"112","RAL_309","n","21DA","a","d",433.722854081675,1.224
"113","RAL_309","n","21DB","b","d",549.514258045906,1.24366666666667
"114","RAL_309","n","21DB","b","d",488.571413854205,1.24366666666667
"115","RAL_309","n","21DB","b","d",494.665698273375,1.24366666666667
"116","RAL_309","n","21DA","a","d",351.450014422879,1.224
"117","RAL_315","n","35BA","a","b",170.854307202586,1.0845
"118","RAL_315","n","35BA","a","b",247.688517425079,1.0845
"119","RAL_315","n","35BA","a","b",174.513079117943,1.0845
"120","RAL_317","y","21BA","a","b",493.900356590303,0.965333333333333
"121","RAL_317","y","21BA","a","b",449.487512665852,0.965333333333333
"122","RAL_317","y","21BA","a","b",316.2489808925,0.965333333333333
"123","RAL_318","y","15DB","b","d",515.821811021417,1.368
"124","RAL_318","y","15DB","b","d",415.990470466346,1.368
"125","RAL_318","y","15DA","a","d",208.555588824763,1.15333333333333
"126","RAL_318","y","15DB","b","d",479.216986151224,1.368
"127","RAL_318","y","15DA","a","d",403.984224977215,1.15333333333333
"128","RAL_318","y","15DA","a","d",386.535239606461,1.15333333333333
"129","RAL_319","y","4EA","a","e",427.921646898647,1.216
"130","RAL_319","y","4EA","a","e",495.084180752604,1.216
"131","RAL_319","y","4EA","a","e",394.340379971669,1.216
"134","RAL_321","y","21EB","b","e",443.185859138183,1.204
"135","RAL_321","y","21EB","b","e",427.921646898647,1.204
"136","RAL_321","y","21EB","b","e",482.872810960975,1.204
"138","RAL_338","y","36CB","b","c",208.022300067935,1.41933333333333
"139","RAL_338","y","36CA","a","c",115.451413998517,1.31266666666667
"140","RAL_338","y","36CB","b","c",216.153803388936,1.41933333333333
"141","RAL_338","y","36CB","b","c",277.140078296441,1.41933333333333
"142","RAL_338","y","36CA","a","c",145.530464131398,1.31266666666667
"143","RAL_338","y","36CA","a","c",168.089751731058,1.31266666666667
"144","RAL_340","y","10BB","b","b",393.971457760289,1.37166666666667
"145","RAL_340","y","10BB","b","b",397.672528087326,1.37166666666667
"146","RAL_340","y","10BA","a","b",389.439890028307,1.25833333333333
"147","RAL_340","y","10BA","a","b",338.876626999288,1.25833333333333
"148","RAL_340","y","10BB","b","b",397.672528087326,1.37166666666667
"149","RAL_340","y","10BA","a","b",414.721521542816,1.25833333333333
"150","RAL_350","n","5EB","b","e",448.43230229929,1.124
"151","RAL_350","n","5EB","b","e",458.581238664183,1.124
"152","RAL_350","n","5EA","a","e",342.112290862291,1.04133333333333
"153","RAL_350","n","5EA","a","e",363.835263835264,1.04133333333333
"154","RAL_350","n","5EB","b","e",495.794005335459,1.124
"155","RAL_350","n","5EA","a","e",314.182754182754,1.04133333333333
"156","RAL_352","y","20BA","a","b",264.923346669042,1.10633333333333
"157","RAL_352","y","20BA","a","b",236.178469039019,1.10633333333333
"158","RAL_352","y","20BA","a","b",239.771578742772,1.10633333333333
"159","RAL_352","y","20BB","b","b",225.39913992776,1.171
"160","RAL_352","y","20BB","b","b",236.178469039019,1.171
"161","RAL_352","y","20BB","b","b",243.364688446525,1.171
"162","RAL_357","n","8CB","b","c",148.495184889797,1.533
"163","RAL_357","n","8CB","b","c",28.6165502642349,1.533
"164","RAL_357","n","8CA","a","c",355.182485968352,1.29366666666667
"165","RAL_357","n","8CB","b","c",45.1515343505193,1.533
"166","RAL_357","n","8CA","a","c",417.188676291918,1.29366666666667
"167","RAL_357","n","8CA","a","c",260.106327472216,1.29366666666667
"168","RAL_358","n","17DB","b","d",212.045385898914,1.23433333333333
"169","RAL_358","n","17DA","a","d",201.575994676461,1.12966666666667
"170","RAL_358","n","17DA","a","d",205.065791750612,1.12966666666667
"171","RAL_358","n","17DB","b","d",205.065791750612,1.23433333333333
"172","RAL_358","n","17DB","b","d",208.555588824763,1.23433333333333
"173","RAL_358","n","17DA","a","d",184.127009305706,1.12966666666667
"174","RAL_360","y","11CB","b","c",278.362736842105,1.142
"175","RAL_360","y","11CA","a","c",247.705089407503,1.25966666666667
"176","RAL_360","y","11CA","a","c",177.431407040794,1.25966666666667
"177","RAL_360","y","11CB","b","c",310.387037593985,1.142
"178","RAL_360","y","11CA","a","c",198.10013714865,1.25966666666667
"179","RAL_360","y","11CB","b","c",294.374887218045,1.142
"180","RAL_361","y","6CB","b","c",198.301984962406,1.05933333333333
"181","RAL_361","y","6CA","a","c",130.490939064958,0.957666666666667
"182","RAL_361","y","6CB","b","c",238.332360902256,1.05933333333333
"183","RAL_361","y","6CA","a","c",115.451413998517,0.957666666666667
"184","RAL_361","y","6CB","b","c",302.380962406015,1.05933333333333
"185","RAL_361","y","6CA","a","c",122.971176531737,0.957666666666667
"186","RAL_362","y","1AA","a","a",296.740305327055,1.074
"187","RAL_362","y","1AA","a","a",280.134927969883,1.074
"188","RAL_362","y","1AA","a","a",246.924173255538,1.074
"190","RAL_365","n","5CB","b","c",499.86359672334,1.24766666666667
"192","RAL_365","n","5CB","b","c",561.869787046906,1.24766666666667
"193","RAL_367","n","22CA","a","c",218.317172932331,1.25266666666667
"194","RAL_367","n","22CA","a","c",310.387037593985,1.25266666666667
"195","RAL_367","n","22CB","b","c",134.250820331568,1.15433333333333
"196","RAL_367","n","22CA","a","c",278.362736842105,1.25266666666667
"197","RAL_367","n","22CB","b","c",303.445477329018,1.15433333333333
"198","RAL_367","n","22CB","b","c",77.8526013324172,1.15433333333333
"199","RAL_371","n","20AA","a","a",154.673895123768,1.1235
"200","RAL_371","n","20AA","a","a",158.060192704581,1.1235
"201","RAL_371","n","20AA","a","a",185.150573351081,1.1235
"202","RAL_373","n","38CA","a","c",379.984962097778,1.13733333333333
"204","RAL_373","n","38CB","b","c",218.317172932331,1.31133333333333
"205","RAL_373","n","38CA","a","c",446.124898442916,1.13733333333333
"206","RAL_373","n","38CB","b","c",258.34754887218,1.31133333333333
"207","RAL_373","n","38CB","b","c",218.317172932331,1.31133333333333
"208","RAL_374","y","3EA","a","e",150.730168929086,1.06766666666667
"209","RAL_374","y","3EB","b","e",198.091871965254,1.16966666666667
"210","RAL_374","y","3EA","a","e",137.198253775894,1.06766666666667
"211","RAL_374","y","3EA","a","e",171.028041658872,1.06766666666667
"212","RAL_374","y","3EB","b","e",177.793999235468,1.16966666666667
"213","RAL_374","y","3EB","b","e",225.155702271637,1.16966666666667
"214","RAL_38","n","1BB","b","b",387.518549248111,1.236
"215","RAL_38","n","1BB","b","b",360.80685788925,1.236
"216","RAL_38","n","1BA","a","b",337.911122438799,1.08133333333333
"217","RAL_38","n","1BA","a","b",345.543034255616,1.08133333333333
"218","RAL_38","n","1BA","a","b",391.334505156519,1.08133333333333
"219","RAL_38","n","1BB","b","b",425.678108332196,1.236
"220","RAL_380","y","27DB","b","d",571.494484536461,1.12666666666667
"221","RAL_380","y","27DB","b","d",529.61691964665,1.12666666666667
"222","RAL_380","y","27DB","b","d",470.290369386083,1.12666666666667
"223","RAL_381","n","9BB","b","b",205.216871081372,1.31233333333333
"224","RAL_381","n","9BB","b","b",194.11366010026,1.31233333333333
"225","RAL_381","n","9BB","b","b",393.971457760289,1.31233333333333
"226","RAL_385","n","25AB","b","a",235.94503706327,1.32466666666667
"227","RAL_385","n","25AA","a","a",391.309904687757,1.31233333333333
"228","RAL_385","n","25AB","b","a",337.533964487647,1.32466666666667
"229","RAL_385","n","25AA","a","a",479.014655702008,1.31233333333333
"230","RAL_385","n","25AA","a","a",313.724932636688,1.31233333333333
"231","RAL_385","n","25AB","b","a",300.284691098709,1.32466666666667
"232","RAL_386","n","1EB","b","e",399.178372385632,1.278
"233","RAL_386","n","1EA","a","e",431.517408357801,1.354
"234","RAL_386","n","1EA","a","e",414.602514416312,1.354
"235","RAL_386","n","1EB","b","e",473.024340304982,1.278
"236","RAL_386","n","1EB","b","e",437.706703473989,1.278
"237","RAL_386","n","1EA","a","e",455.198259875885,1.354
"238","RAL_392","n","3AB","b","a",187.144814769717,1.021
"239","RAL_392","n","3AA","a","a",343.235361927138,1.14433333333333
"240","RAL_392","n","3AA","a","a",346.556437398572,1.14433333333333
"241","RAL_392","n","3AB","b","a",300.061380798489,1.021
"242","RAL_392","n","3AB","b","a",326.629984569965,1.021
"243","RAL_392","n","3AA","a","a",369.803965698613,1.14433333333333
"244","RAL_399","n","6AB","b","a",261.9980753166,1.261
"245","RAL_399","n","6AB","b","a",397.33963752752,1.261
"246","RAL_399","n","6AB","b","a",307.111929386907,1.261
"247","RAL_405","y","19AB","b","a",448.655318812459,1.0965
"248","RAL_405","y","19AA","a","a",169.515102648981,1.16766666666667
"249","RAL_405","y","19AA","a","a",366.941937473623,1.16766666666667
"250","RAL_405","y","19AB","b","a",391.309904687757,1.0965
"251","RAL_405","y","19AA","a","a",381.842075950954,1.16766666666667
"252","RAL_405","y","19AB","b","a",266.499297475168,1.0965
"253","RAL_409","y","23CA","a","c",422.472090225564,1.132
"254","RAL_409","y","23CA","a","c",386.444751879699,1.132
"255","RAL_409","y","23CA","a","c",398.453864661654,1.132
"256","RAL_42","n","20EB","b","e",341.100258699476,1.3
"257","RAL_42","n","20EB","b","e",360.532063941011,1.3
"258","RAL_42","n","20EB","b","e",350.816161320243,1.3
"259","RAL_426","n","35AB","b","a",437.717595240947,1.57233333333333
"260","RAL_426","n","35AB","b","a",460.067802956944,1.57233333333333
"261","RAL_426","n","35AA","a","a",403.014720412958,1.46666666666667
"262","RAL_426","n","35AA","a","a",386.409343055786,1.46666666666667
"263","RAL_426","n","35AB","b","a",374.392006712288,1.57233333333333
"264","RAL_426","n","35AA","a","a",429.583324184434,1.46666666666667
"265","RAL_427","n","30DA","a","d",502.510965614074,1.2325
"266","RAL_427","n","30DA","a","d",472.561563447553,1.2325
"269","RAL_427","n","30DA","a","d",435.95673857736,1.2325
"271","RAL_439","n","36BB","b","b",401.373598414364,1.073
"272","RAL_439","n","36BA","a","b",203.783254440798,1.02566666666667
"273","RAL_439","n","36BB","b","b",197.814730427297,1.073
"274","RAL_439","n","36BB","b","b",519.807848879566,1.073
"275","RAL_439","n","36BA","a","b",178.1718510333,1.02566666666667
"276","RAL_439","n","36BA","a","b",174.513079117943,1.02566666666667
"277","RAL_440","y","19DA","a","d",203.016943948861,1.34866666666667
"278","RAL_440","y","19DB","b","d",351.450014422879,1.42566666666667
"279","RAL_440","y","19DA","a","d",312.831418559439,1.34866666666667
"280","RAL_440","y","19DB","b","d",192.998619524457,1.42566666666667
"281","RAL_440","y","19DB","b","d",369.732867680389,1.42566666666667
"282","RAL_440","y","19DA","a","d",485.872408854896,1.34866666666667
"283","RAL_441","y","25BB","b","b",342.156473181762,1.311
"284","RAL_441","y","25BA","a","b",455.358160967946,1.2315
"285","RAL_441","y","25BB","b","b",419.878950049552,1.311
"286","RAL_441","y","25BA","a","b",423.02017363417,1.2315
"287","RAL_441","y","25BA","a","b",430.206393041676,1.2315
"288","RAL_441","y","25BB","b","b",297.743629257312,1.311
"289","RAL_443","n","12AA","a","a",468.894876738825,1.21433333333333
"290","RAL_443","n","12AB","b","a",435.162280194882,1.329
"291","RAL_443","n","12AB","b","a",425.042501231699,1.329
"292","RAL_443","n","12AB","b","a",522.867031209134,1.329
"293","RAL_443","n","12AA","a","a",465.521617084431,1.21433333333333
"294","RAL_443","n","12AA","a","a",394.683164342151,1.21433333333333
"295","RAL_45","n","15CB","b","c",203.956548407435,1.1935
"296","RAL_45","n","15CB","b","c",195.825045086434,1.1935
"297","RAL_45","n","15CB","b","c",252.745568333439,1.1935
"298","RAL_461","y","27EA","a","e",409.604592211204,1.033
"299","RAL_461","y","27EB","b","e",397.687620474823,1.03633333333333
"300","RAL_461","y","27EB","b","e",441.666344722694,1.03633333333333
"301","RAL_461","y","27EA","a","e",604.98650887726,1.033
"302","RAL_461","y","27EA","a","e",543.929659919118,1.033
"303","RAL_461","y","27EB","b","e",539.77272958333,1.03633333333333
"304","RAL_492","n","37CB","b","c",371.123340127999,1.28366666666667
"305","RAL_492","n","37CB","b","c",386.162865194439,1.28366666666667
"306","RAL_492","n","37CB","b","c",431.281440393759,1.28366666666667
"307","RAL_502","n","4CB","b","c",394.450827067669,1.22133333333333
"308","RAL_502","n","4CB","b","c",410.462977443609,1.22133333333333
"309","RAL_502","n","4CB","b","c",398.453864661654,1.22133333333333
"310","RAL_502","n","4CA","a","c",417.188676291918,0.935666666666667
"311","RAL_502","n","4CA","a","c",396.519946184063,0.935666666666667
"312","RAL_502","n","4CA","a","c",400.653692205634,0.935666666666667
"313","RAL_513","y","20DB","b","d",447.473005614029,1.2
"315","RAL_513","y","20DB","b","d",415.654197899544,1.2
"318","RAL_513","y","20DB","b","d",469.746171014168,1.2
"319","RAL_563","n","19BB","b","b",481.849920007917,1.215
"320","RAL_563","n","19BB","b","b",492.826235753987,1.215
"321","RAL_563","n","19BB","b","b",481.849920007917,1.215
"322","RAL_584","y","18EA","a","e",203.326022686484,1.06833333333333
"323","RAL_584","y","18EA","a","e",206.536716943847,1.06833333333333
"324","RAL_584","y","18EA","a","e",171.219080112854,1.06833333333333
"325","RAL_59","n","15AB","b","a",279.966905613834,1.169
"326","RAL_59","n","15AA","a","a",395.101023361461,1.088
"327","RAL_59","n","15AA","a","a",384.942130619024,1.088
"328","RAL_59","n","15AB","b","a",442.509189492838,1.169
"329","RAL_59","n","15AA","a","a",320.602476583585,1.088
"330","RAL_59","n","15AB","b","a",191.923168512707,1.169
"331","RAL_642","n","12BB","b","b",456.205755599465,1.395
"332","RAL_642","n","12BA","a","b",403.886536608027,1.33866666666667
"333","RAL_642","n","12BB","b","b",521.077006042411,1.395
"334","RAL_642","n","12BA","a","b",393.051551673237,1.33866666666667
"335","RAL_642","n","12BA","a","b",364.158258513797,1.33866666666667
"336","RAL_642","n","12BB","b","b",521.077006042411,1.395
"337","RAL_69","y","36DA","a","d",449.351586941178,1.30566666666667
"338","RAL_69","y","36DB","b","d",595.030722084779,1.31333333333333
"339","RAL_703","n","17EB","b","e",450.727155727156,1.1535
"340","RAL_703","n","17EB","b","e",463.140283140283,1.1535
"341","RAL_703","n","17EA","a","e",273.416040306922,1.22
"342","RAL_703","n","17EA","a","e",415.918698672139,1.22
"343","RAL_703","n","17EB","b","e",388.661518661519,1.1535
"344","RAL_703","n","17EA","a","e",358.311241035136,1.22
"345","RAL_712","y","12DB","b","d",208.831947755392,1.067
"346","RAL_712","y","12DB","b","d",196.104424669598,1.067
"347","RAL_712","y","12DA","a","d",232.966346115382,1.089
"348","RAL_712","y","12DA","a","d",199.689232597025,1.089
"349","RAL_712","y","12DA","a","d",246.277191522725,1.089
"350","RAL_712","y","12DB","b","d",205.650066983944,1.067
"351","RAL_714","n","7AB","b","a",346.556437398572,1.023
"352","RAL_714","n","7AA","a","a",310.024607212793,1.00266666666667
"353","RAL_714","n","7AA","a","a",339.914286455703,1.00266666666667
"354","RAL_714","n","7AB","b","a",173.860512883979,1.023
"355","RAL_714","n","7AB","b","a",286.777078912752,1.023
"356","RAL_714","n","7AA","a","a",316.666758155662,1.00266666666667
"357","RAL_721","y","32AB","b","a",452.668082235275,1.39533333333333
"358","RAL_721","y","32AB","b","a",412.032511265524,1.39533333333333
"359","RAL_721","y","32AB","b","a",418.80510642715,1.39533333333333
"360","RAL_73","y","16CB","b","c",594.268707815471,1.112
"361","RAL_73","y","16CB","b","c",594.268707815471,1.112
"362","RAL_73","y","16CB","b","c",545.479687889466,1.112
"363","RAL_737","y","9EA","a","e",382.12901018004,1.30566666666667
"364","RAL_737","y","9EA","a","e",440.133016690276,1.30566666666667
"365","RAL_737","y","9EA","a","e",366.864797940505,1.30566666666667
"366","RAL_738","y","31AA","a","a",190.465890241152,1.27366666666667
"367","RAL_738","y","31AB","b","a",515.943322246937,1.42433333333333
"368","RAL_738","y","31AA","a","a",280.134927969883,1.27366666666667
"369","RAL_738","y","31AB","b","a",486.143045292274,1.42433333333333
"370","RAL_738","y","31AB","b","a",210.490483461642,1.42433333333333
"371","RAL_738","y","31AA","a","a",329.9510600414,1.27366666666667
"372","RAL_748","y","22DB","b","d",313.249501049291,1.18133333333333
"373","RAL_748","y","22DA","a","d",546.111309528932,1.11366666666667
"374","RAL_748","y","22DA","a","d",472.928051785617,1.11366666666667
"375","RAL_748","y","22DA","a","d",581.111998014865,1.11366666666667
"376","RAL_748","y","22DB","b","d",421.43321034797,1.18133333333333
"377","RAL_748","y","22DB","b","d",421.43321034797,1.18133333333333
"379","RAL_765","n","14CA","a","c",247.705089407503,1.235
"380","RAL_765","n","14CA","a","c",260.106327472216,1.235
"381","RAL_776","y","32BB","b","b",306.228868070789,1.2063333325
"382","RAL_776","y","32BA","a","b",236.178469039019,1.16066666666667
"383","RAL_776","y","32BA","a","b",239.771578742772,1.16066666666667
"384","RAL_776","y","32BA","a","b",250.550907854031,1.16066666666667
"385","RAL_776","y","32BB","b","b",255.006061255793,1.2063333325
"386","RAL_776","y","32BB","b","b",207.442026356154,1.2063333325
"387","RAL_783","y","29AB","b","a",307.341383564297,1.382
"388","RAL_783","y","29AB","b","a",288.716210467632,1.382
"389","RAL_783","y","29AA","a","a",355.766833615624,1.35833333333333
"390","RAL_783","y","29AB","b","a",236.565725796972,1.382
"391","RAL_783","y","29AA","a","a",359.491868234957,1.35833333333333
"392","RAL_783","y","29AA","a","a",307.341383564297,1.35833333333333
"393","RAL_786","y","10AA","a","a",404.192283666951,1.08333333333333
"394","RAL_786","y","10AB","b","a",428.963999169587,1.141
"395","RAL_786","y","10AA","a","a",158.339998790982,1.08333333333333
"396","RAL_786","y","10AA","a","a",452.617733718279,1.08333333333333
"397","RAL_786","y","10AB","b","a",618.596663695092,1.141
"398","RAL_786","y","10AB","b","a",662.618532245655,1.141
"399","RAL_796","y","18BA","a","b",253.96009245381,1.226
"400","RAL_796","y","18BA","a","b",433.310020149013,1.226
"401","RAL_796","y","18BB","b","b",426.968341277564,1.21133333333333
"402","RAL_796","y","18BB","b","b",364.769218716498,1.21133333333333
"403","RAL_796","y","18BB","b","b",258.66483317115,1.21133333333333
"404","RAL_796","y","18BA","a","b",231.064357003359,1.226
"405","RAL_801","y","10EA","a","e",465.347196240779,1.16333333333333
"406","RAL_801","y","10EB","b","e",432.107464607465,1.23366666666667
"407","RAL_801","y","10EB","b","e",500.379665379665,1.23366666666667
"408","RAL_801","y","10EA","a","e",387.53868410993,1.16333333333333
"409","RAL_801","y","10EA","a","e",448.43230229929,1.16333333333333
"410","RAL_801","y","10EB","b","e",413.487773487773,1.23366666666667
"411","RAL_805","y","34DB","b","d",330.120018955783,1.28666666666667
"412","RAL_805","y","34DB","b","d",199.092903943627,1.28666666666667
"414","RAL_808","n","13DA","a","d",399.744794042302,1.32766666666667
"415","RAL_808","n","13DA","a","d",406.108555585199,1.32766666666667
"416","RAL_808","n","13DB","b","d",514.292501814447,1.37966666666667
"417","RAL_808","n","13DB","b","d",530.20190567169,1.37966666666667
"418","RAL_808","n","13DB","b","d",469.746171014168,1.37966666666667
"419","RAL_808","n","13DA","a","d",393.381032499405,1.32766666666667
"420","RAL_810","n","14AA","a","a",364.323827452602,1.17466666666667
"421","RAL_810","n","14AA","a","a",300.231894019111,1.17466666666667
"422","RAL_810","n","14AA","a","a",303.605153673505,1.17466666666667
"423","RAL_810","n","14AB","b","a",173.240137268314,1.07233333333333
"424","RAL_810","n","14AB","b","a",214.215518080975,1.07233333333333
"425","RAL_810","n","14AB","b","a",370.666972092956,1.07233333333333
"426","RAL_819","y","4AA","a","a",341.814894056373,0.8465
"427","RAL_819","y","4AA","a","a",275.879261184387,0.8465
"428","RAL_819","y","4AB","b","a",346.556437398572,0.9355
"429","RAL_819","y","4AA","a","a",338.344597589426,0.8465
"430","RAL_819","y","4AB","b","a",373.125041170048,0.9355
"431","RAL_819","y","4AB","b","a",369.803965698613,0.9355
"432","RAL_821","y","21AA","a","a",411.549462614122,1.232
"433","RAL_821","y","21AB","b","a",411.549462614122,1.308
"434","RAL_821","y","21AA","a","a",357.577308143814,1.232
"435","RAL_821","y","21AA","a","a",283.36559574714,1.232
"436","RAL_821","y","21AB","b","a",435.162280194882,1.308
"437","RAL_821","y","21AB","b","a",465.521617084431,1.308
"438","RAL_822","y","16AB","b","a",307.341383564297,1.07966666666667
"439","RAL_822","y","16AB","b","a",288.716210467632,1.07966666666667
"440","RAL_822","y","16AB","b","a",407.917318286284,1.07966666666667
"441","RAL_822","y","16AA","a","a",381.555833038211,1.12933333333333
"442","RAL_822","y","16AA","a","a",320.602476583585,1.12933333333333
"443","RAL_822","y","16AA","a","a",296.898393517897,1.12933333333333
"444","RAL_83","n","7BA","a","b",223.72222271656,1.136
"445","RAL_83","n","7BB","b","b",268.516456372795,1.221
"446","RAL_83","n","7BB","b","b",293.668224299066,1.221
"447","RAL_83","n","7BB","b","b",527.220355043004,1.221
"448","RAL_83","n","7BA","a","b",279.238277622124,1.136
"449","RAL_837","y","36AA","a","a",377.816866070179,1.25766666666667
"450","RAL_837","y","36AA","a","a",360.950567798208,1.25766666666667
"451","RAL_837","y","36AA","a","a",374.443606415785,1.25766666666667
"452","RAL_843","n","24BA","a","b",335.264965354358,1.17166666666667
"453","RAL_843","n","24BA","a","b",346.099950289148,1.17166666666667
"454","RAL_843","n","24BA","a","b",385.828228383377,1.17166666666667
"455","RAL_843","n","24BB","b","b",513.445094225593,1.24433333333333
"456","RAL_843","n","24BB","b","b",555.420609218088,1.24433333333333
"457","RAL_843","n","24BB","b","b",452.389799691056,1.24433333333333
"458","RAL_849","n","16DA","a","d",390.025036680612,1.28
"459","RAL_849","n","16DA","a","d",320.229095197593,1.28
"460","RAL_849","n","16DA","a","d",267.882139085329,1.28
"461","RAL_85","n","25DA","a","d",361.56222478492,1.15033333333333
"462","RAL_85","n","25DB","b","d",525.804945076924,1.219444445
"463","RAL_85","n","25DB","b","d",465.906140743882,1.219444445
"464","RAL_85","n","25DA","a","d",383.835390185059,1.15033333333333
"465","RAL_85","n","25DA","a","d",406.108555585199,1.15033333333333
"466","RAL_85","n","25DB","b","d",429.301315873689,1.219444445
"467","RAL_852","y","25CA","a","c",189.832645105508,0.993333333333333
"468","RAL_852","y","25CB","b","c",216.153803388936,1.06666666666667
"469","RAL_852","y","25CA","a","c",198.10013714865,0.993333333333333
"470","RAL_852","y","25CB","b","c",240.548313351938,1.06666666666667
"472","RAL_852","y","25CB","b","c",199.890796746934,1.06666666666667
"473","RAL_855","y","19CB","b","c",248.679816672939,1.251
"474","RAL_855","y","19CB","b","c",273.074326635941,1.251
"475","RAL_855","y","19CB","b","c",269.008574975441,1.251
"476","RAL_855","y","19CA","a","c",404.962271527489,1.307
"477","RAL_855","y","19CA","a","c",280.886189729358,1.307
"478","RAL_855","y","19CA","a","c",341.044289995119,1.307
"479","RAL_857","y","38DB","b","d",434.496009216625,1.33033333333333
"480","RAL_857","y","38DA","a","d",381.921436518729,1.270444445
"481","RAL_857","y","38DA","a","d",406.298574195409,1.270444445
"482","RAL_857","y","38DB","b","d",312.489627436829,1.33033333333333
"483","RAL_857","y","38DA","a","d",348.402872213294,1.270444445
"484","RAL_857","y","38DB","b","d",399.178372385632,1.33033333333333
"485","RAL_861","y","11AB","b","a",300.284691098709,1.203
"486","RAL_861","y","11AB","b","a",198.695763674332,1.203
"487","RAL_861","y","11AB","b","a",374.783237876586,1.203
"488","RAL_879","y","18DA","a","d",348.1474717908,1.199
"489","RAL_879","y","18DA","a","d",239.963762492121,1.199
"490","RAL_879","y","18DB","b","d",253.378278555671,1.244
"491","RAL_879","y","18DB","b","d",275.651443955811,1.244
"492","RAL_879","y","18DA","a","d",271.37193615948,1.199
"493","RAL_879","y","18DB","b","d",339.28905938478,1.244
"494","RAL_882","y","26AB","b","a",411.549462614122,1.14933333333333
"495","RAL_882","y","26AB","b","a",475.641396047613,1.14933333333333
"496","RAL_882","y","26AB","b","a",479.014655702008,1.14933333333333
"497","RAL_882","y","26AA","a","a",378.117041331621,1.07866666666667
"498","RAL_882","y","26AA","a","a",452.617733718279,1.07866666666667
"499","RAL_882","y","26AA","a","a",311.06641818363,1.07866666666667
"500","RAL_884","y","3BA","a","b",139.164507037691,0.894666666666667
"501","RAL_884","y","3BA","a","b",236.178469039019,0.894666666666667
"502","RAL_884","y","3BA","a","b",60.1160935551273,0.894666666666667
"503","RAL_884","y","3BB","b","b",189.14816677937,1.052
"504","RAL_884","y","3BB","b","b",145.242903795088,1.052
"505","RAL_884","y","3BB","b","b",306.228868070789,1.052
"506","RAL_890","y","31BA","a","b",458.951270671699,1.11233333333333
"507","RAL_890","y","31BA","a","b",423.02017363417,1.11233333333333
"508","RAL_890","y","31BB","b","b",513.445094225593,1.18166666666667
"509","RAL_890","y","31BB","b","b",429.494064240605,1.18166666666667
"510","RAL_890","y","31BB","b","b",456.205755599465,1.18166666666667
"511","RAL_890","y","31BA","a","b",735.620717860672,1.11233333333333
"512","RAL_897","y","33BA","a","b",97.5059002090591,1.027
"513","RAL_897","y","33BA","a","b",353.174946072433,1.027
"514","RAL_897","y","33BB","b","b",375.466106125101,1.02966666666667
"515","RAL_897","y","33BB","b","b",405.074668741401,1.02966666666667
"516","RAL_897","y","33BA","a","b",391.334505156519,1.027
"517","RAL_897","y","33BB","b","b",430.982161030664,1.02966666666667
"518","RAL_900","n","35DA","a","d",308.790023488688,1.12066666666667
"519","RAL_900","n","35DA","a","d",250.894321506573,1.12066666666667
"520","RAL_900","n","35DA","a","d",208.234330572382,1.12066666666667
"522","RAL_907","n","15BA","a","b",401.356937870066,1.17177777833333
"523","RAL_907","n","15BA","a","b",357.451674885784,1.17177777833333
"525","RAL_907","n","15BA","a","b",247.688517425079,1.17177777833333
"527","RAL_908","n","12CB","b","c",411.309883092954,1.295
"528","RAL_908","n","12CB","b","c",407.244131432453,1.295
"529","RAL_908","n","12CA","a","c",553.611191210467,1.291
"530","RAL_908","n","12CA","a","c",549.545439549966,1.291
"531","RAL_908","n","12CB","b","c",439.770144716456,1.295
"532","RAL_908","n","12CA","a","c",447.901648037457,1.291
"533","RAL_91","n","1CA","a","c",198.10013714865,1.26466666666667
"534","RAL_91","n","1CA","a","c",127.826454781941,1.26466666666667
"535","RAL_91","n","1CA","a","c",185.698899083937,1.26466666666667
"536","RAL_911","n","24EB","b","e",478.87911139397,1.18066666666667
"537","RAL_911","n","24EB","b","e",455.198259875885,1.18066666666667
"538","RAL_911","n","24EB","b","e",482.262090182268,1.18066666666667
