"","RAL","wolb","weight.5.flies","trt","day","PC1","PC2","PC3","Code"
"1","RAL_105","n",0.985,"a","c",0.8007566623,-0.670900444,0.7110521943,"10CA"
"2","RAL_105","n",1.013,"b","c",0.8007566623,-0.670900444,0.7110521943,"10CB"
"3","RAL_105","n",0.98,"a","c",0.8007566623,-0.670900444,0.7110521943,"10CA"
"4","RAL_105","n",1.023,"a","c",0.8007566623,-0.670900444,0.7110521943,"10CA"
"5","RAL_105","n",1.016,"b","c",0.8007566623,-0.670900444,0.7110521943,"10CB"
"6","RAL_105","n",0.922,"b","c",0.8007566623,-0.670900444,0.7110521943,"10CB"
"7","RAL_109","n",1.172,"b","b",-2.0454221641,1.492135188,3.8699410551,"6BB"
"8","RAL_109","n",1.104,"b","b",-2.0454221641,1.492135188,3.8699410551,"6BB"
"9","RAL_109","n",1.195,"a","b",-2.0454221641,1.492135188,3.8699410551,"6BA"
"10","RAL_109","n",1.067,"b","b",-2.0454221641,1.492135188,3.8699410551,"6BB"
"11","RAL_109","n",1.15,"a","b",-2.0454221641,1.492135188,3.8699410551,"6BA"
"12","RAL_109","n",1.082,"a","b",-2.0454221641,1.492135188,3.8699410551,"6BA"
"13","RAL_129","n",1.13,"b","e",2.5880903878,-1.3007959314,1.3207576032,"28EB"
"14","RAL_129","n",1.17,"a","e",2.5880903878,-1.3007959314,1.3207576032,"28EA"
"15","RAL_129","n",1.064,"a","e",2.5880903878,-1.3007959314,1.3207576032,"28EA"
"16","RAL_129","n",1.112,"a","e",2.5880903878,-1.3007959314,1.3207576032,"28EA"
"17","RAL_136","y",1.205,"a","b",2.4089939227,2.7428057063,0.2064697447,"26BA"
"18","RAL_136","y",1.162,"a","b",2.4089939227,2.7428057063,0.2064697447,"26BA"
"19","RAL_136","y",1.245,"b","b",2.4089939227,2.7428057063,0.2064697447,"26BB"
"20","RAL_136","y",1.23,"b","b",2.4089939227,2.7428057063,0.2064697447,"26BB"
"21","RAL_136","y",1.25,"b","b",2.4089939227,2.7428057063,0.2064697447,"26BB"
"22","RAL_136","y",1.191,"a","b",2.4089939227,2.7428057063,0.2064697447,"26BA"
"23","RAL_149","y",1.264,"a","d",4.1715257394,-0.5132467317,3.1698344358,"28DA"
"24","RAL_149","y",1.135,"b","d",4.1715257394,-0.5132467317,3.1698344358,"28DB"
"25","RAL_149","y",1.15,"b","d",4.1715257394,-0.5132467317,3.1698344358,"28DB"
"26","RAL_149","y",1.284,"a","d",4.1715257394,-0.5132467317,3.1698344358,"28DA"
"27","RAL_149","y",1.225,"a","d",4.1715257394,-0.5132467317,3.1698344358,"28DA"
"28","RAL_149","y",1.194,"b","d",4.1715257394,-0.5132467317,3.1698344358,"28DB"
"29","RAL_153","y",1.282,"a","c",2.7654805447,-2.0650878729,1.2230809966,"21CA"
"30","RAL_153","y",1.234,"a","c",2.7654805447,-2.0650878729,1.2230809966,"21CA"
"31","RAL_153","y",1.208,"a","c",2.7654805447,-2.0650878729,1.2230809966,"21CA"
"32","RAL_153","y",1.38,"b","c",2.7654805447,-2.0650878729,1.2230809966,"21CB"
"33","RAL_158","n",1.321,"b","e",3.2373962743,-0.9516375487,3.3748523325,"29EB"
"34","RAL_158","n",1.252,"b","e",3.2373962743,-0.9516375487,3.3748523325,"29EB"
"35","RAL_158","n",1.225,"a","e",3.2373962743,-0.9516375487,3.3748523325,"29EA"
"36","RAL_158","n",1.379,"b","e",3.2373962743,-0.9516375487,3.3748523325,"29EB"
"37","RAL_158","n",1.255,"a","e",3.2373962743,-0.9516375487,3.3748523325,"29EA"
"38","RAL_158","n",1.327,"a","e",3.2373962743,-0.9516375487,3.3748523325,"29EA"
"39","RAL_161","n",0.998,"b","a",-0.4650526995,2.1777294328,4.0839441417,"17AB"
"40","RAL_161","n",0.999,"b","a",-0.4650526995,2.1777294328,4.0839441417,"17AB"
"41","RAL_161","n",0.866,"a","a",-0.4650526995,2.1777294328,4.0839441417,"17AA"
"42","RAL_161","n",1.034,"b","a",-0.4650526995,2.1777294328,4.0839441417,"17AB"
"43","RAL_161","n",0.982,"a","a",-0.4650526995,2.1777294328,4.0839441417,"17AA"
"44","RAL_161","n",0.926,"a","a",-0.4650526995,2.1777294328,4.0839441417,"17AA"
"45","RAL_176","y",0.975,"a","c",2.5809187054,-1.4984848163,3.3774113882,"7CA"
"46","RAL_176","y",0.938,"a","c",2.5809187054,-1.4984848163,3.3774113882,"7CA"
"47","RAL_176","y",1.052,"b","c",2.5809187054,-1.4984848163,3.3774113882,"7CB"
"48","RAL_176","y",0.984,"a","c",2.5809187054,-1.4984848163,3.3774113882,"7CA"
"49","RAL_176","y",1.123,"b","c",2.5809187054,-1.4984848163,3.3774113882,"7CB"
"50","RAL_176","y",1.027,"b","c",2.5809187054,-1.4984848163,3.3774113882,"7CB"
"51","RAL_195","n",1.214,"a","d",1.4971392868,0.3318053419,7.5907996439,"26DA"
"52","RAL_195","n",1.185,"a","d",1.4971392868,0.3318053419,7.5907996439,"26DA"
"53","RAL_195","n",1.201,"a","d",1.4971392868,0.3318053419,7.5907996439,"26DA"
"54","RAL_208","n",1.144,"a","b",3.3050997196,-3.897478655,11.4324293636,"14BA"
"55","RAL_208","n",1.171,"b","b",3.3050997196,-3.897478655,11.4324293636,"14BB"
"56","RAL_208","n",1.13,"b","b",3.3050997196,-3.897478655,11.4324293636,"14BB"
"57","RAL_208","n",1.341,"a","b",3.3050997196,-3.897478655,11.4324293636,"14BA"
"58","RAL_208","n",1.246,"a","b",3.3050997196,-3.897478655,11.4324293636,"14BA"
"59","RAL_208","n",1.262,"b","b",3.3050997196,-3.897478655,11.4324293636,"14BB"
"60","RAL_217","n",1.056,"b","d",3.2803531954,-3.2946265989,5.3025421146,"33DB"
"61","RAL_217","n",1.027,"a","d",3.2803531954,-3.2946265989,5.3025421146,"33DA"
"62","RAL_217","n",1.039,"a","d",3.2803531954,-3.2946265989,5.3025421146,"33DA"
"63","RAL_217","n",1.023,"b","d",3.2803531954,-3.2946265989,5.3025421146,"33DB"
"64","RAL_217","n",1.076,"a","d",3.2803531954,-3.2946265989,5.3025421146,"33DA"
"65","RAL_217","n",1.028,"b","d",3.2803531954,-3.2946265989,5.3025421146,"33DB"
"66","RAL_223","y",1.524,"b","d",2.0514381614,-2.2710798279,5.3069482788,"10DB"
"67","RAL_223","y",1.396,"a","d",2.0514381614,-2.2710798279,5.3069482788,"10DA"
"68","RAL_223","y",1.495833335,"b","d",2.0514381614,-2.2710798279,5.3069482788,"10DB"
"69","RAL_223","y",1.451,"a","d",2.0514381614,-2.2710798279,5.3069482788,"10DA"
"70","RAL_223","y",1.457,"b","d",2.0514381614,-2.2710798279,5.3069482788,"10DB"
"71","RAL_223","y",1.325,"a","d",2.0514381614,-2.2710798279,5.3069482788,"10DA"
"72","RAL_228","n",1.016,"a","a",4.2201820944,-1.0287472701,17.9929751359,"5AA"
"73","RAL_228","n",1.11,"b","a",4.2201820944,-1.0287472701,17.9929751359,"5AB"
"74","RAL_228","n",1.038,"a","a",4.2201820944,-1.0287472701,17.9929751359,"5AA"
"75","RAL_228","n",1.161,"b","a",4.2201820944,-1.0287472701,17.9929751359,"5AB"
"76","RAL_228","n",1.021,"a","a",4.2201820944,-1.0287472701,17.9929751359,"5AA"
"77","RAL_228","n",1.188,"b","a",4.2201820944,-1.0287472701,17.9929751359,"5AB"
"78","RAL_235","y",1.227,"a","b",2.7838806985,-2.1901587615,5.12883166,"27BA"
"79","RAL_235","y",1.309,"b","b",2.7838806985,-2.1901587615,5.12883166,"27BB"
"80","RAL_235","y",1.098,"a","b",2.7838806985,-2.1901587615,5.12883166,"27BA"
"81","RAL_235","y",1.3,"b","b",2.7838806985,-2.1901587615,5.12883166,"27BB"
"82","RAL_235","y",1.096,"a","b",2.7838806985,-2.1901587615,5.12883166,"27BA"
"83","RAL_235","y",1.175,"b","b",2.7838806985,-2.1901587615,5.12883166,"27BB"
"84","RAL_237","y",1.192,"b","e",1.8700110648,-2.3166032848,1.4092720991,"19EB"
"85","RAL_237","y",1.093,"b","e",1.8700110648,-2.3166032848,1.4092720991,"19EB"
"86","RAL_237","y",1.157,"a","e",1.8700110648,-2.3166032848,1.4092720991,"19EA"
"87","RAL_237","y",1.141,"a","e",1.8700110648,-2.3166032848,1.4092720991,"19EA"
"88","RAL_237","y",1.166,"b","e",1.8700110648,-2.3166032848,1.4092720991,"19EB"
"89","RAL_237","y",1.108,"a","e",1.8700110648,-2.3166032848,1.4092720991,"19EA"
"90","RAL_239","n",1.17,"a","a",3.8345012542,-1.7744141422,3.4798694812,"8AA"
"91","RAL_239","n",1.206,"a","a",3.8345012542,-1.7744141422,3.4798694812,"8AA"
"92","RAL_239","n",1.198,"a","a",3.8345012542,-1.7744141422,3.4798694812,"8AA"
"93","RAL_239","n",1.28,"b","a",3.8345012542,-1.7744141422,3.4798694812,"8AB"
"94","RAL_239","n",1.256666665,"b","a",3.8345012542,-1.7744141422,3.4798694812,"8AB"
"95","RAL_239","n",1.274,"b","a",3.8345012542,-1.7744141422,3.4798694812,"8AB"
"96","RAL_26","n",1.126,"a","b",1.6836228414,0.3948215362,7.8317682183,"5BA"
"97","RAL_26","n",1.082,"a","b",1.6836228414,0.3948215362,7.8317682183,"5BA"
"98","RAL_26","n",1.284,"b","b",1.6836228414,0.3948215362,7.8317682183,"5BB"
"99","RAL_26","n",1.217,"b","b",1.6836228414,0.3948215362,7.8317682183,"5BB"
"100","RAL_26","n",1.069,"a","b",1.6836228414,0.3948215362,7.8317682183,"5BA"
"101","RAL_26","n",1.215,"b","b",1.6836228414,0.3948215362,7.8317682183,"5BB"
"102","RAL_28","n",1.214,"b","a",4.2079547047,-2.7684103244,0.1834968007,"22AB"
"103","RAL_28","n",1.245,"b","a",4.2079547047,-2.7684103244,0.1834968007,"22AB"
"104","RAL_28","n",1.208,"a","a",4.2079547047,-2.7684103244,0.1834968007,"22AA"
"105","RAL_28","n",1.257,"a","a",4.2079547047,-2.7684103244,0.1834968007,"22AA"
"106","RAL_28","n",1.313,"b","a",4.2079547047,-2.7684103244,0.1834968007,"22AB"
"107","RAL_28","n",1.21,"a","a",4.2079547047,-2.7684103244,0.1834968007,"22AA"
"108","RAL_280","y",1.287,"b","b",4.621267535,-0.8172958278,5.6998749849,"2BB"
"109","RAL_280","y",1.235,"b","b",4.621267535,-0.8172958278,5.6998749849,"2BB"
"110","RAL_280","y",1.19,"b","b",4.621267535,-0.8172958278,5.6998749849,"2BB"
"111","RAL_303","n",1.236,"b","a",4.5374319595,1.4810393032,-1.7416842119,"34AB"
"112","RAL_303","n",1.276,"b","a",4.5374319595,1.4810393032,-1.7416842119,"34AB"
"113","RAL_303","n",1.314,"b","a",4.5374319595,1.4810393032,-1.7416842119,"34AB"
"114","RAL_304","y",1.39,"a","b",4.8718834103,1.1762920286,-1.0148309627,"8BA"
"115","RAL_304","y",1.336,"a","b",4.8718834103,1.1762920286,-1.0148309627,"8BA"
"116","RAL_304","y",1.385,"a","b",4.8718834103,1.1762920286,-1.0148309627,"8BA"
"117","RAL_306","y",1.602,"b","d",4.5251828682,1.4802207716,-1.718953211,"39DB"
"118","RAL_306","y",1.562,"b","d",4.5251828682,1.4802207716,-1.718953211,"39DB"
"119","RAL_306","y",1.6,"b","d",4.5251828682,1.4802207716,-1.718953211,"39DB"
"120","RAL_309","n",1.22,"b","d",0.3343129916,-1.0795967586,1.471627297,"21DB"
"121","RAL_309","n",1.221,"a","d",0.3343129916,-1.0795967586,1.471627297,"21DA"
"122","RAL_309","n",1.222,"a","d",0.3343129916,-1.0795967586,1.471627297,"21DA"
"123","RAL_309","n",1.229,"a","d",0.3343129916,-1.0795967586,1.471627297,"21DA"
"124","RAL_309","n",1.275,"b","d",0.3343129916,-1.0795967586,1.471627297,"21DB"
"125","RAL_309","n",1.236,"b","d",0.3343129916,-1.0795967586,1.471627297,"21DB"
"126","RAL_315","n",1.055,"a","b",4.5878523977,-0.9172266966,6.3584233478,"35BA"
"127","RAL_315","n",1.114,"a","b",4.5878523977,-0.9172266966,6.3584233478,"35BA"
"128","RAL_317","y",0.96,"a","b",-2.3677142077,-5.6384500733,0.7138318599,"21BA"
"129","RAL_317","y",1.004,"a","b",-2.3677142077,-5.6384500733,0.7138318599,"21BA"
"130","RAL_317","y",0.932,"a","b",-2.3677142077,-5.6384500733,0.7138318599,"21BA"
"131","RAL_318","y",1.323,"b","d",-0.918998435,-6.7700442757,0.857450393,"15DB"
"132","RAL_318","y",1.407,"b","d",-0.918998435,-6.7700442757,0.857450393,"15DB"
"133","RAL_318","y",1.159,"a","d",-0.918998435,-6.7700442757,0.857450393,"15DA"
"134","RAL_318","y",1.374,"b","d",-0.918998435,-6.7700442757,0.857450393,"15DB"
"135","RAL_318","y",1.125,"a","d",-0.918998435,-6.7700442757,0.857450393,"15DA"
"136","RAL_318","y",1.176,"a","d",-0.918998435,-6.7700442757,0.857450393,"15DA"
"137","RAL_319","y",1.234,"a","e",1.8646065893,-1.2539165003,2.1576523465,"4EA"
"138","RAL_319","y",1.205,"a","e",1.8646065893,-1.2539165003,2.1576523465,"4EA"
"139","RAL_319","y",1.209,"a","e",1.8646065893,-1.2539165003,2.1576523465,"4EA"
"140","RAL_319","y",1.35625,"b","e",1.8646065893,-1.2539165003,2.1576523465,"4EB"
"143","RAL_321","y",1.232,"b","e",1.3272133903,3.9365495341,-2.9141323441,"21EB"
"145","RAL_321","y",1.168,"b","e",1.3272133903,3.9365495341,-2.9141323441,"21EB"
"146","RAL_321","y",1.212,"b","e",1.3272133903,3.9365495341,-2.9141323441,"21EB"
"147","RAL_338","y",1.207,"a","c",4.1066589317,-0.8779079235,2.5747077763,"36CA"
"148","RAL_338","y",1.384,"a","c",4.1066589317,-0.8779079235,2.5747077763,"36CA"
"149","RAL_338","y",1.451,"b","c",4.1066589317,-0.8779079235,2.5747077763,"36CB"
"150","RAL_338","y",1.347,"a","c",4.1066589317,-0.8779079235,2.5747077763,"36CA"
"151","RAL_338","y",1.334,"b","c",4.1066589317,-0.8779079235,2.5747077763,"36CB"
"152","RAL_338","y",1.473,"b","c",4.1066589317,-0.8779079235,2.5747077763,"36CB"
"153","RAL_340","y",1.308,"a","b",3.6550925603,-3.7272000484,4.2080735878,"10BA"
"154","RAL_340","y",1.355,"b","b",3.6550925603,-3.7272000484,4.2080735878,"10BB"
"155","RAL_340","y",1.428,"b","b",3.6550925603,-3.7272000484,4.2080735878,"10BB"
"156","RAL_340","y",1.231,"a","b",3.6550925603,-3.7272000484,4.2080735878,"10BA"
"157","RAL_340","y",1.332,"b","b",3.6550925603,-3.7272000484,4.2080735878,"10BB"
"158","RAL_340","y",1.236,"a","b",3.6550925603,-3.7272000484,4.2080735878,"10BA"
"159","RAL_350","n",1.135,"b","e",3.5729465471,14.1621230957,-11.2114729563,"5EB"
"160","RAL_350","n",0.993,"a","e",3.5729465471,14.1621230957,-11.2114729563,"5EA"
"161","RAL_350","n",1.031,"a","e",3.5729465471,14.1621230957,-11.2114729563,"5EA"
"162","RAL_350","n",1.1,"a","e",3.5729465471,14.1621230957,-11.2114729563,"5EA"
"163","RAL_350","n",1.094,"b","e",3.5729465471,14.1621230957,-11.2114729563,"5EB"
"164","RAL_350","n",1.143,"b","e",3.5729465471,14.1621230957,-11.2114729563,"5EB"
"165","RAL_352","y",1.053,"a","b",6.4581894791,25.4450967128,-32.3191301478,"20BA"
"166","RAL_352","y",1.149,"a","b",6.4581894791,25.4450967128,-32.3191301478,"20BA"
"167","RAL_352","y",1.141,"b","b",6.4581894791,25.4450967128,-32.3191301478,"20BB"
"168","RAL_352","y",1.186,"b","b",6.4581894791,25.4450967128,-32.3191301478,"20BB"
"169","RAL_352","y",1.186,"b","b",6.4581894791,25.4450967128,-32.3191301478,"20BB"
"170","RAL_352","y",1.117,"a","b",6.4581894791,25.4450967128,-32.3191301478,"20BA"
"171","RAL_357","n",1.463,"b","c",0.7079289763,-0.404120437,5.1727841738,"8CB"
"172","RAL_357","n",1.697,"b","c",0.7079289763,-0.404120437,5.1727841738,"8CB"
"173","RAL_357","n",1.334,"a","c",0.7079289763,-0.404120437,5.1727841738,"8CA"
"174","RAL_357","n",1.439,"b","c",0.7079289763,-0.404120437,5.1727841738,"8CB"
"175","RAL_357","n",1.31,"a","c",0.7079289763,-0.404120437,5.1727841738,"8CA"
"176","RAL_357","n",1.237,"a","c",0.7079289763,-0.404120437,5.1727841738,"8CA"
"177","RAL_358","n",1.138,"a","d",4.1448833406,15.8209609883,-11.8793299434,"17DA"
"178","RAL_358","n",1.087,"a","d",4.1448833406,15.8209609883,-11.8793299434,"17DA"
"179","RAL_358","n",1.253,"b","d",4.1448833406,15.8209609883,-11.8793299434,"17DB"
"180","RAL_358","n",1.215,"b","d",4.1448833406,15.8209609883,-11.8793299434,"17DB"
"181","RAL_358","n",1.164,"a","d",4.1448833406,15.8209609883,-11.8793299434,"17DA"
"182","RAL_358","n",1.235,"b","d",4.1448833406,15.8209609883,-11.8793299434,"17DB"
"183","RAL_360","y",1.217,"a","c",3.9540966412,-4.9331006533,4.971154244,"11CA"
"184","RAL_360","y",1.148,"b","c",3.9540966412,-4.9331006533,4.971154244,"11CB"
"185","RAL_360","y",1.247,"a","c",3.9540966412,-4.9331006533,4.971154244,"11CA"
"186","RAL_360","y",1.124,"b","c",3.9540966412,-4.9331006533,4.971154244,"11CB"
"187","RAL_360","y",1.154,"b","c",3.9540966412,-4.9331006533,4.971154244,"11CB"
"188","RAL_360","y",1.315,"a","c",3.9540966412,-4.9331006533,4.971154244,"11CA"
"189","RAL_361","y",0.973,"a","c",-0.6055056132,-10.0253122536,4.8349772209,"6CA"
"190","RAL_361","y",0.966,"a","c",-0.6055056132,-10.0253122536,4.8349772209,"6CA"
"191","RAL_361","y",1.021,"b","c",-0.6055056132,-10.0253122536,4.8349772209,"6CB"
"192","RAL_361","y",0.934,"a","c",-0.6055056132,-10.0253122536,4.8349772209,"6CA"
"193","RAL_361","y",1.115,"b","c",-0.6055056132,-10.0253122536,4.8349772209,"6CB"
"194","RAL_361","y",1.042,"b","c",-0.6055056132,-10.0253122536,4.8349772209,"6CB"
"195","RAL_362","y",1.077,"a","a",0.4394888652,1.1756984339,3.4526302784,"1AA"
"197","RAL_362","y",1.039,"a","a",0.4394888652,1.1756984339,3.4526302784,"1AA"
"198","RAL_362","y",1.106,"a","a",0.4394888652,1.1756984339,3.4526302784,"1AA"
"200","RAL_365","n",1.074,"a","c",5.2872363733,7.3802347043,-3.129564986,"5CA"
"201","RAL_365","n",1.255,"b","c",5.2872363733,7.3802347043,-3.129564986,"5CB"
"202","RAL_365","n",1.099,"a","c",5.2872363733,7.3802347043,-3.129564986,"5CA"
"203","RAL_365","n",1.235,"b","c",5.2872363733,7.3802347043,-3.129564986,"5CB"
"204","RAL_365","n",1.253,"b","c",5.2872363733,7.3802347043,-3.129564986,"5CB"
"205","RAL_365","n",1.009,"a","c",5.2872363733,7.3802347043,-3.129564986,"5CA"
"206","RAL_367","n",1.291,"a","c",-1.2328958012,2.0178184811,4.0988960747,"22CA"
"207","RAL_367","n",1.146,"b","c",-1.2328958012,2.0178184811,4.0988960747,"22CB"
"208","RAL_367","n",1.241,"a","c",-1.2328958012,2.0178184811,4.0988960747,"22CA"
"209","RAL_367","n",1.229,"b","c",-1.2328958012,2.0178184811,4.0988960747,"22CB"
"210","RAL_367","n",1.088,"b","c",-1.2328958012,2.0178184811,4.0988960747,"22CB"
"211","RAL_367","n",1.226,"a","c",-1.2328958012,2.0178184811,4.0988960747,"22CA"
"212","RAL_371","n",1.137,"a","a",-0.2693533638,-4.3582448036,10.7323587414,"20AA"
"213","RAL_371","n",1.11,"a","a",-0.2693533638,-4.3582448036,10.7323587414,"20AA"
"214","RAL_373","n",1.242,"b","c",2.6807079524,0.4481875587,2.8404867154,"38CB"
"215","RAL_373","n",1.103,"a","c",2.6807079524,0.4481875587,2.8404867154,"38CA"
"216","RAL_373","n",1.188,"a","c",2.6807079524,0.4481875587,2.8404867154,"38CA"
"217","RAL_373","n",1.121,"a","c",2.6807079524,0.4481875587,2.8404867154,"38CA"
"218","RAL_373","n",1.439,"b","c",2.6807079524,0.4481875587,2.8404867154,"38CB"
"219","RAL_373","n",1.253,"b","c",2.6807079524,0.4481875587,2.8404867154,"38CB"
"220","RAL_374","y",1.135,"b","e",0.1464421972,0.7132055022,0.1691075793,"3EB"
"221","RAL_374","y",1.253,"b","e",0.1464421972,0.7132055022,0.1691075793,"3EB"
"222","RAL_374","y",1.121,"b","e",0.1464421972,0.7132055022,0.1691075793,"3EB"
"223","RAL_374","y",1.07,"a","e",0.1464421972,0.7132055022,0.1691075793,"3EA"
"224","RAL_374","y",1.097,"a","e",0.1464421972,0.7132055022,0.1691075793,"3EA"
"225","RAL_374","y",1.036,"a","e",0.1464421972,0.7132055022,0.1691075793,"3EA"
"226","RAL_38","n",1.047,"a","b",1.4310543918,-0.0121456546,4.2129691741,"1BA"
"227","RAL_38","n",1.089,"a","b",1.4310543918,-0.0121456546,4.2129691741,"1BA"
"228","RAL_38","n",1.234,"b","b",1.4310543918,-0.0121456546,4.2129691741,"1BB"
"229","RAL_38","n",1.222,"b","b",1.4310543918,-0.0121456546,4.2129691741,"1BB"
"230","RAL_38","n",1.108,"a","b",1.4310543918,-0.0121456546,4.2129691741,"1BA"
"231","RAL_38","n",1.252,"b","b",1.4310543918,-0.0121456546,4.2129691741,"1BB"
"232","RAL_380","y",1.128,"b","d",0.4515263223,-0.2827695676,1.3380239421,"27DB"
"233","RAL_380","y",1.102,"b","d",0.4515263223,-0.2827695676,1.3380239421,"27DB"
"234","RAL_380","y",1.15,"b","d",0.4515263223,-0.2827695676,1.3380239421,"27DB"
"235","RAL_381","n",1.335,"b","b",-1.2119973769,1.4955084392,3.4410098905,"9BB"
"236","RAL_381","n",1.363,"a","b",-1.2119973769,1.4955084392,3.4410098905,"9BA"
"237","RAL_381","n",1.326,"a","b",-1.2119973769,1.4955084392,3.4410098905,"9BA"
"238","RAL_381","n",1.348,"a","b",-1.2119973769,1.4955084392,3.4410098905,"9BA"
"239","RAL_381","n",1.274,"b","b",-1.2119973769,1.4955084392,3.4410098905,"9BB"
"240","RAL_381","n",1.328,"b","b",-1.2119973769,1.4955084392,3.4410098905,"9BB"
"241","RAL_385","n",1.347,"b","a",-162.2138749024,4.5654462484,-6.5683544694,"25AB"
"242","RAL_385","n",1.298,"b","a",-162.2138749024,4.5654462484,-6.5683544694,"25AB"
"243","RAL_385","n",1.267,"a","a",-162.2138749024,4.5654462484,-6.5683544694,"25AA"
"244","RAL_385","n",1.314,"a","a",-162.2138749024,4.5654462484,-6.5683544694,"25AA"
"245","RAL_385","n",1.329,"b","a",-162.2138749024,4.5654462484,-6.5683544694,"25AB"
"246","RAL_385","n",1.356,"a","a",-162.2138749024,4.5654462484,-6.5683544694,"25AA"
"247","RAL_386","n",1.307,"a","e",-1.3252294123,-2.1837535764,2.9734652284,"1EA"
"248","RAL_386","n",1.268,"b","e",-1.3252294123,-2.1837535764,2.9734652284,"1EB"
"249","RAL_386","n",1.302,"b","e",-1.3252294123,-2.1837535764,2.9734652284,"1EB"
"250","RAL_386","n",1.373,"a","e",-1.3252294123,-2.1837535764,2.9734652284,"1EA"
"251","RAL_386","n",1.264,"b","e",-1.3252294123,-2.1837535764,2.9734652284,"1EB"
"252","RAL_386","n",1.382,"a","e",-1.3252294123,-2.1837535764,2.9734652284,"1EA"
"253","RAL_392","n",1.019,"b","a",-78.42895249,1.7476116775,-3.1829897135,"3AB"
"254","RAL_392","n",1.03,"b","a",-78.42895249,1.7476116775,-3.1829897135,"3AB"
"255","RAL_392","n",1.111,"a","a",-78.42895249,1.7476116775,-3.1829897135,"3AA"
"256","RAL_392","n",1.212,"a","a",-78.42895249,1.7476116775,-3.1829897135,"3AA"
"257","RAL_392","n",1.014,"b","a",-78.42895249,1.7476116775,-3.1829897135,"3AB"
"258","RAL_392","n",1.11,"a","a",-78.42895249,1.7476116775,-3.1829897135,"3AA"
"259","RAL_399","n",1.247,"b","a",-157.4454345993,3.893868992,-5.7679024846,"6AB"
"260","RAL_399","n",1.236,"b","a",-157.4454345993,3.893868992,-5.7679024846,"6AB"
"261","RAL_399","n",1.3,"b","a",-157.4454345993,3.893868992,-5.7679024846,"6AB"
"262","RAL_405","y",1.163,"a","a",3.8450065896,-2.7627580382,3.7139925629,"19AA"
"263","RAL_405","y",1.096,"b","a",3.8450065896,-2.7627580382,3.7139925629,"19AB"
"264","RAL_405","y",1.154,"a","a",3.8450065896,-2.7627580382,3.7139925629,"19AA"
"265","RAL_405","y",1.097,"b","a",3.8450065896,-2.7627580382,3.7139925629,"19AB"
"266","RAL_405","y",1.186,"a","a",3.8450065896,-2.7627580382,3.7139925629,"19AA"
"267","RAL_409","y",1.132,"a","c",2.9125816364,0.4934023394,0.5955126312,"23CA"
"268","RAL_42","n",1.165,"a","e",-0.7069353675,-1.9276002797,4.6180476974,"20EA"
"269","RAL_42","n",1.3,"b","e",-0.7069353675,-1.9276002797,4.6180476974,"20EB"
"270","RAL_426","n",1.423,"a","a",4.3201033546,-0.2319312271,3.2381556057,"35AA"
"271","RAL_426","n",1.482,"a","a",4.3201033546,-0.2319312271,3.2381556057,"35AA"
"272","RAL_426","n",1.565,"b","a",4.3201033546,-0.2319312271,3.2381556057,"35AB"
"273","RAL_426","n",1.495,"a","a",4.3201033546,-0.2319312271,3.2381556057,"35AA"
"274","RAL_426","n",1.556,"b","a",4.3201033546,-0.2319312271,3.2381556057,"35AB"
"275","RAL_426","n",1.596,"b","a",4.3201033546,-0.2319312271,3.2381556057,"35AB"
"278","RAL_427","n",1.2325,"a","d",1.339232026,-4.2092254192,3.9556370845,"30DA"
"279","RAL_439","n",1.097,"a","b",2.6600869515,-0.4974178165,3.405547238,"36BA"
"280","RAL_439","n",1.026,"a","b",2.6600869515,-0.4974178165,3.405547238,"36BA"
"281","RAL_439","n",0.954,"a","b",2.6600869515,-0.4974178165,3.405547238,"36BA"
"282","RAL_439","n",1.05,"b","b",2.6600869515,-0.4974178165,3.405547238,"36BB"
"283","RAL_439","n",1.124,"b","b",2.6600869515,-0.4974178165,3.405547238,"36BB"
"284","RAL_439","n",1.045,"b","b",2.6600869515,-0.4974178165,3.405547238,"36BB"
"285","RAL_440","y",1.423,"b","d",2.0552538145,-5.8280597683,2.04957,"19DB"
"286","RAL_440","y",1.24,"a","d",2.0552538145,-5.8280597683,2.04957,"19DA"
"287","RAL_440","y",1.37,"a","d",2.0552538145,-5.8280597683,2.04957,"19DA"
"288","RAL_440","y",1.373,"b","d",2.0552538145,-5.8280597683,2.04957,"19DB"
"289","RAL_440","y",1.481,"b","d",2.0552538145,-5.8280597683,2.04957,"19DB"
"290","RAL_440","y",1.436,"a","d",2.0552538145,-5.8280597683,2.04957,"19DA"
"291","RAL_441","y",1.231,"a","b",2.4542271478,-2.4390887589,3.1829962186,"25BA"
"292","RAL_441","y",1.292,"b","b",2.4542271478,-2.4390887589,3.1829962186,"25BB"
"293","RAL_441","y",1.378,"b","b",2.4542271478,-2.4390887589,3.1829962186,"25BB"
"294","RAL_441","y",1.232,"a","b",2.4542271478,-2.4390887589,3.1829962186,"25BA"
"295","RAL_441","y",1.263,"b","b",2.4542271478,-2.4390887589,3.1829962186,"25BB"
"296","RAL_443","n",1.368,"b","a",2.3698280947,-2.1200837163,2.6614152538,"12AB"
"297","RAL_443","n",1.394,"b","a",2.3698280947,-2.1200837163,2.6614152538,"12AB"
"298","RAL_443","n",1.225,"b","a",2.3698280947,-2.1200837163,2.6614152538,"12AB"
"299","RAL_443","n",1.213,"a","a",2.3698280947,-2.1200837163,2.6614152538,"12AA"
"300","RAL_443","n",1.215,"a","a",2.3698280947,-2.1200837163,2.6614152538,"12AA"
"301","RAL_443","n",1.215,"a","a",2.3698280947,-2.1200837163,2.6614152538,"12AA"
"302","RAL_45","n",1.063,"a","c",3.3547239156,-3.9174626377,6.9188804621,"15CA"
"303","RAL_45","n",1.059,"a","c",3.3547239156,-3.9174626377,6.9188804621,"15CA"
"304","RAL_45","n",1.233,"b","c",3.3547239156,-3.9174626377,6.9188804621,"15CB"
"305","RAL_45","n",1.092,"a","c",3.3547239156,-3.9174626377,6.9188804621,"15CA"
"306","RAL_45","n",1.154,"b","c",3.3547239156,-3.9174626377,6.9188804621,"15CB"
"307","RAL_461","y",1.003,"a","e",0.1085213346,0.8224484813,2.3038808561,"27EA"
"308","RAL_461","y",1.012,"a","e",0.1085213346,0.8224484813,2.3038808561,"27EA"
"309","RAL_461","y",1.084,"a","e",0.1085213346,0.8224484813,2.3038808561,"27EA"
"310","RAL_461","y",0.992,"b","e",0.1085213346,0.8224484813,2.3038808561,"27EB"
"311","RAL_461","y",1.112,"b","e",0.1085213346,0.8224484813,2.3038808561,"27EB"
"312","RAL_461","y",1.005,"b","e",0.1085213346,0.8224484813,2.3038808561,"27EB"
"313","RAL_492","n",1.217,"b","c",-1.9809283527,-0.5264147689,3.0249792812,"37CB"
"314","RAL_492","n",1.277,"b","c",-1.9809283527,-0.5264147689,3.0249792812,"37CB"
"315","RAL_492","n",1.357,"b","c",-1.9809283527,-0.5264147689,3.0249792812,"37CB"
"316","RAL_502","n",0.895,"a","c",0.2646501297,-2.3458564262,8.9731956744,"4CA"
"317","RAL_502","n",0.958,"a","c",0.2646501297,-2.3458564262,8.9731956744,"4CA"
"318","RAL_502","n",0.954,"a","c",0.2646501297,-2.3458564262,8.9731956744,"4CA"
"319","RAL_502","n",1.218,"b","c",0.2646501297,-2.3458564262,8.9731956744,"4CB"
"320","RAL_502","n",1.236,"b","c",0.2646501297,-2.3458564262,8.9731956744,"4CB"
"321","RAL_502","n",1.21,"b","c",0.2646501297,-2.3458564262,8.9731956744,"4CB"
"325","RAL_513","y",1.2,"b","d",-1.6489947745,-0.8263478386,6.668542826,"20DB"
"326","RAL_563","n",1.215,"b","b",6.402915343,17.2665998887,-18.5005776015,"19BB"
"327","RAL_584","y",1.136,"b","e",1.0255505894,1.8795725973,-1.5389467629,"18EB"
"328","RAL_584","y",1.119,"a","e",1.0255505894,1.8795725973,-1.5389467629,"18EA"
"329","RAL_584","y",1.071,"a","e",1.0255505894,1.8795725973,-1.5389467629,"18EA"
"330","RAL_584","y",1.015,"a","e",1.0255505894,1.8795725973,-1.5389467629,"18EA"
"331","RAL_584","y",1.215,"b","e",1.0255505894,1.8795725973,-1.5389467629,"18EB"
"332","RAL_584","y",1.149,"b","e",1.0255505894,1.8795725973,-1.5389467629,"18EB"
"333","RAL_59","n",1.186,"b","a",1.6344233828,1.5456392462,3.1839576998,"15AB"
"334","RAL_59","n",1.157,"b","a",1.6344233828,1.5456392462,3.1839576998,"15AB"
"335","RAL_59","n",1.074,"a","a",1.6344233828,1.5456392462,3.1839576998,"15AA"
"336","RAL_59","n",1.126,"a","a",1.6344233828,1.5456392462,3.1839576998,"15AA"
"337","RAL_59","n",1.064,"a","a",1.6344233828,1.5456392462,3.1839576998,"15AA"
"338","RAL_59","n",1.164,"b","a",1.6344233828,1.5456392462,3.1839576998,"15AB"
"339","RAL_642","n",1.254,"a","b",2.3990948479,5.2693929704,-8.6221484976,"12BA"
"340","RAL_642","n",1.365,"a","b",2.3990948479,5.2693929704,-8.6221484976,"12BA"
"341","RAL_642","n",1.397,"a","b",2.3990948479,5.2693929704,-8.6221484976,"12BA"
"342","RAL_642","n",1.509,"b","b",2.3990948479,5.2693929704,-8.6221484976,"12BB"
"343","RAL_642","n",1.287,"b","b",2.3990948479,5.2693929704,-8.6221484976,"12BB"
"344","RAL_642","n",1.389,"b","b",2.3990948479,5.2693929704,-8.6221484976,"12BB"
"345","RAL_69","y",1.374,"b","d",-2.2716785774,-1.2830286693,5.43761216,"36DB"
"346","RAL_69","y",1.355,"a","d",-2.2716785774,-1.2830286693,5.43761216,"36DA"
"347","RAL_69","y",1.361,"a","d",-2.2716785774,-1.2830286693,5.43761216,"36DA"
"348","RAL_69","y",1.201,"a","d",-2.2716785774,-1.2830286693,5.43761216,"36DA"
"349","RAL_69","y",1.273,"b","d",-2.2716785774,-1.2830286693,5.43761216,"36DB"
"350","RAL_69","y",1.293,"b","d",-2.2716785774,-1.2830286693,5.43761216,"36DB"
"351","RAL_703","n",1.211,"a","e",1.2661200771,-0.8822883413,4.3006545526,"17EA"
"352","RAL_703","n",1.264,"a","e",1.2661200771,-0.8822883413,4.3006545526,"17EA"
"353","RAL_703","n",1.185,"a","e",1.2661200771,-0.8822883413,4.3006545526,"17EA"
"354","RAL_703","n",1.239,"b","e",1.2661200771,-0.8822883413,4.3006545526,"17EB"
"355","RAL_703","n",1.068,"b","e",1.2661200771,-0.8822883413,4.3006545526,"17EB"
"356","RAL_712","y",1.08,"a","d",11.640047308,42.8186183739,-56.4841561799,"12DA"
"357","RAL_712","y",1.087,"a","d",11.640047308,42.8186183739,-56.4841561799,"12DA"
"358","RAL_712","y",1.056,"b","d",11.640047308,42.8186183739,-56.4841561799,"12DB"
"359","RAL_712","y",1.078,"b","d",11.640047308,42.8186183739,-56.4841561799,"12DB"
"360","RAL_712","y",1.1,"a","d",11.640047308,42.8186183739,-56.4841561799,"12DA"
"361","RAL_714","n",1.011,"b","a",4.6560958743,0.7484215449,1.6876141353,"7AB"
"362","RAL_714","n",1.019,"a","a",4.6560958743,0.7484215449,1.6876141353,"7AA"
"363","RAL_714","n",1.019,"a","a",4.6560958743,0.7484215449,1.6876141353,"7AA"
"364","RAL_714","n",1.026,"b","a",4.6560958743,0.7484215449,1.6876141353,"7AB"
"365","RAL_714","n",1.032,"b","a",4.6560958743,0.7484215449,1.6876141353,"7AB"
"366","RAL_714","n",0.97,"a","a",4.6560958743,0.7484215449,1.6876141353,"7AA"
"367","RAL_721","y",1.451,"b","a",2.5498376837,-1.6945468134,4.206688499,"32AB"
"368","RAL_721","y",1.27,"b","a",2.5498376837,-1.6945468134,4.206688499,"32AB"
"369","RAL_721","y",1.465,"b","a",2.5498376837,-1.6945468134,4.206688499,"32AB"
"370","RAL_73","y",1.054,"b","c",1.6570971527,-1.0246733229,4.5895846024,"16CB"
"371","RAL_73","y",1.128,"b","c",1.6570971527,-1.0246733229,4.5895846024,"16CB"
"372","RAL_73","y",1.154,"b","c",1.6570971527,-1.0246733229,4.5895846024,"16CB"
"373","RAL_737","y",1.345,"a","e",2.4164992241,1.4011202201,-2.8441226416,"9EA"
"374","RAL_737","y",1.262,"a","e",2.4164992241,1.4011202201,-2.8441226416,"9EA"
"375","RAL_737","y",1.31,"a","e",2.4164992241,1.4011202201,-2.8441226416,"9EA"
"376","RAL_738","y",1.263,"a","a",2.5617680818,-0.0312739942,1.1205720697,"31AA"
"377","RAL_738","y",1.41,"b","a",2.5617680818,-0.0312739942,1.1205720697,"31AB"
"378","RAL_738","y",1.43,"b","a",2.5617680818,-0.0312739942,1.1205720697,"31AB"
"379","RAL_738","y",1.433,"b","a",2.5617680818,-0.0312739942,1.1205720697,"31AB"
"380","RAL_738","y",1.264,"a","a",2.5617680818,-0.0312739942,1.1205720697,"31AA"
"381","RAL_738","y",1.294,"a","a",2.5617680818,-0.0312739942,1.1205720697,"31AA"
"382","RAL_748","y",1.086,"a","d",8.812539138,24.843502215,-30.3491939683,"22DA"
"383","RAL_748","y",1.098,"a","d",8.812539138,24.843502215,-30.3491939683,"22DA"
"384","RAL_748","y",1.207,"b","d",8.812539138,24.843502215,-30.3491939683,"22DB"
"385","RAL_748","y",1.157,"a","d",8.812539138,24.843502215,-30.3491939683,"22DA"
"386","RAL_748","y",1.157,"b","d",8.812539138,24.843502215,-30.3491939683,"22DB"
"387","RAL_748","y",1.18,"b","d",8.812539138,24.843502215,-30.3491939683,"22DB"
"388","RAL_765","n",1.235,"a","c",3.6560375013,-1.3564602806,4.4175729184,"14CA"
"389","RAL_776","y",1.129,"a","b",3.6072260296,-1.3481791747,-1.8666657933,"32BA"
"390","RAL_776","y",1.163,"a","b",3.6072260296,-1.3481791747,-1.8666657933,"32BA"
"391","RAL_776","y",1.19,"a","b",3.6072260296,-1.3481791747,-1.8666657933,"32BA"
"392","RAL_776","y",1.191666665,"b","b",3.6072260296,-1.3481791747,-1.8666657933,"32BB"
"393","RAL_776","y",1.221,"b","b",3.6072260296,-1.3481791747,-1.8666657933,"32BB"
"394","RAL_783","y",1.328,"a","a",2.9144060696,4.7484506571,2.2920821543,"29AA"
"395","RAL_783","y",1.349,"a","a",2.9144060696,4.7484506571,2.2920821543,"29AA"
"396","RAL_783","y",1.448,"b","a",2.9144060696,4.7484506571,2.2920821543,"29AB"
"397","RAL_783","y",1.398,"a","a",2.9144060696,4.7484506571,2.2920821543,"29AA"
"398","RAL_783","y",1.411,"b","a",2.9144060696,4.7484506571,2.2920821543,"29AB"
"399","RAL_783","y",1.287,"b","a",2.9144060696,4.7484506571,2.2920821543,"29AB"
"400","RAL_786","y",1.041,"a","a",1.6910489495,-0.8501415822,8.1702237221,"10AA"
"401","RAL_786","y",1.153,"b","a",1.6910489495,-0.8501415822,8.1702237221,"10AB"
"402","RAL_786","y",1.081,"a","a",1.6910489495,-0.8501415822,8.1702237221,"10AA"
"403","RAL_786","y",1.129,"b","a",1.6910489495,-0.8501415822,8.1702237221,"10AB"
"404","RAL_786","y",1.128,"a","a",1.6910489495,-0.8501415822,8.1702237221,"10AA"
"405","RAL_796","y",1.218,"a","b",4.3988766713,3.0451549964,3.2927203852,"18BA"
"406","RAL_796","y",1.324,"a","b",4.3988766713,3.0451549964,3.2927203852,"18BA"
"407","RAL_796","y",1.25,"b","b",4.3988766713,3.0451549964,3.2927203852,"18BB"
"408","RAL_796","y",1.173,"b","b",4.3988766713,3.0451549964,3.2927203852,"18BB"
"409","RAL_796","y",1.136,"a","b",4.3988766713,3.0451549964,3.2927203852,"18BA"
"410","RAL_796","y",1.211,"b","b",4.3988766713,3.0451549964,3.2927203852,"18BB"
"411","RAL_801","y",1.18,"a","e",7.9911918698,14.4953033165,-18.3997831704,"10EA"
"412","RAL_801","y",1.136,"a","e",7.9911918698,14.4953033165,-18.3997831704,"10EA"
"413","RAL_801","y",1.285,"b","e",7.9911918698,14.4953033165,-18.3997831704,"10EB"
"414","RAL_801","y",1.178,"b","e",7.9911918698,14.4953033165,-18.3997831704,"10EB"
"415","RAL_801","y",1.174,"a","e",7.9911918698,14.4953033165,-18.3997831704,"10EA"
"416","RAL_801","y",1.238,"b","e",7.9911918698,14.4953033165,-18.3997831704,"10EB"
"417","RAL_805","y",1.304,"b","d",7.0582657475,21.9037509203,-24.1606168196,"34DB"
"418","RAL_805","y",1.375,"b","d",7.0582657475,21.9037509203,-24.1606168196,"34DB"
"419","RAL_805","y",1.181,"b","d",7.0582657475,21.9037509203,-24.1606168196,"34DB"
"420","RAL_808","n",1.351,"a","d",2.735389254,-2.3841874052,8.774746273,"13DA"
"421","RAL_808","n",1.465,"b","d",2.735389254,-2.3841874052,8.774746273,"13DB"
"422","RAL_808","n",1.393,"b","d",2.735389254,-2.3841874052,8.774746273,"13DB"
"423","RAL_808","n",1.265,"a","d",2.735389254,-2.3841874052,8.774746273,"13DA"
"424","RAL_808","n",1.367,"a","d",2.735389254,-2.3841874052,8.774746273,"13DA"
"425","RAL_808","n",1.281,"b","d",2.735389254,-2.3841874052,8.774746273,"13DB"
"426","RAL_810","n",1.163,"a","a",4.8934112944,6.9363770538,-13.7821258075,"14AA"
"427","RAL_810","n",1.188,"a","a",4.8934112944,6.9363770538,-13.7821258075,"14AA"
"428","RAL_810","n",1.173,"a","a",4.8934112944,6.9363770538,-13.7821258075,"14AA"
"429","RAL_810","n",1.11,"b","a",4.8934112944,6.9363770538,-13.7821258075,"14AB"
"430","RAL_810","n",1.039,"b","a",4.8934112944,6.9363770538,-13.7821258075,"14AB"
"431","RAL_810","n",1.068,"b","a",4.8934112944,6.9363770538,-13.7821258075,"14AB"
"432","RAL_819","y",0.955,"b","a",7.2699886948,26.2570070392,-32.7007731994,"4AB"
"433","RAL_819","y",0.855,"a","a",7.2699886948,26.2570070392,-32.7007731994,"4AA"
"434","RAL_819","y",0.838,"a","a",7.2699886948,26.2570070392,-32.7007731994,"4AA"
"435","RAL_819","y",0.916,"b","a",7.2699886948,26.2570070392,-32.7007731994,"4AB"
"436","RAL_821","y",1.192,"a","a",2.5663742999,9.6774044868,-9.3859303504,"21AA"
"437","RAL_821","y",1.313,"a","a",2.5663742999,9.6774044868,-9.3859303504,"21AA"
"438","RAL_821","y",1.191,"a","a",2.5663742999,9.6774044868,-9.3859303504,"21AA"
"439","RAL_821","y",1.308,"b","a",2.5663742999,9.6774044868,-9.3859303504,"21AB"
"440","RAL_822","y",1.092,"a","a",2.5139055633,1.1847035669,8.4997258529,"16AA"
"441","RAL_822","y",1.127,"a","a",2.5139055633,1.1847035669,8.4997258529,"16AA"
"442","RAL_822","y",1.169,"a","a",2.5139055633,1.1847035669,8.4997258529,"16AA"
"443","RAL_822","y",1.128,"b","a",2.5139055633,1.1847035669,8.4997258529,"16AB"
"444","RAL_822","y",1.07,"b","a",2.5139055633,1.1847035669,8.4997258529,"16AB"
"445","RAL_822","y",1.041,"b","a",2.5139055633,1.1847035669,8.4997258529,"16AB"
"446","RAL_83","n",1.102,"a","b",2.0267231024,-2.6196166902,4.9968830569,"7BA"
"447","RAL_83","n",1.16,"a","b",2.0267231024,-2.6196166902,4.9968830569,"7BA"
"448","RAL_83","n",1.236,"b","b",2.0267231024,-2.6196166902,4.9968830569,"7BB"
"449","RAL_83","n",1.178,"b","b",2.0267231024,-2.6196166902,4.9968830569,"7BB"
"450","RAL_83","n",1.146,"a","b",2.0267231024,-2.6196166902,4.9968830569,"7BA"
"451","RAL_83","n",1.249,"b","b",2.0267231024,-2.6196166902,4.9968830569,"7BB"
"452","RAL_837","y",1.253,"b","a",2.7947291424,-3.3437203427,5.4419956868,"36AB"
"453","RAL_837","y",1.283,"b","a",2.7947291424,-3.3437203427,5.4419956868,"36AB"
"454","RAL_837","y",1.173,"b","a",2.7947291424,-3.3437203427,5.4419956868,"36AB"
"455","RAL_837","y",1.225,"a","a",2.7947291424,-3.3437203427,5.4419956868,"36AA"
"456","RAL_837","y",1.286,"a","a",2.7947291424,-3.3437203427,5.4419956868,"36AA"
"457","RAL_837","y",1.262,"a","a",2.7947291424,-3.3437203427,5.4419956868,"36AA"
"458","RAL_843","n",1.135,"a","b",1.9584131713,-167.1297938926,-59.3150719064,"24BA"
"459","RAL_843","n",1.21,"a","b",1.9584131713,-167.1297938926,-59.3150719064,"24BA"
"460","RAL_843","n",1.301,"b","b",1.9584131713,-167.1297938926,-59.3150719064,"24BB"
"461","RAL_843","n",1.201,"b","b",1.9584131713,-167.1297938926,-59.3150719064,"24BB"
"462","RAL_843","n",1.17,"a","b",1.9584131713,-167.1297938926,-59.3150719064,"24BA"
"463","RAL_843","n",1.231,"b","b",1.9584131713,-167.1297938926,-59.3150719064,"24BB"
"464","RAL_849","n",1.28,"a","d",-1.1419650464,4.5099906577,-1.463001417,"16DA"
"465","RAL_85","n",1.154,"a","d",1.2031659615,2.4263672572,3.9782525431,"25DA"
"466","RAL_85","n",1.131,"a","d",1.2031659615,2.4263672572,3.9782525431,"25DA"
"467","RAL_85","n",1.234,"b","d",1.2031659615,2.4263672572,3.9782525431,"25DB"
"468","RAL_85","n",1.236,"b","d",1.2031659615,2.4263672572,3.9782525431,"25DB"
"469","RAL_85","n",1.188333335,"b","d",1.2031659615,2.4263672572,3.9782525431,"25DB"
"470","RAL_85","n",1.166,"a","d",1.2031659615,2.4263672572,3.9782525431,"25DA"
"471","RAL_852","y",1.02,"a","c",3.2082513753,5.2874343459,0.2307454943,"25CA"
"472","RAL_852","y",1.028,"b","c",3.2082513753,5.2874343459,0.2307454943,"25CB"
"473","RAL_852","y",0.985,"a","c",3.2082513753,5.2874343459,0.2307454943,"25CA"
"474","RAL_852","y",0.975,"a","c",3.2082513753,5.2874343459,0.2307454943,"25CA"
"475","RAL_852","y",1.094,"b","c",3.2082513753,5.2874343459,0.2307454943,"25CB"
"476","RAL_852","y",1.078,"b","c",3.2082513753,5.2874343459,0.2307454943,"25CB"
"477","RAL_855","y",1.343,"a","c",3.0161457452,4.7552280267,-6.1420723017,"19CA"
"478","RAL_855","y",1.288,"a","c",3.0161457452,4.7552280267,-6.1420723017,"19CA"
"479","RAL_855","y",1.213,"b","c",3.0161457452,4.7552280267,-6.1420723017,"19CB"
"480","RAL_855","y",1.16,"b","c",3.0161457452,4.7552280267,-6.1420723017,"19CB"
"481","RAL_855","y",1.29,"a","c",3.0161457452,4.7552280267,-6.1420723017,"19CA"
"482","RAL_855","y",1.38,"b","c",3.0161457452,4.7552280267,-6.1420723017,"19CB"
"483","RAL_857","y",1.324,"b","d",3.172737548,0.4200480204,2.0701527465,"38DB"
"484","RAL_857","y",1.264,"a","d",3.172737548,0.4200480204,2.0701527465,"38DA"
"485","RAL_857","y",1.234,"a","d",3.172737548,0.4200480204,2.0701527465,"38DA"
"486","RAL_857","y",1.344,"b","d",3.172737548,0.4200480204,2.0701527465,"38DB"
"487","RAL_857","y",1.323,"b","d",3.172737548,0.4200480204,2.0701527465,"38DB"
"488","RAL_857","y",1.313333335,"a","d",3.172737548,0.4200480204,2.0701527465,"38DA"
"489","RAL_861","y",1.211,"b","a",4.2013440414,9.996137336,-16.6464840574,"11AB"
"490","RAL_861","y",1.194,"b","a",4.2013440414,9.996137336,-16.6464840574,"11AB"
"491","RAL_861","y",1.204,"b","a",4.2013440414,9.996137336,-16.6464840574,"11AB"
"492","RAL_879","y",1.243,"b","d",1.8859677927,-151.2286738142,-52.6378971667,"18DB"
"493","RAL_879","y",1.256,"b","d",1.8859677927,-151.2286738142,-52.6378971667,"18DB"
"494","RAL_879","y",1.233,"b","d",1.8859677927,-151.2286738142,-52.6378971667,"18DB"
"495","RAL_879","y",1.296,"a","d",1.8859677927,-151.2286738142,-52.6378971667,"18DA"
"496","RAL_879","y",1.137,"a","d",1.8859677927,-151.2286738142,-52.6378971667,"18DA"
"497","RAL_879","y",1.164,"a","d",1.8859677927,-151.2286738142,-52.6378971667,"18DA"
"498","RAL_882","y",1.115,"a","a",6.7197979,-25.1609323718,-12.5010260213,"26AA"
"499","RAL_882","y",1.262,"b","a",6.7197979,-25.1609323718,-12.5010260213,"26AB"
"500","RAL_882","y",1.113,"b","a",6.7197979,-25.1609323718,-12.5010260213,"26AB"
"501","RAL_882","y",1.045,"a","a",6.7197979,-25.1609323718,-12.5010260213,"26AA"
"502","RAL_882","y",1.076,"a","a",6.7197979,-25.1609323718,-12.5010260213,"26AA"
"503","RAL_882","y",1.073,"b","a",6.7197979,-25.1609323718,-12.5010260213,"26AB"
"504","RAL_884","y",0.925,"a","b",2.0017636155,-0.3394436356,5.9125017006,"3BA"
"505","RAL_884","y",1.054,"b","b",2.0017636155,-0.3394436356,5.9125017006,"3BB"
"506","RAL_884","y",0.836,"a","b",2.0017636155,-0.3394436356,5.9125017006,"3BA"
"507","RAL_884","y",0.923,"a","b",2.0017636155,-0.3394436356,5.9125017006,"3BA"
"508","RAL_884","y",1.072,"b","b",2.0017636155,-0.3394436356,5.9125017006,"3BB"
"509","RAL_884","y",1.03,"b","b",2.0017636155,-0.3394436356,5.9125017006,"3BB"
"510","RAL_890","y",1.137,"a","b",3.1101035351,4.5170811129,-3.6309518923,"31BA"
"511","RAL_890","y",1.086,"a","b",3.1101035351,4.5170811129,-3.6309518923,"31BA"
"512","RAL_890","y",1.174,"b","b",3.1101035351,4.5170811129,-3.6309518923,"31BB"
"513","RAL_890","y",1.114,"a","b",3.1101035351,4.5170811129,-3.6309518923,"31BA"
"514","RAL_890","y",1.183,"b","b",3.1101035351,4.5170811129,-3.6309518923,"31BB"
"515","RAL_890","y",1.188,"b","b",3.1101035351,4.5170811129,-3.6309518923,"31BB"
"516","RAL_897","y",1.029,"a","b",3.8379107828,-2.3486937263,4.9383745029,"33BA"
"517","RAL_897","y",1.012,"a","b",3.8379107828,-2.3486937263,4.9383745029,"33BA"
"518","RAL_897","y",1.04,"a","b",3.8379107828,-2.3486937263,4.9383745029,"33BA"
"519","RAL_897","y",0.979,"b","b",3.8379107828,-2.3486937263,4.9383745029,"33BB"
"520","RAL_897","y",1.077,"b","b",3.8379107828,-2.3486937263,4.9383745029,"33BB"
"521","RAL_897","y",1.033,"b","b",3.8379107828,-2.3486937263,4.9383745029,"33BB"
"522","RAL_900","n",1.104,"a","d",-0.3228803747,11.1517367761,-17.0422769571,"35DA"
"523","RAL_900","n",1.069,"a","d",-0.3228803747,11.1517367761,-17.0422769571,"35DA"
"524","RAL_900","n",1.189,"a","d",-0.3228803747,11.1517367761,-17.0422769571,"35DA"
"525","RAL_907","n",1.218333335,"a","b",3.9257152492,0.4060176916,-3.384345285,"15BA"
"526","RAL_907","n",1.133,"a","b",3.9257152492,0.4060176916,-3.384345285,"15BA"
"527","RAL_907","n",1.164,"a","b",3.9257152492,0.4060176916,-3.384345285,"15BA"
"528","RAL_907","n",1.305,"b","b",3.9257152492,0.4060176916,-3.384345285,"15BB"
"529","RAL_907","n",1.152,"b","b",3.9257152492,0.4060176916,-3.384345285,"15BB"
"530","RAL_907","n",1.238,"b","b",3.9257152492,0.4060176916,-3.384345285,"15BB"
"531","RAL_908","n",1.321,"b","c",4.5644905823,3.8193845993,-10.4645666986,"12CB"
"532","RAL_908","n",1.34,"a","c",4.5644905823,3.8193845993,-10.4645666986,"12CA"
"533","RAL_908","n",1.286,"b","c",4.5644905823,3.8193845993,-10.4645666986,"12CB"
"534","RAL_908","n",1.311,"a","c",4.5644905823,3.8193845993,-10.4645666986,"12CA"
"535","RAL_908","n",1.222,"a","c",4.5644905823,3.8193845993,-10.4645666986,"12CA"
"536","RAL_908","n",1.278,"b","c",4.5644905823,3.8193845993,-10.4645666986,"12CB"
"537","RAL_91","n",1.252,"a","c",2.0298810396,-0.5176971821,2.5402740284,"1CA"
"538","RAL_91","n",1.317,"a","c",2.0298810396,-0.5176971821,2.5402740284,"1CA"
"539","RAL_91","n",1.225,"a","c",2.0298810396,-0.5176971821,2.5402740284,"1CA"
"540","RAL_91","n",1.298,"b","c",2.0298810396,-0.5176971821,2.5402740284,"1CB"
"541","RAL_911","n",1.222,"b","e",4.4433522474,-0.8078640077,-1.9896549814,"24EB"
"542","RAL_911","n",1.095,"b","e",4.4433522474,-0.8078640077,-1.9896549814,"24EB"
"543","RAL_911","n",1.225,"b","e",4.4433522474,-0.8078640077,-1.9896549814,"24EB"
