sex,Id,Strain,Repl,Sex,CS,Log CS
F,A_01,208,208.1,F,1363.264,7.218
F,A_02,208,208.1,F,1349.795,7.208
F,A_03,208,208.1,F,1320.068,7.185
F,A_04,208,208.1,F,1366.17,7.22
F,A_05,208,208.1,F,1340.447,7.201
M,A_01,208,208.1,M,1194.868,7.086
M,A_02,208,208.1,M,1150.933,7.048
M,A_03,208,208.1,M,1172.906,7.067
M,A_04,208,208.1,M,1170.967,7.066
M,A_05,208,208.1,M,1197.292,7.088
F,A_01,208,208.2,F,1359.544,7.215
F,A_02,208,208.2,F,1347.103,7.206
F,A_04,208,208.2,F,1352.004,7.209
F,A_05,208,208.2,F,1359.241,7.215
M,A_01,208,208.2,M,1172.385,7.067
M,A_02,208,208.2,M,1165.468,7.061
M,A_03,208,208.2,M,1106.495,7.009
M,A_04,208,208.2,M,1138.075,7.037
M,A_05,208,208.2,M,1171.882,7.066
F,A_01,208,208.3,F,1256.261,7.136
F,A_02,208,208.3,F,1341.721,7.202
F,A_03,208,208.3,F,1323.861,7.188
F,A_04,208,208.3,F,1318.969,7.185
F,A_05,208,208.3,F,1302.782,7.172
M,A_01,208,208.3,M,1124.172,7.025
M,A_02,208,208.3,M,1162.024,7.058
M,A_03,208,208.3,M,1189.756,7.082
M,A_05,208,208.3,M,1174.563,7.069
F,A_01,208,208.4,F,1303.83,7.173
F,A_02,208,208.4,F,1308.691,7.177
F,A_03,208,208.4,F,1336.41,7.198
F,A_04,208,208.4,F,1302.078,7.172
M,A_01,208,208.4,M,1157.67,7.054
M,A_02,208,208.4,M,1142.844,7.041
M,A_03,208,208.4,M,1165.889,7.061
M,A_04,208,208.4,M,1148.514,7.046
M,A_05,208,208.4,M,1157.755,7.054
F,A_01,301,301.1,F,1335.118,7.197
F,A_02,301,301.1,F,1303.547,7.172
F,A_03,301,301.1,F,1272.625,7.147
F,A_04,301,301.1,F,1348.616,7.207
F,A_05,301,301.1,F,1324.046,7.188
M,A_01,301,301.1,M,1166.214,7.061
M,A_02,301,301.1,M,1147.147,7.045
M,A_03,301,301.1,M,1164.889,7.06
M,A_04,301,301.1,M,1150.987,7.048
M,A_05,301,301.1,M,1152.633,7.05
M,A_06,301,301.1,M,1114.473,7.016
F,A_01,301,301.2,F,1310.685,7.178
F,A_02,301,301.2,F,1312.559,7.179
F,A_03,301,301.2,F,1365.933,7.219
F,A_04,301,301.2,F,1334.864,7.196
F,A_05,301,301.2,F,1289.282,7.162
M,A_01,301,301.2,M,1130.261,7.03
M,A_02,301,301.2,M,1136.957,7.036
M,A_03,301,301.2,M,1126.256,7.027
M,A_04,301,301.2,M,1170.603,7.065
M,A_05,301,301.2,M,1161.578,7.058
F,A_01,301,301.3,F,1288.135,7.16
F,A_02,301,301.3,F,1296.241,7.167
F,A_03,301,301.3,F,1259.886,7.139
F,A_04,301,301.3,F,1320.156,7.185
F,A_05,301,301.3,F,1317.52,7.183
M,A_01,301,301.3,M,1152.323,7.049
M,A_02,301,301.3,M,1131.927,7.032
M,A_03,301,301.3,M,1126.486,7.027
M,A_04,301,301.3,M,1114.322,7.016
M,A_05,301,301.3,M,1140.565,7.039
F,A_01,301,301.4,F,1308.942,7.177
F,A_02,301,301.4,F,1308.86,7.177
F,A_03,301,301.4,F,1313.599,7.18
F,A_04,301,301.4,F,1308.387,7.175
F,A_05,301,301.4,F,1312.416,7.179
M,A_01,301,301.4,M,1143.24,7.042
M,A_02,301,301.4,M,1109.434,7.011
M,A_03,301,301.4,M,1160.113,7.056
M,A_04,301,301.4,M,1094.675,6.998
M,A_05,301,301.4,M,1143.095,7.041
F,A_01,303,303.1,F,1327.809,7.191
F,A_02,303,303.1,F,1302.749,7.172
F,A_03,303,303.1,F,1313.708,7.181
F,A_04,303,303.1,F,1290.442,7.163
M,A_01,303,303.1,M,1090.29,6.994
M,A_02,303,303.1,M,1110.338,7.012
M,A_03,303,303.1,M,1120.546,7.022
M,A_04,303,303.1,M,1085.009,6.989
M,A_05,303,303.1,M,1085.889,6.99
F,A_01,303,303.2,F,1202.018,7.092
F,A_02,303,303.2,F,1257.381,7.137
F,A_03,303,303.2,F,1296.496,7.167
F,A_04,303,303.2,F,1336.301,7.198
F,A_05,303,303.2,F,1233.477,7.118
M,A_01,303,303.2,M,1131.094,7.031
M,A_02,303,303.2,M,1089.964,6.994
M,A_03,303,303.2,M,1110.711,7.013
M,A_04,303,303.2,M,1067.46,6.973
M,A_05,303,303.2,M,1129.417,7.029
F,A_01,303,303.3,F,1282.148,7.156
F,A_02,303,303.3,F,1302.502,7.172
F,A_03,303,303.3,F,1302.033,7.172
F,A_04,303,303.3,F,1313.238,7.18
F,A_05,303,303.3,F,1303.337,7.173
M,A_01,303,303.3,M,1148.752,7.046
M,A_02,303,303.3,M,1111.42,7.013
M,A_03,303,303.3,M,1135.068,7.034
M,A_04,303,303.3,M,1133.464,7.033
M,A_05,303,303.3,M,1154.069,7.051
F,A_01,303,303.4,F,1244.244,7.126
F,A_02,303,303.4,F,1284.671,7.158
F,A_03,303,303.4,F,1310.45,7.178
F,A_04,303,303.4,F,1298.058,7.169
F,A_05,303,303.4,F,1287.078,7.16
M,A_01,303,303.4,M,1165.108,7.061
M,A_02,303,303.4,M,1149.894,7.047
M,A_03,303,303.4,M,959.376,6.866
M,A_04,303,303.4,M,1104.873,7.007
M,A_05,303,303.4,M,1141.321,7.04
F,A_01,304,304.1,F,1354.565,7.211
F,A_02,304,304.1,F,1366.467,7.22
F,A_03,304,304.1,F,1358.21,7.214
F,A_04,304,304.1,F,1352.304,7.21
F,A_05,304,304.1,F,1357.982,7.214
F,A_07,304,304.1,F,1374.405,7.226
M,A_01,304,304.1,M,1153.862,7.051
M,A_02,304,304.1,M,1096.591,7
M,A_03,304,304.1,M,1141.414,7.04
M,A_04,304,304.1,M,1165.316,7.061
M,A_05,304,304.1,M,1163.191,7.059
F,A_01,304,304.2,F,1363.164,7.218
F,A_02,304,304.2,F,1319.387,7.185
F,A_03,304,304.2,F,1360.276,7.215
F,A_04,304,304.2,F,1362.916,7.217
F,A_05,304,304.2,F,1336.69,7.198
M,A_01,304,304.2,M,1141.546,7.04
M,A_02,304,304.2,M,1154.072,7.051
M,A_03,304,304.2,M,1084.533,6.989
M,A_04,304,304.2,M,1129.913,7.03
M,A_05,304,304.2,M,1143.998,7.042
F,A_01,304,304.3,F,1293.448,7.165
F,A_02,304,304.3,F,1373.24,7.225
F,A_03,304,304.3,F,1357.344,7.213
F,A_05,304,304.3,F,1305.358,7.174
M,A_02,304,304.3,M,1161.666,7.058
M,A_03,304,304.3,M,1150.134,7.048
M,A_05,304,304.3,M,1175.612,7.07
F,A_01,304,304.4,F,1355.09,7.212
F,A_02,304,304.4,F,1331.148,7.194
F,A_03,304,304.4,F,1328.681,7.192
F,A_04,304,304.4,F,1319.213,7.185
F,A_05,304,304.4,F,1336.146,7.198
M,A_01,304,304.4,M,1172.439,7.067
M,A_02,304,304.4,M,1179.171,7.073
M,A_03,304,304.4,M,1174.805,7.069
M,A_04,304,304.4,M,1162.314,7.058
M,A_05,304,304.4,M,1155.894,7.053
F,A_01,306,306.1,F,1364.631,7.219
F,A_02,306,306.1,F,1376.051,7.227
F,A_03,306,306.1,F,1355.068,7.212
F,A_04,306,306.1,F,1354.801,7.211
F,A_05,306,306.1,F,1284.432,7.158
M,A_01,306,306.1,M,1057.309,6.963
M,A_02,306,306.1,M,1171.21,7.066
M,A_03,306,306.1,M,1176.138,7.07
M,A_04,306,306.1,M,1151.734,7.049
M,A_05,306,306.1,M,1192.023,7.083
F,A_01,306,306.2,F,1362.319,7.217
F,A_02,306,306.2,F,1283.34,7.157
F,A_03,306,306.2,F,1367.798,7.221
F,A_04,306,306.2,F,1342.82,7.203
F,A_05,306,306.2,F,1314.094,7.181
M,A_01,306,306.2,M,1197.334,7.088
M,A_02,306,306.2,M,1160.896,7.057
M,A_03,306,306.2,M,1140.774,7.039
M,A_04,306,306.2,M,1176.204,7.07
M,A_05,306,306.2,M,1156.585,7.053
F,A_01,306,306.3,F,1320.065,7.185
F,A_02,306,306.3,F,1302.641,7.172
F,A_03,306,306.3,F,1311.647,7.179
F,A_04,306,306.3,F,1289.4,7.162
F,A_05,306,306.3,F,1320.291,7.186
F,A_06,306,306.3,F,1333.572,7.196
M,A_01,306,306.3,M,1193.844,7.085
M,A_02,306,306.3,M,1123.234,7.024
M,A_03,306,306.3,M,1169.334,7.064
M,A_04,306,306.3,M,1194.669,7.086
M,A_05,306,306.3,M,1146.676,7.045
F,A_01,306,306.4,F,1319.898,7.185
F,A_02,306,306.4,F,1270.877,7.147
F,A_04,306,306.4,F,1346.594,7.205
M,A_01,306,306.4,M,1143.096,7.041
M,A_02,306,306.4,M,1177.755,7.071
M,A_03,306,306.4,M,1184.474,7.077
M,A_04,306,306.4,M,1160.445,7.057
M,A_05,306,306.4,M,1148.893,7.047
F,A_01,307,307.1,F,1240.069,7.123
F,A_02,307,307.1,F,1225.111,7.111
F,A_03,307,307.1,F,1188.008,7.08
F,A_04,307,307.1,F,1201.006,7.091
F,A_05,307,307.1,F,1208.899,7.097
M,A_01,307,307.1,M,1063.516,6.969
M,A_02,307,307.1,M,1069.59,6.975
M,A_03,307,307.1,M,1086.099,6.99
M,A_04,307,307.1,M,1061.678,6.968
F,A_01,307,307.2,F,1219.673,7.106
F,A_02,307,307.2,F,1219.505,7.106
F,A_03,307,307.2,F,1215.725,7.103
F,A_04,307,307.2,F,1224.547,7.11
F,A_05,307,307.2,F,1203.219,7.093
M,A_01,307,307.2,M,1024.39,6.932
M,A_02,307,307.2,M,1066.31,6.972
M,A_03,307,307.2,M,1067.801,6.973
F,A_01,307,307.3,F,1234.449,7.118
F,A_02,307,307.3,F,1226.831,7.112
F,A_03,307,307.3,F,1247.318,7.129
F,A_05,307,307.3,F,1225.081,7.111
M,A_01,307,307.3,M,1061.699,6.968
M,A_02,307,307.3,M,1076.271,6.981
M,A_03,307,307.3,M,1033.509,6.941
M,A_04,307,307.3,M,1051.096,6.958
M,A_05,307,307.3,M,1079.519,6.984
M,A_06,307,307.3,M,1061.117,6.967
F,A_01,307,307.4,F,1216.423,7.104
F,A_02,307,307.4,F,1236.967,7.12
F,A_03,307,307.4,F,1212.023,7.1
F,A_04,307,307.4,F,1234.738,7.119
F,A_05,307,307.4,F,1248.704,7.13
M,A_01,307,307.4,M,845.521,6.74
M,A_02,307,307.4,M,1036.993,6.944
M,A_03,307,307.4,M,1080.257,6.985
M,A_04,307,307.4,M,1047.384,6.954
M,A_05,307,307.4,M,1053.021,6.959
F,A_01,313,313.1,F,1188.188,7.08
F,A_02,313,313.1,F,1194.597,7.086
F,A_03,313,313.1,F,1193.778,7.085
F,A_04,313,313.1,F,1188.81,7.081
F,A_05,313,313.1,F,1174.278,7.068
F,A_06,313,313.1,F,1164.808,7.06
M,A_01,313,313.1,M,1026.616,6.934
M,A_02,313,313.1,M,1025.245,6.933
M,A_03,313,313.1,M,1020.362,6.928
M,A_04,313,313.1,M,1026.59,6.934
M,A_05,313,313.1,M,1013.807,6.921
F,A_01,313,313.2,F,1185.533,7.078
F,A_02,313,313.2,F,1102.514,7.005
F,A_03,313,313.2,F,1210.064,7.098
F,A_04,313,313.2,F,1182.99,7.076
F,A_05,313,313.2,F,1189.451,7.081
M,A_01,313,313.2,M,964.574,6.872
M,A_03,313,313.2,M,989.191,6.897
M,A_05,313,313.2,M,1020.583,6.928
M,A_06,313,313.2,M,985.618,6.893
F,A_01,313,313.3,F,1189.819,7.082
F,A_02,313,313.3,F,1187.488,7.08
F,A_03,313,313.3,F,1217.341,7.104
F,A_04,313,313.3,F,1101.938,7.005
F,A_05,313,313.3,F,1190.078,7.082
F,A_06,313,313.3,F,1188.373,7.08
M,A_01,313,313.3,M,1004.569,6.912
M,A_02,313,313.3,M,996.128,6.904
M,A_03,313,313.3,M,1021.57,6.929
M,A_04,313,313.3,M,1007.768,6.915
M,A_05,313,313.3,M,881.6,6.782
F,A_01,313,313.4,F,1199.387,7.09
F,A_02,313,313.4,F,1109.261,7.011
F,A_03,313,313.4,F,1188.779,7.081
M,A_02,313,313.4,M,827.164,6.718
M,A_03,313,313.4,M,899.052,6.801
M,A_04,313,313.4,M,1007.817,6.916
M,A_05,313,313.4,M,1023.962,6.931
F,A_01,315,315.1,F,1325.834,7.19
F,A_02,315,315.1,F,1393.771,7.24
F,A_03,315,315.1,F,1371.561,7.224
F,A_04,315,315.1,F,1357.757,7.214
F,A_05,315,315.1,F,1370.504,7.223
M,A_01,315,315.1,M,1193.537,7.085
M,A_02,315,315.1,M,1187.491,7.08
M,A_05,315,315.1,M,1143.189,7.042
F,A_01,315,315.2,F,1352.885,7.21
F,A_03,315,315.2,F,1341.255,7.201
F,A_04,315,315.2,F,1404.928,7.248
F,A_05,315,315.2,F,1396.702,7.242
M,A_01,315,315.2,M,1159.328,7.056
M,A_02,315,315.2,M,1114.033,7.016
M,A_03,315,315.2,M,1167.512,7.063
M,A_04,315,315.2,M,1186.516,7.079
M,A_05,315,315.2,M,1139.617,7.038
F,A_01,315,315.3,F,1359.379,7.215
F,A_02,315,315.3,F,1392.922,7.239
F,A_03,315,315.3,F,1339.377,7.2
F,A_04,315,315.3,F,1386.95,7.235
F,A_05,315,315.3,F,1341.175,7.201
M,A_01,315,315.3,M,1187.884,7.08
M,A_02,315,315.3,M,1177.459,7.071
M,A_05,315,315.3,M,1137.418,7.037
F,A_01,315,315.4,F,1376.222,7.227
F,A_02,315,315.4,F,1368.205,7.221
F,A_03,315,315.4,F,1345.601,7.205
F,A_04,315,315.4,F,1381.369,7.231
F,A_05,315,315.4,F,1347.327,7.206
M,A_01,315,315.4,M,1210.341,7.099
M,A_03,315,315.4,M,1106.509,7.009
M,A_04,315,315.4,M,1191.959,7.083
M,A_05,315,315.4,M,1177.264,7.071
F,A_01,324,324.1,F,1177.487,7.071
F,A_02,324,324.1,F,1156.627,7.053
F,A_03,324,324.1,F,1158.014,7.054
F,A_04,324,324.1,F,1310.748,7.178
F,A_05,324,324.1,F,1180.562,7.074
M,A_01,324,324.1,M,949.958,6.856
M,A_02,324,324.1,M,1018.967,6.927
M,A_03,324,324.1,M,1009.495,6.917
M,A_04,324,324.1,M,1003.344,6.911
M,A_05,324,324.1,M,1015.543,6.923
F,A_01,324,324.2,F,1175.08,7.069
F,A_02,324,324.2,F,1152.012,7.049
F,A_03,324,324.2,F,1188.117,7.08
F,A_04,324,324.2,F,1172.841,7.067
M,A_01,324,324.2,M,1015.32,6.923
M,A_02,324,324.2,M,1014.922,6.923
M,A_03,324,324.2,M,1016.853,6.924
M,A_04,324,324.2,M,999.61,6.907
M,A_05,324,324.2,M,1015.907,6.924
F,A_01,324,324.3,F,1129.14,7.029
F,A_02,324,324.3,F,1143.568,7.042
F,A_03,324,324.3,F,1133.219,7.033
F,A_04,324,324.3,F,1116.97,7.018
F,A_05,324,324.3,F,1111.148,7.013
M,A_01,324,324.3,M,979.008,6.887
M,A_02,324,324.3,M,994.67,6.902
M,A_03,324,324.3,M,965.749,6.873
M,A_04,324,324.3,M,982.863,6.89
M,A_05,324,324.3,M,976.972,6.884
F,A_01,324,324.4,F,1092.424,6.996
F,A_02,324,324.4,F,1147.175,7.045
F,A_03,324,324.4,F,1147.194,7.045
F,A_04,324,324.4,F,1127.478,7.028
F,A_05,324,324.4,F,1145.86,7.044
M,A_01,324,324.4,M,998.358,6.906
M,A_02,324,324.4,M,963.379,6.87
M,A_03,324,324.4,M,975.706,6.883
M,A_04,324,324.4,M,978.141,6.886
M,A_05,324,324.4,M,967.071,6.874
F,A _0,335,335.1,F,1333.61,7.196
F,A _1,335,335.1,F,1360.402,7.216
F,A_01,335,335.1,F,1360.221,7.215
F,A_02,335,335.1,F,1335.178,7.197
F,A_03,335,335.1,F,1327.146,7.191
M,A_01,335,335.1,M,1100.633,7.004
M,A_02,335,335.1,M,1055.06,6.961
M,A_03,335,335.1,M,1097.8,7.001
M,A_04,335,335.1,M,1098.765,7.002
M,A_05,335,335.1,M,1096.433,7
F,A _0,335,335.2,F,1330.833,7.194
F,A_03,335,335.2,F,1320.729,7.186
F,A_04,335,335.2,F,1334.115,7.196
F,A_05,335,335.2,F,1293.639,7.165
F,A_06,335,335.2,F,1298.381,7.169
M,A_01,335,335.2,M,1107.747,7.01
M,A_02,335,335.2,M,1110.749,7.013
M,A_03,335,335.2,M,1112.295,7.014
M,A_04,335,335.2,M,1100.763,7.004
M,A_05,335,335.2,M,1110.382,7.012
F,A _0,335,335.3,F,1309.719,7.178
F,A_01,335,335.3,F,1291.461,7.163
F,A_03,335,335.3,F,1295.228,7.166
F,A_04,335,335.3,F,1297.332,7.168
F,A_05,335,335.3,F,1295.371,7.167
M,A_02,335,335.3,M,1135.338,7.035
M,A_03,335,335.3,M,1125.052,7.026
M,A_04,335,335.3,M,1144.076,7.042
M,A_05,335,335.3,M,1145.937,7.044
F,A_02,335,335.4,F,1229.431,7.114
F,A_03,335,335.4,F,1314.639,7.181
F,A_05,335,335.4,F,1239.516,7.122
M,A_01,335,335.4,M,1151.066,7.048
M,A_02,335,335.4,M,1138.405,7.037
M,A_03,335,335.4,M,1150.192,7.048
M,A_04,335,335.4,M,1139.017,7.038
M,A_05,335,335.4,M,1145.068,7.043
F,A_01,357,357.1,F,1338.701,7.199
F,A_02,357,357.1,F,1311.071,7.179
F,A_03,357,357.1,F,1273.389,7.149
F,A_04,357,357.1,F,1334.879,7.197
F,A_05,357,357.1,F,1297.011,7.168
M,A_01,357,357.1,M,1179.389,7.073
M,A_02,357,357.1,M,1122.763,7.024
M,A_03,357,357.1,M,1184.448,7.077
M,A_04,357,357.1,M,1129.623,7.03
M,A_05,357,357.1,M,1131.65,7.031
F,A_01,357,357.2,F,1222.129,7.108
F,A_02,357,357.2,F,1374.523,7.226
F,A_03,357,357.2,F,1257.448,7.137
F,A_04,357,357.2,F,1229.472,7.114
F,A_05,357,357.2,F,1288.543,7.161
M,A_01,357,357.2,M,1146.751,7.045
M,A_02,357,357.2,M,1127.453,7.028
M,A_03,357,357.2,M,1103.111,7.006
M,A_04,357,357.2,M,1129.817,7.03
M,A_05,357,357.2,M,1166.347,7.062
F,A_01,357,357.3,F,1171.011,7.065
F,A_02,357,357.3,F,1334.993,7.197
F,A_03,357,357.3,F,1331.652,7.194
F,A_04,357,357.3,F,1362.506,7.217
F,A_05,357,357.3,F,1238.148,7.121
M,A_01,357,357.3,M,1163.848,7.059
M,A_02,357,357.3,M,1172.815,7.067
M,A_03,357,357.3,M,1157.486,7.054
M,A_04,357,357.3,M,1198.698,7.089
M,A_05,357,357.3,M,1084.448,6.989
F,A_01,357,357.4,F,1369.143,7.222
F,A_02,357,357.4,F,1313.125,7.18
F,A_03,357,357.4,F,1249.659,7.131
F,A_04,357,357.4,F,1281.782,7.156
M,A_01,357,357.4,M,1187.871,7.08
M,A_02,357,357.4,M,1129.245,7.029
M,A_03,357,357.4,M,1132.701,7.032
M,A_04,357,357.4,M,1141.64,7.04
M,A_05,357,357.4,M,1126.865,7.027
F,A_01,358,358.1,F,1348.228,7.207
F,A_02,358,358.1,F,1349.555,7.208
F,A_03,358,358.1,F,1348.329,7.207
F,A_04,358,358.1,F,1415.4,7.255
F,A_05,358,358.1,F,1334.794,7.197
M,A_01,358,358.1,M,1122.167,7.023
M,A_02,358,358.1,M,1075.681,6.981
M,A_03,358,358.1,M,1102.17,7.005
M,A_04,358,358.1,M,1152.36,7.05
M,A_05,358,358.1,M,1134.313,7.034
F,A_01,358,358.2,F,1326.721,7.19
F,A_02,358,358.2,F,1356.111,7.212
F,A_03,358,358.2,F,1314.846,7.181
F,A_04,358,358.2,F,1375.903,7.227
F,A_05,358,358.2,F,1340.22,7.201
M,A_01,358,358.2,M,1125.359,7.026
M,A_02,358,358.2,M,1106.2,7.009
M,A_03,358,358.2,M,1104.829,7.007
M,A_04,358,358.2,M,1104.78,7.007
M,A_05,358,358.2,M,1133.701,7.033
F,A_01,358,358.3,F,1362.526,7.217
F,A_02,358,358.3,F,1377.965,7.228
F,A_03,358,358.3,F,1378.465,7.229
F,A_04,358,358.3,F,1398.488,7.243
F,A_05,358,358.3,F,1364.155,7.218
M,A_01,358,358.3,M,1156.616,7.053
M,A_02,358,358.3,M,1158.079,7.055
M,A_03,358,358.3,M,1148.596,7.046
M,A_04,358,358.3,M,1103.622,7.006
M,A_05,358,358.3,M,1150.698,7.048
F,A_01,358,358.4,F,1330.02,7.193
F,A_03,358,358.4,F,1317.256,7.183
F,A_04,358,358.4,F,1341.585,7.202
F,A_05,358,358.4,F,1334.781,7.197
F,A_06,358,358.4,F,1339.909,7.2
M,A_01,358,358.4,M,1166.221,7.062
M,A_02,358,358.4,M,1117.495,7.019
M,A_03,358,358.4,M,1099.543,7.003
M,A_04,358,358.4,M,1055.937,6.962
M,A_05,358,358.4,M,1104.51,7.007
F,A_01,360,360.1,F,1339.707,7.2
F,A_02,360,360.1,F,1313.019,7.18
F,A_03,360,360.1,F,1315.658,7.182
F,A_04,360,360.1,F,1360.414,7.216
F,A_05,360,360.1,F,1308.031,7.176
M,A_01,360,360.1,M,1207.961,7.097
M,A_02,360,360.1,M,1161.211,7.057
M,A_03,360,360.1,M,1181.646,7.075
M,A_05,360,360.1,M,1205.695,7.095
F,A_01,360,360.2,F,1349.653,7.208
F,A_02,360,360.2,F,1386.265,7.234
F,A_03,360,360.2,F,1326.988,7.191
F,A_04,360,360.2,F,1329.631,7.193
F,A_05,360,360.2,F,1333.731,7.196
M,A_01,360,360.2,M,1163.994,7.06
M,A_02,360,360.2,M,1177.749,7.071
M,A_03,360,360.2,M,1140.795,7.039
M,A_04,360,360.2,M,1166.96,7.062
M,A_05,360,360.2,M,1209.432,7.098
F,A_01,360,360.3,F,1333.348,7.195
F,A_02,360,360.3,F,1337.545,7.199
F,A_03,360,360.3,F,1368.184,7.221
F,A_04,360,360.3,F,1384.084,7.233
F,A_05,360,360.3,F,1361.052,7.216
M,A_01,360,360.3,M,1181.224,7.074
M,A_02,360,360.3,M,1164.471,7.06
M,A_04,360,360.3,M,1191.362,7.083
M,A_05,360,360.3,M,1163.806,7.059
F,A_01,360,360.4,F,1364.208,7.218
F,A_03,360,360.4,F,1297.059,7.168
F,A_04,360,360.4,F,1328.735,7.192
F,A_05,360,360.4,F,1326.602,7.19
M,A_01,360,360.4,M,1197.407,7.088
M,A_02,360,360.4,M,1169.473,7.064
M,A_03,360,360.4,M,1190.775,7.082
M,A_04,360,360.4,M,1139.475,7.038
M,A_05,360,360.4,M,1162.939,7.059
F,A_01,362,362.1,F,1323.372,7.188
F,A_02,362,362.1,F,1332.33,7.195
F,A_03,362,362.1,F,1293.376,7.165
F,A_04,362,362.1,F,1287.865,7.161
F,A_05,362,362.1,F,1300.474,7.17
M,A_01,362,362.1,M,1078.769,6.984
M,A_02,362,362.1,M,1091.462,6.995
M,A_03,362,362.1,M,1086.652,6.991
M,A_05,362,362.1,M,1048.746,6.955
F,A_01,362,362.2,F,1255.36,7.135
F,A_02,362,362.2,F,1299.089,7.169
F,A_03,362,362.2,F,1272.65,7.149
F,A_04,362,362.2,F,1323.554,7.188
M,A_02,362,362.2,M,1077.542,6.982
M,A_03,362,362.2,M,1090.903,6.995
M,A_04,362,362.2,M,1077.92,6.983
M,A_05,362,362.2,M,1079.733,6.984
F,A_01,362,362.3,F,1336.085,7.197
F,A_02,362,362.3,F,1271.606,7.148
F,A_03,362,362.3,F,1288.746,7.161
F,A_04,362,362.3,F,1296.73,7.168
F,A_05,362,362.3,F,1278.905,7.154
M,A_01,362,362.3,M,1099.279,7.002
M,A_02,362,362.3,M,1110.158,7.012
M,A_03,362,362.3,M,1116.455,7.018
M,A_04,362,362.3,M,1146.927,7.045
M,A_05,362,362.3,M,1149.328,7.047
F,A_01,362,362.4,F,1275.805,7.151
F,A_03,362,362.4,F,1271.384,7.148
F,A_04,362,362.4,F,1301.008,7.171
F,A_05,362,362.4,F,1310.639,7.178
M,A_01,362,362.4,M,1117.018,7.018
M,A_02,362,362.4,M,1160.524,7.057
M,A_03,362,362.4,M,1141.856,7.04
M,A_04,362,362.4,M,1100.665,7.004
M,A_05,362,362.4,M,1131.532,7.031
F,A_01,365,365.1,F,1303.271,7.173
F,A_02,365,365.1,F,1275.717,7.151
F,A_03,365,365.1,F,1298.499,7.169
F,A_04,365,365.1,F,1344.715,7.204
F,A_05,365,365.1,F,1312.868,7.18
M,A_01,365,365.1,M,1183.57,7.076
M,A_02,365,365.1,M,1172.292,7.067
M,A_03,365,365.1,M,1223.142,7.109
M,A_04,365,365.1,M,1105.371,7.008
M,A_05,365,365.1,M,1216.433,7.104
F,A_01,365,365.2,F,1285.457,7.159
F,A_02,365,365.2,F,1343.813,7.203
F,A_03,365,365.2,F,1366.986,7.22
F,A_04,365,365.2,F,1239.925,7.123
F,A_05,365,365.2,F,1320.326,7.186
M,A_01,365,365.2,M,1181.025,7.074
M,A_02,365,365.2,M,1204.422,7.094
M,A_03,365,365.2,M,1208.566,7.097
M,A_04,365,365.2,M,1148.212,7.046
F,A_01,365,365.3,F,1341.121,7.201
F,A_03,365,365.3,F,1318.446,7.184
F,A_04,365,365.3,F,1322.149,7.187
F,A_05,365,365.3,F,1253.937,7.134
M,A_01,365,365.3,M,1121.426,7.022
M,A_02,365,365.3,M,1090.183,6.994
M,A_03,365,365.3,M,1229.948,7.115
M,A_04,365,365.3,M,1175.618,7.07
M,A_05,365,365.3,M,1219.034,7.106
F,A_01,365,365.4,F,1255.375,7.135
F,A_02,365,365.4,F,1354.272,7.211
F,A_03,365,365.4,F,1298.145,7.169
F,A_04,365,365.4,F,1338.598,7.199
F,A_05,365,365.4,F,1291.188,7.163
M,A_01,365,365.4,M,1150.167,7.048
M,A_02,365,365.4,M,1188.565,7.08
M,A_03,365,365.4,M,1166.18,7.061
M,A_04,365,365.4,M,1100.161,7.003
M,A_05,365,365.4,M,1184.409,7.077
F,A_01,375,375.1,F,1339.74,7.2
F,A_02,375,375.1,F,1347.188,7.206
F,A_03,375,375.1,F,1353.399,7.21
F,A_04,375,375.1,F,1395.069,7.241
F,A_05,375,375.1,F,1327.844,7.191
M,A_01,375,375.1,M,1194.913,7.086
M,A_02,375,375.1,M,1157.895,7.054
M,A_03,375,375.1,M,1209.251,7.098
M,A_04,375,375.1,M,1114.902,7.017
M,A_05,375,375.1,M,1156.177,7.053
F,A_01,375,375.2,F,1363.43,7.218
F,A_02,375,375.2,F,1348.876,7.207
F,A_03,375,375.2,F,1349.639,7.208
F,A_04,375,375.2,F,1308.052,7.176
F,A_05,375,375.2,F,1276.884,7.152
M,A_01,375,375.2,M,1154.781,7.052
M,A_02,375,375.2,M,1219.143,7.106
M,A_03,375,375.2,M,1208.221,7.097
M,A_04,375,375.2,M,1200.858,7.091
M,A_05,375,375.2,M,1119.609,7.021
F,A_01,375,375.3,F,1344.214,7.204
F,A_02,375,375.3,F,1367.848,7.221
F,A_03,375,375.3,F,1314.171,7.181
F,A_04,375,375.3,F,1369.86,7.222
F,A_05,375,375.3,F,1343.5,7.203
M,A_01,375,375.3,M,1169.217,7.064
M,A_03,375,375.3,M,1158.536,7.055
M,A_04,375,375.3,M,1136.844,7.036
M,A_05,375,375.3,M,1187.31,7.079
F,A_01,375,375.4,F,1345.894,7.205
F,A_02,375,375.4,F,1355.81,7.212
F,A_03,375,375.4,F,1386.21,7.234
F,A_04,375,375.4,F,1365.7,7.219
F,A_05,375,375.4,F,1399.55,7.244
M,A_01,375,375.4,M,1162.149,7.058
M,A_02,375,375.4,M,1183.161,7.076
M,A_03,375,375.4,M,1208.175,7.097
M,A_04,375,375.4,M,1180.802,7.074
M,A_05,375,375.4,M,1141.169,7.04
F,A_01,379,379.1,F,1278.409,7.153
F,A_02,379,379.1,F,1294.09,7.165
F,A_03,379,379.1,F,1246.54,7.128
F,A_04,379,379.1,F,1308.066,7.176
F,A_05,379,379.1,F,1238.89,7.122
F,A_06,379,379.1,F,1260.818,7.14
M,A_01,379,379.1,M,1127.153,7.027
M,A_03,379,379.1,M,1065.775,6.971
M,A_05,379,379.1,M,1093.29,6.997
F,A_01,379,379.2,F,1213.804,7.102
F,A_02,379,379.2,F,1296.683,7.168
F,A_03,379,379.2,F,1283.688,7.157
F,A_04,379,379.2,F,1281.117,7.155
M,A_01,379,379.2,M,1092.316,6.996
M,A_03,379,379.2,M,1123.331,7.024
M,A_04,379,379.2,M,1118.87,7.02
M,A_05,379,379.2,M,1063.981,6.97
M,A_06,379,379.2,M,1091.595,6.995
F,A_01,379,379.3,F,1221.205,7.108
F,A_02,379,379.3,F,1187.23,7.079
F,A_03,379,379.3,F,1264.9,7.143
F,A_04,379,379.3,F,1224.001,7.11
F,A_05,379,379.3,F,1202.092,7.092
M,A_01,379,379.3,M,1076.382,6.981
M,A_02,379,379.3,M,1053.129,6.96
M,A_03,379,379.3,M,1089.8,6.994
M,A_04,379,379.3,M,1101.18,7.004
M,A_05,379,379.3,M,1087.958,6.992
F,A_01,379,379.4,F,1244.69,7.127
F,A_02,379,379.4,F,1239.986,7.123
F,A_03,379,379.4,F,1248.141,7.129
F,A_04,379,379.4,F,1254.821,7.135
F,A_05,379,379.4,F,1239.613,7.123
M,A_01,379,379.4,M,1100.364,7.003
M,A_02,379,379.4,M,1127.325,7.028
F,A_01,380,380.1,F,1369.794,7.222
F,A_02,380,380.1,F,1316.434,7.183
F,A_03,380,380.1,F,1274.723,7.15
F,A_04,380,380.1,F,1347.45,7.206
F,A_05,380,380.1,F,1318.721,7.184
M,A_01,380,380.1,M,1170.409,7.065
M,A_02,380,380.1,M,1185.621,7.078
M,A_03,380,380.1,M,1168.572,7.064
M,A_04,380,380.1,M,1139.725,7.039
M,A_05,380,380.1,M,1109.814,7.012
F,A_01,380,380.2,F,1201.886,7.092
F,A_02,380,380.2,F,1280.052,7.155
F,A_03,380,380.2,F,1276.902,7.152
F,A_04,380,380.2,F,1400.822,7.245
F,A_05,380,380.2,F,1303.548,7.173
M,A_01,380,380.2,M,1171.925,7.066
M,A_02,380,380.2,M,1155.377,7.052
M,A_03,380,380.2,M,1207.441,7.096
M,A_04,380,380.2,M,1151.089,7.048
M,A_05,380,380.2,M,1172.523,7.067
F,A_01,380,380.3,F,1317.343,7.183
F,A_02,380,380.3,F,1284.34,7.158
F,A_03,380,380.3,F,1358.718,7.214
F,A_04,380,380.3,F,1364.121,7.218
F,A_05,380,380.3,F,1284.024,7.158
M,A_01,380,380.3,M,1179.456,7.073
M,A_02,380,380.3,M,1154.733,7.052
M,A_03,380,380.3,M,1051.653,6.958
M,A_04,380,380.3,M,1131.573,7.031
M,A_05,380,380.3,M,1132.278,7.032
F,A_01,380,380.4,F,1313.747,7.181
F,A_02,380,380.4,F,1333.96,7.196
F,A_03,380,380.4,F,1290.342,7.163
F,A_04,380,380.4,F,1289.178,7.162
F,A_05,380,380.4,F,1380.135,7.23
M,A_01,380,380.4,M,1122.707,7.023
M,A_03,380,380.4,M,1146.868,7.045
M,A_04,380,380.4,M,1117.622,7.019
M,A_05,380,380.4,M,1099.954,7.003
F,A_01,391,391.1,F,1318.317,7.184
F,A_02,391,391.1,F,1360.78,7.216
F,A_03,391,391.1,F,1338.63,7.199
F,A_04,391,391.1,F,1322.826,7.188
F,A_05,391,391.1,F,1296.445,7.167
M,A_01,391,391.1,M,1206.219,7.095
M,A_02,391,391.1,M,1191.845,7.083
M,A_05,391,391.1,M,1142.959,7.041
F,A_01,391,391.2,F,1344.35,7.204
F,A_02,391,391.2,F,1400.414,7.245
F,A_03,391,391.2,F,1348.269,7.207
F,A_04,391,391.2,F,1343.464,7.203
F,A_05,391,391.2,F,1328.172,7.192
M,A_01,391,391.2,M,1202.541,7.092
M,A_02,391,391.2,M,1153.052,7.05
M,A_04,391,391.2,M,1150.724,7.048
M,A_05,391,391.2,M,1146.669,7.045
F,A_01,391,391.3,F,1318.015,7.184
F,A_02,391,391.3,F,1320.615,7.186
F,A_03,391,391.3,F,1313.172,7.18
F,A_04,391,391.3,F,1319.367,7.185
F,A_06,391,391.3,F,1348.571,7.207
M,A_01,391,391.3,M,1175.274,7.069
M,A_02,391,391.3,M,1153.905,7.051
M,A_04,391,391.3,M,1171.637,7.066
M,A_05,391,391.3,M,1165.58,7.061
F,A_01,391,391.4,F,1292.913,7.165
F,A_02,391,391.4,F,1315.445,7.182
F,A_03,391,391.4,F,1342.984,7.203
F,A_04,391,391.4,F,1268.49,7.146
M,A_01,391,391.4,M,1164.739,7.06
M,A_02,391,391.4,M,1176.839,7.071
M,A_03,391,391.4,M,1138.444,7.037
M,A_04,391,391.4,M,1181.291,7.074
M,A_05,391,391.4,M,1160.707,7.057
F,A_01,399,399.1,F,1403.408,7.247
F,A_02,399,399.1,F,1387.768,7.235
F,A_03,399,399.1,F,1386.456,7.235
F,A_04,399,399.1,F,1388.277,7.236
F,A_05,399,399.1,F,1352.62,7.21
M,A_01,399,399.1,M,1189.482,7.081
M,A_02,399,399.1,M,1188.745,7.081
M,A_03,399,399.1,M,1192.449,7.084
M,A_04,399,399.1,M,1185.619,7.078
M,A_05,399,399.1,M,1167.822,7.063
F,A_01,399,399.2,F,1370.508,7.223
F,A_02,399,399.2,F,1380.591,7.23
F,A_03,399,399.2,F,1383.391,7.232
F,A_04,399,399.2,F,1369.855,7.222
F,A_05,399,399.2,F,1350.075,7.208
M,A_01,399,399.2,M,1203.237,7.093
M,A_02,399,399.2,M,1169.178,7.064
M,A_03,399,399.2,M,1195.94,7.087
M,A_04,399,399.2,M,1217.924,7.105
M,A_05,399,399.2,M,1192.72,7.084
F,A_02,399,399.3,F,1369.515,7.222
F,A_03,399,399.3,F,1405.098,7.248
F,A_04,399,399.3,F,1368.443,7.221
F,A_05,399,399.3,F,1373.065,7.225
M,A_01,399,399.3,M,1199.497,7.09
M,A_02,399,399.3,M,1181.937,7.075
M,A_03,399,399.3,M,1222.499,7.109
M,A_04,399,399.3,M,1221.319,7.108
M,A_05,399,399.3,M,1187.273,7.079
F,A_01,399,399.4,F,1394.198,7.24
F,A_02,399,399.4,F,1373.414,7.225
F,A_03,399,399.4,F,1388.446,7.236
F,A_04,399,399.4,F,1393.108,7.239
F,A_05,399,399.4,F,1372.738,7.225
M,A_01,399,399.4,M,1215.535,7.103
M,A_02,399,399.4,M,1191.854,7.083
M,A_03,399,399.4,M,1175.634,7.07
M,A_04,399,399.4,M,1187.405,7.08
M,A_05,399,399.4,M,1165.57,7.061
F,A_01,427,427.1,F,1330.825,7.194
F,A_02,427,427.1,F,1345.328,7.204
F,A_04,427,427.1,F,1330.779,7.194
F,A_05,427,427.1,F,1351.074,7.209
M,A_01,427,427.1,M,1185.195,7.078
M,A_02,427,427.1,M,1184.676,7.077
M,A_03,427,427.1,M,1210.762,7.099
M,A_04,427,427.1,M,1134.892,7.034
M,A_05,427,427.1,M,1203.537,7.093
F,A_01,427,427.2,F,1305.453,7.174
F,A_02,427,427.2,F,1336.817,7.198
F,A_03,427,427.2,F,1354.131,7.211
F,A_04,427,427.2,F,1255.367,7.135
F,A_05,427,427.2,F,1281.562,7.156
M,A_03,427,427.2,M,1179.171,7.073
M,A_04,427,427.2,M,1171.658,7.066
M,A_05,427,427.2,M,1188.432,7.08
F,A_01,427,427.3,F,1377.825,7.228
F,A_02,427,427.3,F,1264.831,7.143
F,A_03,427,427.3,F,1294.623,7.166
F,A_04,427,427.3,F,1353.322,7.21
F,A_05,427,427.3,F,1334.706,7.196
M,A_01,427,427.3,M,1188.536,7.08
M,A_02,427,427.3,M,1136.661,7.036
M,A_03,427,427.3,M,1113.067,7.015
M,A_04,427,427.3,M,1175.271,7.069
M,A_05,427,427.3,M,1148.764,7.046
F,A_01,427,427.4,F,1215.506,7.103
F,A_02,427,427.4,F,1312.698,7.18
F,A_03,427,427.4,F,1262.376,7.141
F,A_04,427,427.4,F,1349.76,7.208
F,A_05,427,427.4,F,1231.928,7.116
M,A_01,427,427.4,M,1184.052,7.077
M,A_02,427,427.4,M,1115.459,7.017
M,A_04,427,427.4,M,1188.627,7.081
M,A_05,427,427.4,M,1116.481,7.018
F,A_01,437,437.1,F,1284.269,7.158
F,A_02,437,437.1,F,1248.547,7.13
F,A_03,437,437.1,F,1291.115,7.163
F,A_04,437,437.1,F,1265.817,7.143
F,A_05,437,437.1,F,1264.708,7.143
M,A_01,437,437.1,M,1089.573,6.994
M,A_02,437,437.1,M,1113.291,7.015
M,A_03,437,437.1,M,1100.896,7.004
M,A_04,437,437.1,M,1083.884,6.988
F,A_01,437,437.2,F,1270.081,7.147
F,A_02,437,437.2,F,1257.228,7.137
F,A_03,437,437.2,F,1255.583,7.135
F,A_04,437,437.2,F,1292.933,7.165
F,A_05,437,437.2,F,1269.203,7.146
M,A_01,437,437.2,M,1122.812,7.024
M,A_02,437,437.2,M,1105.998,7.009
M,A_03,437,437.2,M,1120.72,7.022
M,A_04,437,437.2,M,1100.353,7.003
M,A_05,437,437.2,M,1122.852,7.024
F,A_01,437,437.3,F,1298.166,7.169
F,A_02,437,437.3,F,1308.239,7.176
F,A_03,437,437.3,F,1292.752,7.165
F,A_04,437,437.3,F,1318.598,7.184
F,A_05,437,437.3,F,1293.26,7.165
M,A_01,437,437.3,M,1136.522,7.036
M,A_02,437,437.3,M,1151.157,7.049
M,A_03,437,437.3,M,1136.422,7.036
M,A_04,437,437.3,M,1154.975,7.052
M,A_05,437,437.3,M,1142.847,7.041
F,A_01,437,437.4,F,1285.078,7.159
F,A_02,437,437.4,F,1318.875,7.185
F,A_03,437,437.4,F,1329.133,7.192
F,A_04,437,437.4,F,1304.95,7.174
F,A_05,437,437.4,F,1283.356,7.157
M,A_01,437,437.4,M,1154.589,7.051
M,A_02,437,437.4,M,1169.245,7.064
M,A_03,437,437.4,M,1146.434,7.044
M,A_04,437,437.4,M,1132.922,7.033
M,A_05,437,437.4,M,1167.408,7.063
F,A_01,486,486.1,F,1297.983,7.169
F,A_02,486,486.1,F,1294.508,7.166
F,A_03,486,486.1,F,1307.245,7.176
F,A_04,486,486.1,F,1238.771,7.122
F,A_05,486,486.1,F,1224.926,7.111
F,A_06,486,486.1,F,1234.371,7.118
M,A_02,486,486.1,M,1092.425,6.996
M,A_04,486,486.1,M,1143.94,7.042
M,A_05,486,486.1,M,1106.676,7.009
M,A_06,486,486.1,M,1108.916,7.011
F,A_01,486,486.2,F,1274.065,7.15
F,A_02,486,486.2,F,1326.594,7.19
M,A_01,486,486.2,M,1071.063,6.976
M,A_02,486,486.2,M,1122.299,7.023
M,A_03,486,486.2,M,1058.922,6.965
M,A_04,486,486.2,M,1085.333,6.99
F,A_01,486,486.3,F,1343.205,7.203
F,A_02,486,486.3,F,1368.134,7.221
F,A_03,486,486.3,F,1316.115,7.182
F,A_04,486,486.3,F,1348.719,7.207
F,A_05,486,486.3,F,1365.267,7.219
F,A_06,486,486.3,F,1371.452,7.224
M,A_01,486,486.3,M,1152.184,7.049
M,A_02,486,486.3,M,1152.736,7.05
M,A_03,486,486.3,M,1171.126,7.066
M,A_04,486,486.3,M,1138.263,7.037
M,A_05,486,486.3,M,1129.385,7.029
M,A_06,486,486.3,M,1157.411,7.054
F,A_01,486,486.4,F,1308.59,7.177
F,A_02,486,486.4,F,1286.711,7.16
F,A_03,486,486.4,F,1284.612,7.158
F,A_04,486,486.4,F,1293.462,7.165
F,A_05,486,486.4,F,1340.587,7.201
F,A_06,486,486.4,F,1245.228,7.127
M,A_01,486,486.4,M,1053.459,6.96
M,A_02,486,486.4,M,1058.065,6.964
M,A_03,486,486.4,M,1139.364,7.038
M,A_04,486,486.4,M,1125.464,7.026
M,A_05,486,486.4,M,1173.416,7.068
M,A_06,486,486.4,M,1119.07,7.02
F,A_01,514,514.1,F,1381.391,7.231
F,A_02,514,514.1,F,1403.561,7.247
F,A_03,514,514.1,F,1372.41,7.224
F,A_04,514,514.1,F,1365.348,7.219
F,A_05,514,514.1,F,1346.708,7.205
M,A_01,514,514.1,M,1195.559,7.086
M,A_02,514,514.1,M,1147.68,7.045
M,A_03,514,514.1,M,1152.925,7.05
M,A_04,514,514.1,M,1167.899,7.063
M,A_05,514,514.1,M,1166.855,7.062
F,A_01,514,514.2,F,1361.68,7.216
F,A_02,514,514.2,F,1369.172,7.222
F,A_03,514,514.2,F,1361.566,7.216
F,A_04,514,514.2,F,1366.843,7.22
F,A_05,514,514.2,F,1330.518,7.193
M,A_01,514,514.2,M,1177.133,7.071
M,A_02,514,514.2,M,1150.908,7.048
M,A_03,514,514.2,M,1173.643,7.068
M,A_04,514,514.2,M,1162.343,7.058
M,A_05,514,514.2,M,1154.838,7.052
F,A_01,514,514.3,F,1309.733,7.178
F,A_02,514,514.3,F,1352.927,7.21
F,A_03,514,514.3,F,1363.593,7.218
F,A_04,514,514.3,F,1333.185,7.195
F,A_05,514,514.3,F,1338.55,7.199
M,A_01,514,514.3,M,1173.467,7.068
M,A_02,514,514.3,M,1150.011,7.048
M,A_03,514,514.3,M,1172.436,7.067
M,A_04,514,514.3,M,1170.129,7.065
M,A_05,514,514.3,M,1161.972,7.058
F,A_01,514,514.4,F,1332.079,7.194
F,A_02,514,514.4,F,1335.513,7.197
F,A_03,514,514.4,F,1328.549,7.192
F,A_04,514,514.4,F,1348.027,7.206
F,A_05,514,514.4,F,1353.029,7.21
M,A_01,514,514.4,M,1179.013,7.072
M,A_02,514,514.4,M,1208.811,7.097
M,A_03,514,514.4,M,1186.854,7.079
M,A_04,514,514.4,M,1177.988,7.072
M,A_05,514,514.4,M,1156.459,7.053
M,A_06,514,514.4,M,1153.521,7.051
F,A_01,517,517.1,F,1273.184,7.149
F,A_02,517,517.1,F,1283.186,7.157
F,A_04,517,517.1,F,1299.312,7.17
F,A_05,517,517.1,F,1273.891,7.15
M,A_01,517,517.1,M,1067.761,6.973
M,A_02,517,517.1,M,1074.753,6.98
M,A_03,517,517.1,M,1058.062,6.964
M,A_04,517,517.1,M,1057.563,6.964
M,A_05,517,517.1,M,1052.403,6.959
F,A_01,517,517.2,F,1320.828,7.186
F,A_02,517,517.2,F,1302.175,7.172
F,A_03,517,517.2,F,1275.074,7.151
F,A_04,517,517.2,F,1304.338,7.173
F,A_05,517,517.2,F,1284.146,7.158
M,A_01,517,517.2,M,1076.15,6.981
M,A_02,517,517.2,M,1071.358,6.977
M,A_03,517,517.2,M,1079.267,6.984
M,A_04,517,517.2,M,1112.743,7.015
M,A_05,517,517.2,M,1073.911,6.979
F,A_02,517,517.3,F,1261.234,7.14
F,A_03,517,517.3,F,1246.65,7.128
F,A_04,517,517.3,F,1264.329,7.142
F,A_05,517,517.3,F,1255.057,7.135
M,A_01,517,517.3,M,1084.786,6.989
M,A_02,517,517.3,M,1115.227,7.017
M,A_05,517,517.3,M,1094.93,6.998
F,A_01,517,517.4,F,1232.691,7.117
F,A_02,517,517.4,F,1271.471,7.148
F,A_03,517,517.4,F,1249.4,7.13
F,A_04,517,517.4,F,1267.341,7.145
F,A_05,517,517.4,F,1267.179,7.145
M,A_01,517,517.4,M,1084.802,6.989
M,A_02,517,517.4,M,1088.996,6.993
M,A_03,517,517.4,M,1057.663,6.964
M,A_04,517,517.4,M,1105.337,7.008
M,A_05,517,517.4,M,1084.474,6.989
F,A_01,555,555.1,F,1382.163,7.231
F,A_02,555,555.1,F,1359.164,7.215
F,A_03,555,555.1,F,1292.167,7.164
F,A_04,555,555.1,F,1357.745,7.214
F,A_05,555,555.1,F,1411.536,7.252
M,A_01,555,555.1,M,1202.418,7.092
M,A_02,555,555.1,M,1175.416,7.069
M,A_03,555,555.1,M,1155.533,7.052
M,A_04,555,555.1,M,1218.186,7.105
M,A_05,555,555.1,M,1150.51,7.048
F,A_01,555,555.2,F,1352.299,7.21
F,A_02,555,555.2,F,1413.045,7.253
F,A_03,555,555.2,F,1392.012,7.239
F,A_04,555,555.2,F,1345.449,7.204
F,A_05,555,555.2,F,1374.053,7.226
M,A_01,555,555.2,M,1196.951,7.088
M,A_02,555,555.2,M,1155.521,7.052
M,A_03,555,555.2,M,1176.623,7.07
M,A_04,555,555.2,M,1173.293,7.068
M,A_05,555,555.2,M,1141.981,7.041
F,A_01,555,555.3,F,1326.693,7.19
F,A_02,555,555.3,F,1333.166,7.195
F,A_03,555,555.3,F,1392.635,7.239
F,A_04,555,555.3,F,1371.633,7.224
F,A_05,555,555.3,F,1348.7,7.207
M,A_01,555,555.3,M,1127.228,7.028
M,A_02,555,555.3,M,1107.031,7.009
M,A_03,555,555.3,M,1148.178,7.046
M,A_04,555,555.3,M,1116.752,7.018
M,A_05,555,555.3,M,1161.573,7.058
F,A_01,555,555.4,F,1358.356,7.214
F,A_02,555,555.4,F,1339.923,7.2
F,A_03,555,555.4,F,1336.324,7.198
F,A_04,555,555.4,F,1318.788,7.184
F,A_05,555,555.4,F,1364.986,7.219
M,A_01,555,555.4,M,1160.311,7.056
M,A_02,555,555.4,M,1172.372,7.067
M,A_03,555,555.4,M,1166.726,7.062
M,A_04,555,555.4,M,1171.225,7.066
M,A_05,555,555.4,M,1105.019,7.008
F,A_01,639,639.1,F,1346.322,7.205
F,A_02,639,639.1,F,1327.758,7.191
F,A_03,639,639.1,F,1371.568,7.224
F,A_04,639,639.1,F,1356.471,7.213
M,A_01,639,639.1,M,1140.273,7.039
M,A_02,639,639.1,M,1147.641,7.045
M,A_03,639,639.1,M,1141.6,7.04
M,A_04,639,639.1,M,1167.423,7.063
M,A_05,639,639.1,M,1156.811,7.053
F,A_01,639,639.2,F,1354.774,7.211
F,A_02,639,639.2,F,1323.71,7.188
F,A_03,639,639.2,F,1380.153,7.23
F,A_04,639,639.2,F,1288.665,7.161
F,A_05,639,639.2,F,1353.881,7.211
M,A_01,639,639.2,M,1147.235,7.045
M,A_02,639,639.2,M,1152.064,7.049
M,A_03,639,639.2,M,1133.686,7.033
M,A_05,639,639.2,M,1156.507,7.053
F,A_01,639,639.3,F,1139.326,7.038
F,A_02,639,639.3,F,1374.015,7.225
F,A_03,639,639.3,F,1362.903,7.217
F,A_04,639,639.3,F,1114.425,7.016
M,A_01,639,639.3,M,1154.195,7.051
M,A_02,639,639.3,M,1163.391,7.059
M,A_04,639,639.3,M,1183.497,7.076
F,A_01,639,639.4,F,1305.579,7.174
F,A_02,639,639.4,F,1385.582,7.234
F,A_03,639,639.4,F,1287.309,7.16
F,A_04,639,639.4,F,1323.149,7.188
F,A_05,639,639.4,F,1350.843,7.208
M,A_04,639,639.4,M,1145.692,7.044
M,A_05,639,639.4,M,1138.053,7.037
F,A_01,705,705.1,F,1349.079,7.207
F,A_02,705,705.1,F,1269.503,7.146
F,A_03,705,705.1,F,1319.997,7.185
F,A_04,705,705.1,F,1308.054,7.176
F,A_05,705,705.1,F,1333.136,7.195
M,A_01,705,705.1,M,1069.483,6.975
M,A_03,705,705.1,M,1135.415,7.035
M,A_04,705,705.1,M,1117.161,7.019
M,A_05,705,705.1,M,1107.722,7.01
F,A_01,705,705.2,F,1313.987,7.181
F,A_02,705,705.2,F,1280.528,7.155
F,A_03,705,705.2,F,1312.932,7.18
F,A_05,705,705.2,F,1258.031,7.137
M,A_01,705,705.2,M,1097.443,7.001
M,A_02,705,705.2,M,1082.972,6.987
M,A_03,705,705.2,M,1079.892,6.985
M,A_04,705,705.2,M,1076.351,6.981
M,A_05,705,705.2,M,1069.866,6.975
F,A_01,705,705.3,F,1337.04,7.198
F,A_02,705,705.3,F,1270.251,7.147
F,A_03,705,705.3,F,1312.606,7.18
F,A_04,705,705.3,F,1267.554,7.145
F,A_05,705,705.3,F,1327.659,7.191
M,A_01,705,705.3,M,1140.191,7.039
M,A_02,705,705.3,M,1112.915,7.015
M,A_03,705,705.3,M,1171.204,7.066
M,A_04,705,705.3,M,1149.411,7.047
M,A_05,705,705.3,M,1104.646,7.007
F,A_01,705,705.4,F,1340.804,7.201
F,A_02,705,705.4,F,1283.36,7.157
F,A_03,705,705.4,F,1336.467,7.198
F,A_04,705,705.4,F,1333.932,7.196
F,A_05,705,705.4,F,1312.348,7.18
M,A_01,705,705.4,M,1140.779,7.039
M,A_02,705,705.4,M,1148.886,7.047
M,A_03,705,705.4,M,1089.964,6.994
M,A_04,705,705.4,M,1123.376,7.024
M,A_05,705,705.4,M,1148.502,7.046
F,A_01,707,707.1,F,1282.108,7.156
F,A_02,707,707.1,F,1337.331,7.198
F,A_03,707,707.1,F,1287.224,7.16
F,A_04,707,707.1,F,1296.815,7.168
F,A_05,707,707.1,F,1352.697,7.21
M,A_01,707,707.1,M,1160.237,7.056
M,A_02,707,707.1,M,1181.16,7.074
M,A_03,707,707.1,M,1124.635,7.025
M,A_04,707,707.1,M,1147.151,7.045
M,A_05,707,707.1,M,1106.402,7.009
F,A_01,707,707.2,F,1347.227,7.206
F,A_02,707,707.2,F,1284.423,7.158
F,A_03,707,707.2,F,1337.355,7.198
F,A_04,707,707.2,F,1311.259,7.179
F,A_05,707,707.2,F,1409.119,7.251
M,A_02,707,707.2,M,1172.5,7.067
M,A_03,707,707.2,M,1126.56,7.027
M,A_04,707,707.2,M,1175.575,7.07
M,A_05,707,707.2,M,1149.719,7.047
F,A_01,707,707.3,F,1338.421,7.199
F,A_02,707,707.3,F,1346.224,7.205
F,A_03,707,707.3,F,1376.524,7.227
F,A_04,707,707.3,F,1324.322,7.189
F,A_05,707,707.3,F,1405.836,7.248
F,A_06,707,707.3,F,1344.036,7.203
M,A_01,707,707.3,M,1126.612,7.027
M,A_02,707,707.3,M,1152.302,7.05
M,A_04,707,707.3,M,1092.26,6.996
M,A_05,707,707.3,M,1138.181,7.037
F,A_01,707,707.4,F,1356.441,7.213
F,A_02,707,707.4,F,1388.052,7.236
F,A_03,707,707.4,F,1365.485,7.219
F,A_04,707,707.4,F,1373.342,7.225
F,A_05,707,707.4,F,1352.818,7.21
M,A_01,707,707.4,M,1100.928,7.004
M,A_03,707,707.4,M,1165.109,7.061
M,A_04,707,707.4,M,1185.732,7.078
M,A_05,707,707.4,M,1150.582,7.048
F,A_01,712,712.1,F,1386.424,7.234
F,A_02,712,712.1,F,1400.108,7.244
F,A_03,712,712.1,F,1376.598,7.227
F,A_04,712,712.1,F,1315.742,7.182
F,A_05,712,712.1,F,1343.938,7.203
M,A_02,712,712.1,M,1170.98,7.066
M,A_03,712,712.1,M,1209.887,7.098
M,A_04,712,712.1,M,1117.831,7.019
M,A_05,712,712.1,M,1156.629,7.053
F,A_01,712,712.2,F,1388.543,7.236
F,A_02,712,712.2,F,1400.598,7.245
F,A_03,712,712.2,F,1357.859,7.214
F,A_04,712,712.2,F,1368.466,7.221
F,A_05,712,712.2,F,1376.689,7.227
M,A_01,712,712.2,M,1165.609,7.061
M,A_02,712,712.2,M,1163.922,7.06
M,A_03,712,712.2,M,1176.628,7.07
M,A_04,712,712.2,M,1172.907,7.067
M,A_05,712,712.2,M,1098.494,7.002
F,A_01,712,712.3,F,1369.627,7.222
F,A_02,712,712.3,F,1400.454,7.245
F,A_03,712,712.3,F,1364.921,7.219
F,A_04,712,712.3,F,1375.055,7.226
F,A_05,712,712.3,F,1412.725,7.253
M,A_01,712,712.3,M,1156.542,7.053
M,A_02,712,712.3,M,1165.105,7.061
M,A_03,712,712.3,M,1126.971,7.027
M,A_05,712,712.3,M,1183.782,7.076
F,A_01,712,712.4,F,1191.256,7.083
F,A_02,712,712.4,F,1368.814,7.222
F,A_03,712,712.4,F,1400.162,7.244
F,A_04,712,712.4,F,1340.383,7.201
F,A_05,712,712.4,F,1410.642,7.252
M,A_01,712,712.4,M,1166.555,7.062
M,A_02,712,712.4,M,1159.504,7.056
M,A_03,712,712.4,M,1147.613,7.045
M,A_04,712,712.4,M,1122.598,7.023
M,A_05,712,712.4,M,1136.103,7.035
F,A_01,714,714.1,F,1371.412,7.224
F,A_02,714,714.1,F,1384.932,7.233
F,A_03,714,714.1,F,1272.231,7.149
F,A_04,714,714.1,F,1367.594,7.221
F,A_05,714,714.1,F,1328.202,7.192
M,A_01,714,714.1,M,1148.147,7.046
M,A_02,714,714.1,M,1028.678,6.936
M,A_03,714,714.1,M,1113.501,7.015
M,A_04,714,714.1,M,1127.323,7.028
M,A_05,714,714.1,M,1168.413,7.063
F,A_01,714,714.2,F,1364.318,7.218
F,A_02,714,714.2,F,1352.613,7.21
F,A_03,714,714.2,F,1356.05,7.212
F,A_04,714,714.2,F,1359.38,7.215
F,A_05,714,714.2,F,1348.24,7.207
M,A_01,714,714.2,M,1119.747,7.021
M,A_02,714,714.2,M,1131.064,7.031
M,A_03,714,714.2,M,1159.983,7.056
M,A_04,714,714.2,M,1132.019,7.032
M,A_05,714,714.2,M,1131.909,7.032
F,A_01,714,714.3,F,1282.869,7.157
F,A_02,714,714.3,F,1309.834,7.178
F,A_03,714,714.3,F,1228.283,7.113
F,A_04,714,714.3,F,1295.13,7.166
F,A_05,714,714.3,F,1311.971,7.179
M,A_01,714,714.3,M,1188.806,7.081
M,A_02,714,714.3,M,1155.077,7.052
M,A_03,714,714.3,M,1152.032,7.049
M,A_04,714,714.3,M,1156.678,7.053
M,A_05,714,714.3,M,1148.96,7.047
F,A_01,714,714.4,F,1293.142,7.165
F,A_02,714,714.4,F,1291.959,7.164
F,A_03,714,714.4,F,1284.105,7.158
F,A_04,714,714.4,F,1275.983,7.151
F,A_05,714,714.4,F,1288.894,7.162
M,A_02,714,714.4,M,1100.247,7.003
M,A_03,714,714.4,M,1150.311,7.048
M,A_04,714,714.4,M,1201.533,7.091
M,A_05,714,714.4,M,1086.076,6.99
F,A_01,730,730.1,F,1336.997,7.198
F,A_02,730,730.1,F,1327.701,7.191
F,A_03,730,730.1,F,1298.984,7.169
F,A_04,730,730.1,F,1373.286,7.225
F,A_05,730,730.1,F,1274.782,7.151
M,A_02,730,730.1,M,1190.773,7.082
M,A_03,730,730.1,M,1093.454,6.997
M,A_04,730,730.1,M,1153.754,7.051
M,A_05,730,730.1,M,1187.15,7.079
F,A_01,730,730.2,F,1275.959,7.151
F,A_02,730,730.2,F,1233.022,7.117
F,A_03,730,730.2,F,1243.304,7.125
F,A_04,730,730.2,F,1371.035,7.223
F,A_05,730,730.2,F,1342.694,7.202
M,A_01,730,730.2,M,1227.246,7.113
M,A_02,730,730.2,M,1125.861,7.026
M,A_03,730,730.2,M,1179.884,7.073
M,A_04,730,730.2,M,1218.185,7.105
M,A_05,730,730.2,M,1130.29,7.03
F,A_01,730,730.3,F,1375.185,7.226
F,A_02,730,730.3,F,1255.977,7.136
F,A_03,730,730.3,F,1333.177,7.195
F,A_04,730,730.3,F,1401.036,7.245
F,A_05,730,730.3,F,1326.192,7.19
M,A_01,730,730.3,M,1192.175,7.084
M,A_02,730,730.3,M,1217.742,7.105
M,A_03,730,730.3,M,1152.136,7.049
M,A_04,730,730.3,M,1137.24,7.036
M,A_05,730,730.3,M,1133.539,7.033
F,A_01,730,730.4,F,1387.494,7.235
F,A_02,730,730.4,F,1404.244,7.247
F,A_03,730,730.4,F,1404.339,7.247
F,A_04,730,730.4,F,1376.638,7.227
F,A_05,730,730.4,F,1372.881,7.225
M,A_01,730,730.4,M,1176.226,7.07
M,A_02,730,730.4,M,1126.204,7.027
M,A_03,730,730.4,M,1173.635,7.068
M,A_04,730,730.4,M,1173.421,7.068
M,A_05,730,730.4,M,1185.608,7.078
F,A_01,732,732.1,F,1332.688,7.195
F,A_02,732,732.1,F,1361.318,7.216
F,A_03,732,732.1,F,1355.975,7.212
F,A_04,732,732.1,F,1347.044,7.206
F,A_05,732,732.1,F,1353.301,7.21
M,A_03,732,732.1,M,1143.593,7.042
M,A_04,732,732.1,M,1163.037,7.059
M,A_05,732,732.1,M,1148.158,7.046
F,A_01,732,732.2,F,1363.313,7.218
F,A_02,732,732.2,F,1318.925,7.185
F,A_03,732,732.2,F,1366.671,7.22
F,A_04,732,732.2,F,1368.773,7.222
F,A_05,732,732.2,F,1346.704,7.205
M,A_02,732,732.2,M,1142.423,7.041
M,A_03,732,732.2,M,1144.839,7.043
M,A_04,732,732.2,M,1148.425,7.046
M,A_05,732,732.2,M,1121.373,7.022
M,A_06,732,732.2,M,1094.299,6.998
F,A_01,732,732.3,F,1332.714,7.195
F,A_02,732,732.3,F,1377.715,7.228
F,A_03,732,732.3,F,1347.321,7.206
F,A_04,732,732.3,F,1350.88,7.209
F,A_05,732,732.3,F,1358.627,7.214
M,A_01,732,732.3,M,1182.244,7.075
M,A_02,732,732.3,M,1187.887,7.08
M,A_03,732,732.3,M,1145.928,7.044
M,A_04,732,732.3,M,1170.609,7.065
M,A_05,732,732.3,M,1192.576,7.084
F,A_01,732,732.4,F,1346.193,7.205
F,A_02,732,732.4,F,1305.136,7.174
F,A_03,732,732.4,F,1370.396,7.223
F,A_04,732,732.4,F,1362.628,7.217
F,A_05,732,732.4,F,1333.115,7.195
M,A_01,732,732.4,M,1142.39,7.041
M,A_02,732,732.4,M,1178.47,7.072
M,A_03,732,732.4,M,1147.899,7.046
M,A_04,732,732.4,M,1167.601,7.063
M,A_05,732,732.4,M,1194.459,7.085
F,A_01,765,765.1,F,1311.801,7.179
F,A_02,765,765.1,F,1354.865,7.211
F,A_03,765,765.1,F,1274.633,7.15
F,A_04,765,765.1,F,1351.323,7.209
F,A_05,765,765.1,F,1289.099,7.162
M,A_01,765,765.1,M,1175.208,7.069
M,A_02,765,765.1,M,1134.234,7.034
M,A_03,765,765.1,M,1121.093,7.022
M,A_04,765,765.1,M,1110.089,7.012
M,A_05,765,765.1,M,1147.864,7.046
F,A_01,765,765.2,F,1292.127,7.164
F,A_02,765,765.2,F,1320.704,7.186
F,A_03,765,765.2,F,1285.537,7.159
F,A_04,765,765.2,F,1352.772,7.21
F,A_05,765,765.2,F,1333.607,7.196
M,A_01,765,765.2,M,1114.637,7.016
M,A_02,765,765.2,M,1133.591,7.033
M,A_03,765,765.2,M,1104.85,7.007
M,A_04,765,765.2,M,1136.071,7.035
F,A_01,765,765.3,F,1291.513,7.164
F,A_02,765,765.3,F,1275.885,7.151
F,A_03,765,765.3,F,1229.523,7.114
F,A_04,765,765.3,F,1256.261,7.136
F,A_05,765,765.3,F,1321.198,7.186
M,A_01,765,765.3,M,1158.071,7.055
M,A_02,765,765.3,M,1144.956,7.043
M,A_03,765,765.3,M,1162.507,7.058
M,A_04,765,765.3,M,1153.681,7.051
M,A_05,765,765.3,M,1143.67,7.042
F,A_01,765,765.4,F,1299.372,7.17
F,A_02,765,765.4,F,1253.838,7.134
F,A_03,765,765.4,F,1239.665,7.123
F,A_04,765,765.4,F,1220.772,7.107
F,A_05,765,765.4,F,1313.553,7.18
M,A_01,765,765.4,M,1123.152,7.024
M,A_02,765,765.4,M,1158.698,7.055
M,A_03,765,765.4,M,1126.132,7.027
M,A_04,765,765.4,M,1182.524,7.075
M,A_05,765,765.4,M,1153.628,7.051
F,A_01,774,774.1,F,1308.444,7.177
F,A_02,774,774.1,F,1345.216,7.204
F,A_03,774,774.1,F,1273.129,7.149
F,A_04,774,774.1,F,1301.344,7.171
F,A_05,774,774.1,F,1351.563,7.209
M,A_01,774,774.1,M,1123.22,7.024
M,A_02,774,774.1,M,1042.865,6.95
F,A_01,774,774.2,F,1247.073,7.129
F,A_02,774,774.2,F,1306.435,7.175
F,A_03,774,774.2,F,1277.617,7.153
F,A_04,774,774.2,F,1287.522,7.16
F,A_05,774,774.2,F,1303.768,7.173
M,A_01,774,774.2,M,1148.217,7.046
M,A_02,774,774.2,M,1134.291,7.034
M,A_03,774,774.2,M,1101.897,7.005
M,A_04,774,774.2,M,1136.535,7.036
M,A_05,774,774.2,M,1127.309,7.028
M,A_06,774,774.2,M,1122.242,7.023
F,A_01,774,774.3,F,1257.63,7.137
F,A_02,774,774.3,F,1274.516,7.15
F,A_03,774,774.3,F,1224.386,7.11
F,A_04,774,774.3,F,1275.746,7.151
F,A_05,774,774.3,F,1282.853,7.157
M,A_01,774,774.3,M,1087.649,6.992
M,A_02,774,774.3,M,1104.922,7.008
M,A_03,774,774.3,M,1131.983,7.032
M,A_04,774,774.3,M,1094.197,6.998
M,A_05,774,774.3,M,1072.402,6.978
M,A_06,774,774.3,M,1117.491,7.019
F,A_01,774,774.4,F,1265.908,7.144
F,A_02,774,774.4,F,1289.27,7.162
F,A_04,774,774.4,F,1289.366,7.162
F,A_05,774,774.4,F,1238.245,7.121
M,A_01,774,774.4,M,1135.03,7.034
M,A_02,774,774.4,M,1167.323,7.062
M,A_04,774,774.4,M,1131.609,7.031
M,A_05,774,774.4,M,1110.247,7.012
M,A_06,774,774.4,M,1092.496,6.996
F,A_01,786,786.1,F,1248.855,7.13
F,A_02,786,786.1,F,1278.592,7.154
F,A_03,786,786.1,F,1314.408,7.181
F,A_04,786,786.1,F,1279.007,7.154
F,A_05,786,786.1,F,1236.155,7.12
M,A_01,786,786.1,M,1108.853,7.011
M,A_02,786,786.1,M,1102.986,7.006
M,A_03,786,786.1,M,1109.372,7.012
M,A_04,786,786.1,M,1147.689,7.046
M,A_05,786,786.1,M,1117.169,7.019
F,A_01,786,786.2,F,1295.708,7.167
F,A_02,786,786.2,F,1222.4,7.109
F,A_03,786,786.2,F,1268.273,7.145
F,A_04,786,786.2,F,1279.664,7.154
M,A_01,786,786.2,M,1098.632,7.002
M,A_02,786,786.2,M,1082.152,6.987
M,A_03,786,786.2,M,1103.067,7.006
M,A_04,786,786.2,M,1129.716,7.03
M,A_05,786,786.2,M,1049.141,6.956
F,A_01,786,786.3,F,1274.391,7.15
F,A_02,786,786.3,F,1289.741,7.162
F,A_03,786,786.3,F,1308.447,7.177
F,A_04,786,786.3,F,1272.48,7.149
F,A_05,786,786.3,F,1271.273,7.148
F,A_06,786,786.3,F,1227.74,7.113
M,A_01,786,786.3,M,1107.291,7.01
M,A_02,786,786.3,M,1123.718,7.024
M,A_03,786,786.3,M,1060.091,6.966
M,A_04,786,786.3,M,1118.633,7.02
M,A_05,786,786.3,M,1036.844,6.944
F,A_01,786,786.4,F,1305.627,7.174
F,A_02,786,786.4,F,1269.658,7.146
F,A_03,786,786.4,F,1309.586,7.177
F,A_04,786,786.4,F,1240.178,7.123
F,A_05,786,786.4,F,1288.97,7.162
M,A_01,786,786.4,M,1114.784,7.016
M,A_02,786,786.4,M,1032.271,6.94
M,A_03,786,786.4,M,1088.219,6.992
M,A_04,786,786.4,M,1107.056,7.009
M,A_05,786,786.4,M,1102.092,7.005
F,A_01,799,799.1,F,1325.395,7.189
F,A_02,799,799.1,F,1316.071,7.182
F,A_03,799,799.1,F,1323.604,7.187
F,A_04,799,799.1,F,1294.135,7.166
F,A_05,799,799.1,F,1305.983,7.175
M,A_01,799,799.1,M,1153.951,7.051
M,A_02,799,799.1,M,1136.349,7.036
M,A_03,799,799.1,M,1150.594,7.048
M,A_04,799,799.1,M,1141.543,7.04
M,A_05,799,799.1,M,1098.438,7.002
F,A_01,799,799.2,F,1286.717,7.16
F,A_02,799,799.2,F,1286.562,7.159
F,A_03,799,799.2,F,1289.529,7.162
F,A_04,799,799.2,F,1309.305,7.177
F,A_05,799,799.2,F,1301.488,7.171
M,A_01,799,799.2,M,1116.902,7.018
M,A_02,799,799.2,M,1138.658,7.037
M,A_03,799,799.2,M,1143.218,7.042
M,A_04,799,799.2,M,1115.237,7.017
M,A_05,799,799.2,M,1141.144,7.04
F,A_01,799,799.3,F,1264.572,7.142
F,A_02,799,799.3,F,1311.484,7.179
F,A_03,799,799.3,F,1308.6,7.176
F,A_04,799,799.3,F,1271.225,7.147
F,A_05,799,799.3,F,1325.999,7.19
M,A_01,799,799.3,M,1151.834,7.049
M,A_02,799,799.3,M,1164.363,7.06
M,A_03,799,799.3,M,1166.278,7.061
M,A_04,799,799.3,M,1143.026,7.041
M,A_05,799,799.3,M,1106.442,7.009
F,A_01,799,799.4,F,1329.131,7.192
F,A_02,799,799.4,F,1341.247,7.201
F,A_03,799,799.4,F,1333.203,7.195
F,A_04,799,799.4,F,1350.266,7.208
F,A_05,799,799.4,F,1298.127,7.169
M,A_01,799,799.4,M,1140.67,7.039
M,A_02,799,799.4,M,1172.554,7.067
M,A_03,799,799.4,M,1172.294,7.067
M,A_04,799,799.4,M,1168.934,7.063
M,A_05,799,799.4,M,1174.718,7.068
F,A_01,820,820.1,F,1261.947,7.14
F,A_02,820,820.1,F,1248.918,7.13
F,A_03,820,820.1,F,1247.846,7.129
F,A_04,820,820.1,F,1259.836,7.139
F,A_05,820,820.1,F,1260.296,7.139
M,A_01,820,820.1,M,1107.532,7.01
M,A_02,820,820.1,M,1097.943,7.001
M,A_04,820,820.1,M,1115.41,7.017
F,A_01,820,820.2,F,1256.906,7.136
F,A_02,820,820.2,F,1246.075,7.128
F,A_03,820,820.2,F,1257.138,7.137
F,A_04,820,820.2,F,1257.896,7.137
M,A_01,820,820.2,M,1097.596,7.001
M,A_02,820,820.2,M,1082.139,6.987
M,A_03,820,820.2,M,1097.22,7.001
M,A_04,820,820.2,M,1077.864,6.983
M,A_05,820,820.2,M,1116.732,7.018
M,A_06,820,820.2,M,1092.352,6.996
F,A_01,820,820.3,F,1256.822,7.136
F,A_02,820,820.3,F,1225.643,7.111
F,A_03,820,820.3,F,1255.484,7.135
F,A_04,820,820.3,F,1221.462,7.108
F,A_05,820,820.3,F,1197.482,7.088
M,A_01,820,820.3,M,1087.254,6.991
M,A_02,820,820.3,M,1081.182,6.986
M,A_03,820,820.3,M,1096.613,7
M,A_04,820,820.3,M,1078.821,6.984
M,A_05,820,820.3,M,1085.328,6.99
M,A_06,820,820.3,M,1100.186,7.003
F,A_01,820,820.4,F,1228.317,7.113
F,A_02,820,820.4,F,1245.786,7.128
F,A_03,820,820.4,F,1264.67,7.143
F,A_04,820,820.4,F,1261.267,7.14
F,A_05,820,820.4,F,1240.712,7.123
M,A_01,820,820.4,M,1089.459,6.993
M,A_02,820,820.4,M,1100.899,7.004
M,A_03,820,820.4,M,1091.201,6.995
M,A_04,820,820.4,M,1092.935,6.997
M,A_05,820,820.4,M,1089.444,6.993
M,A_06,820,820.4,M,1077.251,6.982
F,A_01,852,852.1,F,1339.567,7.2
F,A_02,852,852.1,F,1331.939,7.194
F,A_03,852,852.1,F,1367.303,7.221
F,A_04,852,852.1,F,1358.971,7.214
F,A_05,852,852.1,F,1406.367,7.249
M,A_01,852,852.1,M,1134.252,7.034
M,A_02,852,852.1,M,1148.116,7.046
M,A_03,852,852.1,M,1132.679,7.032
M,A_04,852,852.1,M,1100.023,7.003
M,A_05,852,852.1,M,1159.438,7.056
M,A_06,852,852.1,M,1126.929,7.027
F,A_01,852,852.2,F,1381.828,7.231
F,A_02,852,852.2,F,1338.075,7.199
F,A_03,852,852.2,F,1289.53,7.162
F,A_04,852,852.2,F,1324.287,7.189
F,A_05,852,852.2,F,1359.031,7.215
M,A_01,852,852.2,M,1127.873,7.028
M,A_02,852,852.2,M,1123.338,7.024
M,A_03,852,852.2,M,1136.558,7.036
M,A_04,852,852.2,M,1092.76,6.996
M,A_05,852,852.2,M,1121.995,7.023
F,A_01,852,852.3,F,1312.575,7.18
F,A_02,852,852.3,F,1297.186,7.168
F,A_03,852,852.3,F,1312.451,7.18
F,A_04,852,852.3,F,1338.888,7.2
F,A_06,852,852.3,F,1335.844,7.197
M,A_01,852,852.3,M,1152.094,7.049
M,A_02,852,852.3,M,1179.949,7.073
M,A_03,852,852.3,M,1132.416,7.032
M,A_04,852,852.3,M,1097.087,7
M,A_05,852,852.3,M,1174.166,7.068
F,A_01,852,852.4,F,1345.9,7.205
F,A_02,852,852.4,F,1344.86,7.204
F,A_03,852,852.4,F,1313.225,7.18
F,A_04,852,852.4,F,1321.366,7.186
F,A_05,852,852.4,F,1363.389,7.218
M,A_01,852,852.4,M,1154.327,7.051
M,A_02,852,852.4,M,1109.297,7.011
M,A_03,852,852.4,M,1106.056,7.009
M,A_04,852,852.4,M,1154.4,7.051
M,A_05,852,852.4,M,1115.146,7.017
F,A_01,859,859.1,F,1394.322,7.24
F,A_02,859,859.1,F,1412.229,7.253
F,A_03,859,859.1,F,1396.318,7.242
F,A_04,859,859.1,F,1416,7.256
F,A_05,859,859.1,F,1363.789,7.218
M,A_01,859,859.1,M,1227.37,7.113
M,A_02,859,859.1,M,1206.367,7.095
M,A_03,859,859.1,M,1264.084,7.142
M,A_04,859,859.1,M,1219.549,7.106
M,A_05,859,859.1,M,1216.539,7.104
F,A_01,859,859.2,F,1410.695,7.252
F,A_02,859,859.2,F,1410.913,7.252
F,A_03,859,859.2,F,1414.107,7.254
F,A_04,859,859.2,F,1388.42,7.236
F,A_05,859,859.2,F,1360.02,7.215
M,A_01,859,859.2,M,1241.024,7.124
M,A_02,859,859.2,M,1223.342,7.109
M,A_03,859,859.2,M,1200.937,7.091
M,A_04,859,859.2,M,1092.96,6.997
M,A_05,859,859.2,M,1198.946,7.089
F,A_01,859,859.3,F,1380.653,7.23
F,A_02,859,859.3,F,1383.811,7.233
F,A_03,859,859.3,F,1294.68,7.166
F,A_04,859,859.3,F,1339.649,7.2
F,A_05,859,859.3,F,1373.104,7.225
M,A_01,859,859.3,M,1176.947,7.071
M,A_02,859,859.3,M,1165.668,7.061
M,A_03,859,859.3,M,1133.484,7.033
M,A_04,859,859.3,M,1162.82,7.059
M,A_05,859,859.3,M,1275.246,7.151
F,A_01,859,859.4,F,1395.438,7.241
F,A_02,859,859.4,F,1347.658,7.206
F,A_03,859,859.4,F,1380.438,7.23
F,A_04,859,859.4,F,1368.77,7.222
F,A_05,859,859.4,F,1355.14,7.212
M,A_01,859,859.4,M,1197.866,7.088
M,A_02,859,859.4,M,1197.509,7.088
M,A_03,859,859.4,M,1225.258,7.111
M,A_04,859,859.4,M,1209.473,7.098
M,A_05,859,859.4,M,1196.497,7.087