line,life-span (hr) on 1.5% boric acid
RAL208,50.51666667
RAL208,52.55
RAL208,45.76666667
RAL208,65.91666667
RAL208,53.06666667
RAL208,54.28333333
RAL208,52.01666667
RAL208,52.03333333
RAL208,50.18333333
RAL208,35.63333333
RAL208,59.65
RAL208,60.93333333
RAL208,43.1
RAL208,59.63333333
RAL208,55.51666667
RAL208,44.23333333
RAL301,27.63333333
RAL301,45.86666667
RAL301,49.9
RAL301,56.51666667
RAL301,28.73333333
RAL301,27.03333333
RAL301,35.96666667
RAL301,43.86666667
RAL301,30.15
RAL301,44.33333333
RAL301,40.01666667
RAL301,42.3
RAL301,28.33333333
RAL301,35.63333333
RAL301,46.13333333
RAL303,36.61666667
RAL303,18.96666667
RAL303,20.83333333
RAL303,25.48333333
RAL303,25.51666667
RAL303,19.86666667
RAL303,28.41666667
RAL303,43.9
RAL303,27.81666667
RAL303,22.81666667
RAL303,39.5
RAL303,30.68333333
RAL303,22.75
RAL303,30.73333333
RAL303,29.96666667
RAL303,29.86666667
RAL304,16.16666667
RAL304,27.41666667
RAL304,28.33333333
RAL304,34.95
RAL304,20.2
RAL304,32.15
RAL304,25.13333333
RAL304,25.05
RAL304,38.15
RAL304,37.15
RAL304,30.45
RAL304,24.51666667
RAL304,29.8
RAL304,36.35
RAL304,27.4
RAL304,28.31666667
RAL307,46.48333333
RAL307,72.1
RAL307,40.38333333
RAL307,43.75
RAL307,60.01666667
RAL307,69.05
RAL307,64.55
RAL307,38.65
RAL307,36.86666667
RAL307,39.76666667
RAL307,61.7
RAL307,68.51666667
RAL307,6.45
RAL307,54.75
RAL307,41.81666667
RAL307,57.13333333
RAL313,37.46666667
RAL313,58.6
RAL313,54.11666667
RAL313,57.68333333
RAL313,70.06666667
RAL313,29.41666667
RAL313,33.91666667
RAL313,57.05
RAL313,52.4
RAL313,50.38333333
RAL313,33.91666667
RAL313,28.33333333
RAL313,51.03333333
RAL313,24.76666667
RAL313,43.4
RAL313,56.73333333
RAL315,46.21666667
RAL315,53.31666667
RAL315,46.31666667
RAL315,52.93333333
RAL315,28.3
RAL315,31.81666667
RAL315,54.06666667
RAL315,55.46666667
RAL315,50.93333333
RAL315,47.8
RAL315,34.96666667
RAL315,33.9
RAL315,34.38333333
RAL315,44.43333333
RAL315,23.53333333
RAL315,45.76666667
RAL315,38
RAL315,29.18333333
RAL315,36.68333333
RAL315,22.45
RAL315,28.68333333
RAL315,41.16666667
RAL315,47.16666667
RAL315,42.06666667
RAL315,40.83333333
RAL315,52.41666667
RAL315,33.58333333
RAL315,40.53333333
RAL324,22.23333333
RAL324,24.15
RAL324,18.75
RAL324,21.33333333
RAL324,27.5
RAL324,50.4
RAL324,24.01666667
RAL324,20.08333333
RAL324,20.78333333
RAL324,17.76666667
RAL324,42.83333333
RAL324,23.56666667
RAL324,23.26666667
RAL324,36.93333333
RAL324,17.43333333
RAL324,26.85
RAL335,64.4
RAL335,55.03333333
RAL335,64.55
RAL335,46.28333333
RAL335,64.73333333
RAL335,56.2
RAL335,28.85
RAL335,50.03333333
RAL335,63.11666667
RAL335,68.1
RAL335,66.88333333
RAL335,31.93333333
RAL335,54.13333333
RAL335,65.55
RAL335,55.68333333
RAL335,69.11666667
RAL357,35.05
RAL357,46.78333333
RAL357,14.9
RAL357,19.63333333
RAL357,35.48333333
RAL357,32.93333333
RAL357,33.26666667
RAL357,30.98333333
RAL357,25.3
RAL357,24.65
RAL357,45.78333333
RAL357,38.96666667
RAL357,47.58333333
RAL357,33.75
RAL357,32.86666667
RAL357,37.65
RAL358,52.85
RAL358,60.1
RAL358,47.96666667
RAL358,38.93333333
RAL358,58.75
RAL358,78.96666667
RAL358,71.81666667
RAL358,40.65
RAL358,42.11666667
RAL360,20.58333333
RAL360,23.45
RAL360,24.35
RAL360,21.28333333
RAL360,25.73333333
RAL360,29.06666667
RAL360,21.41666667
RAL360,24.06666667
RAL360,30.76666667
RAL360,21.96666667
RAL360,29.2
RAL360,19.11666667
RAL360,25.96666667
RAL360,42.11666667
RAL360,22.6
RAL360,18.91666667
RAL362,55.11666667
RAL362,43.96666667
RAL362,52.51666667
RAL362,61.28333333
RAL362,49.98333333
RAL362,43.3
RAL362,39.4
RAL362,39.95
RAL362,46.78333333
RAL362,42.58333333
RAL362,51.06666667
RAL362,32.13333333
RAL362,31.11666667
RAL362,38
RAL362,46.88333333
RAL362,64.63333333
RAL375,56.46666667
RAL375,25.23333333
RAL375,57.85
RAL375,59.76666667
RAL375,70.83333333
RAL375,58.7
RAL375,50.8
RAL375,39.3
RAL375,38.58333333
RAL375,73.25
RAL375,54.48333333
RAL375,68.76666667
RAL375,50
RAL375,56.56666667
RAL375,68.8
RAL375,63.08333333
RAL379,34.01666667
RAL379,33.61666667
RAL379,32.23333333
RAL379,39.28333333
RAL379,41.91666667
RAL379,42.25
RAL379,43.53333333
RAL379,31.15
RAL379,28.85
RAL379,33.06666667
RAL379,47.56666667
RAL379,37.11666667
RAL379,47.28333333
RAL379,24.95
RAL379,44.98333333
RAL379,26.08333333
RAL380,55.38333333
RAL380,39.06666667
RAL380,75.51666667
RAL380,64.63333333
RAL380,70.53333333
RAL380,76.13333333
RAL380,62.25
RAL380,46.41666667
RAL380,57.2
RAL380,52.56666667
RAL380,64.21666667
RAL380,68.03333333
RAL380,47.96666667
RAL380,23.51666667
RAL380,77.98333333
RAL380,55.78333333
RAL391,41.05
RAL391,26.51666667
RAL391,42.63333333
RAL391,31.36666667
RAL391,33.73333333
RAL391,31.61666667
RAL391,27.9
RAL391,27.8
RAL391,15.9
RAL391,38.65
RAL391,17.93333333
RAL391,38.86666667
RAL391,40.13333333
RAL391,29.46666667
RAL391,29.4
RAL391,39.7
RAL399,44.6
RAL399,38.96666667
RAL399,49.93333333
RAL399,40.78333333
RAL399,66.65
RAL399,81.16666667
RAL399,47.78333333
RAL399,38.68333333
RAL399,30.81666667
RAL399,41.36666667
RAL399,54.03333333
RAL399,35.26666667
RAL399,34.31666667
RAL399,50.63333333
RAL399,64.66666667
RAL399,67
RAL427,30.21666667
RAL427,29.48333333
RAL427,21.68333333
RAL427,27.41666667
RAL427,29.41666667
RAL427,19.78333333
RAL427,28.48333333
RAL427,22.81666667
RAL427,22.08333333
RAL427,33.75
RAL427,23.38333333
RAL427,23.21666667
RAL427,36.53333333
RAL427,27.23333333
RAL427,30.5
RAL437,41.85
RAL437,28.9
RAL437,25.11666667
RAL437,20.55
RAL437,32.8
RAL437,37.93333333
RAL437,25.41666667
RAL437,33.38333333
RAL437,28.3
RAL437,23.15
RAL437,31.86666667
RAL437,29.38333333
RAL437,47.15
RAL437,22.03333333
RAL437,35.48333333
RAL437,28.25
RAL486,25.9
RAL486,45.58333333
RAL486,30.23333333
RAL486,36.53333333
RAL486,19.08333333
RAL486,34.58333333
RAL486,23.45
RAL486,27.4
RAL486,39
RAL486,18.88333333
RAL486,28.35
RAL486,37.65
RAL486,28.1
RAL486,21.25
RAL486,45.13333333
RAL486,13.65
RAL555,33.48333333
RAL555,29.93333333
RAL555,44.26666667
RAL555,37.2
RAL555,23.6
RAL555,34.95
RAL555,44.48333333
RAL555,31.2
RAL555,45.46666667
RAL555,26.45
RAL555,31.75
RAL555,43.46666667
RAL555,34.48333333
RAL555,30.78333333
RAL555,24.9
RAL639,25.05
RAL639,31.66666667
RAL639,30.73333333
RAL639,52.11666667
RAL639,45.36666667
RAL639,60.25
RAL639,38.58333333
RAL639,33.38333333
RAL639,24.7
RAL639,46.98333333
RAL639,27.05
RAL639,45.48333333
RAL639,23.71666667
RAL639,34.1
RAL639,30.4
RAL639,22.85
RAL707,22.35
RAL707,30.31666667
RAL707,30.16666667
RAL707,22.15
RAL707,25.16666667
RAL707,41.06666667
RAL707,25.31666667
RAL707,23.28333333
RAL707,19.5
RAL707,20.21666667
RAL707,20.15
RAL707,17.55
RAL707,26.58333333
RAL707,21.95
RAL707,15.16666667
RAL707,29.71666667
RAL707,37.05
RAL707,31.93333333
RAL707,36.03333333
RAL707,30.48333333
RAL707,27.61666667
RAL707,29.51666667
RAL707,23.73333333
RAL707,27.31666667
RAL707,21.1
RAL707,38.75
RAL707,27.08333333
RAL707,26.41666667
RAL707,23.86666667
RAL707,36.55
RAL707,12.36666667
RAL707,25.13333333
RAL712,37.73333333
RAL712,24.65
RAL712,36.88333333
RAL712,26.7
RAL712,24.71666667
RAL712,15.16666667
RAL712,24.95
RAL712,34.95
RAL712,46.35
RAL712,41.9
RAL712,26.26666667
RAL712,36.41666667
RAL712,40.2
RAL712,14.71666667
RAL712,35.48333333
RAL712,27.78333333
RAL730,60.88333333
RAL730,61.43333333
RAL730,52.56666667
RAL730,58.91666667
RAL730,56.3
RAL730,35
RAL730,43.73333333
RAL730,57.8
RAL730,56.35
RAL730,49.5
RAL730,71.56666667
RAL730,36.78333333
RAL730,47.16666667
RAL730,35.75
RAL730,55.71666667
RAL730,60.85
RAL732,27.23333333
RAL732,54.58333333
RAL732,47.6
RAL732,52.1
RAL732,51.36666667
RAL732,42.63333333
RAL732,39.88333333
RAL732,26.41666667
RAL732,26.98333333
RAL732,36.85
RAL732,31.51666667
RAL732,37.23333333
RAL732,42.56666667
RAL732,32.78333333
RAL732,42.75
RAL732,46.11666667
RAL774,24.03333333
RAL774,24.81666667
RAL774,39.41666667
RAL774,39.33333333
RAL774,34.85
RAL774,31.23333333
RAL774,31.93333333
RAL774,44.1
RAL774,29.35
RAL774,63.98333333
RAL774,39.48333333
RAL774,41.33333333
RAL774,34.95
RAL774,28.73333333
RAL774,27.2
RAL774,34.88333333
RAL786,63.21666667
RAL786,40.21666667
RAL786,48.01666667
RAL786,36.26666667
RAL786,32.43333333
RAL786,35.55
RAL786,22.6
RAL786,66.41666667
RAL786,51.3
RAL786,45.78333333
RAL786,40.31666667
RAL786,44.05
RAL786,61.05
RAL786,33.2
RAL786,68.75
RAL786,31.6
RAL852,37.11666667
RAL852,86.81666667
RAL852,66.96666667
RAL852,52
RAL852,46.23333333
RAL852,91.43333333
RAL852,79.05
RAL852,54.18333333
RAL852,43.38333333
RAL852,68.41666667
RAL852,46.58333333
RAL852,51.63333333
RAL852,46.56666667
RAL852,52.95
RAL852,43.55
RAL852,46.85
RAL859,69.55
RAL859,62.91666667
RAL859,38.48333333
RAL859,96.71666667
RAL859,52.93333333
RAL859,58.31666667
RAL859,53.78333333
RAL859,68.28333333
RAL859,46.11666667
RAL859,49.41666667
RAL859,40.1
RAL859,45.15
RAL859,93.01666667
RAL859,57.41666667
RAL859,29.78333333
RAL859,78.06666667
RAL365,48.11666667
RAL365,39.26666667
RAL365,30.28333333
RAL365,27.73333333
RAL365,40.88333333
RAL365,29.56666667
RAL365,51.63333333
RAL365,29.78333333
RAL365,54.23333333
RAL365,40.26666667
RAL365,35.4
RAL365,40.28333333
RAL365,36.41666667
RAL365,54.58333333
RAL365,36.13333333
RAL705,22.66666667
RAL705,27.86666667
RAL705,27.46666667
RAL705,34.28333333
RAL705,34.21666667
RAL705,29.88333333
RAL705,28.15
RAL705,30.5
RAL705,22.86666667
RAL705,27.6
RAL705,18.76666667
RAL705,14.81666667
RAL705,32.08333333
RAL705,28.11666667
RAL705,25.83333333
RAL705,19.3
RAL714,27.66666667
RAL714,25.11666667
RAL714,41.21666667
RAL714,24.95
RAL714,33.13333333
RAL714,25.01666667
RAL714,33.1
RAL714,46.4
RAL714,34.3
RAL714,32.83333333
RAL714,24.2
RAL714,41.71666667
RAL714,30.2
RAL714,29.85
RAL714,27.88333333
RAL714,37.18333333
RAL21,34.36666667
RAL21,39.51666667
RAL21,29.46666667
RAL21,39.88333333
RAL21,61.85
RAL21,27.53333333
RAL21,38.53333333
RAL21,28.9
RAL21,26.78333333
RAL21,46.65
RAL21,27.88333333
RAL21,35.73333333
RAL21,38.03333333
RAL21,39.95
RAL21,33.8
RAL26,19.61666667
RAL26,15.46666667
RAL26,38.88333333
RAL26,23.08333333
RAL26,27.9
RAL26,31.21666667
RAL26,22.58333333
RAL26,27.43333333
RAL26,20.98333333
RAL26,31.13333333
RAL26,37.06666667
RAL38,43.3
RAL38,27.93333333
RAL38,54.7
RAL38,48.36666667
RAL38,42.81666667
RAL38,44.33333333
RAL38,37.46666667
RAL38,40.56666667
RAL38,43.8
RAL38,69.3
RAL38,48.56666667
RAL38,45.01666667
RAL38,59.31666667
RAL38,32.78333333
RAL38,45.18333333
RAL38,39.46666667
RAL41,55.98333333
RAL41,61.5
RAL41,60.53333333
RAL41,68.45
RAL41,74.51666667
RAL41,59.05
RAL41,63.7
RAL41,49.88333333
RAL41,49.68333333
RAL41,66.93333333
RAL41,74.01666667
RAL41,55.06666667
RAL41,58.55
RAL41,31.2
RAL41,34.15
RAL41,62.96666667
RAL42,43.16666667
RAL42,41.21666667
RAL42,37.01666667
RAL42,28.76666667
RAL42,45.51666667
RAL42,43.35
RAL42,37.46666667
RAL42,21.46666667
RAL42,31.3
RAL42,31.93333333
RAL42,33.3
RAL42,38.81666667
RAL42,32.68333333
RAL42,32.96666667
RAL42,41.5
RAL42,30.71666667
RAL45,53.55
RAL45,22.4
RAL45,40.65
RAL45,47.65
RAL45,34.6
RAL45,33.95
RAL45,31.83333333
RAL45,41.21666667
RAL45,40.05
RAL45,41.26666667
RAL45,50.48333333
RAL45,31.6
RAL45,47.46666667
RAL45,48.65
RAL45,54.63333333
RAL45,47.48333333
RAL59,28.95
RAL59,22.08333333
RAL59,40.11666667
RAL59,17.58333333
RAL59,44.58333333
RAL59,41.26666667
RAL59,18.43333333
RAL59,25.98333333
RAL59,40.91666667
RAL59,25.96666667
RAL59,17.88333333
RAL59,30.1
RAL59,21
RAL59,18.01666667
RAL59,25.31666667
RAL59,43.28333333
RAL69,30.93333333
RAL69,29.36666667
RAL69,49.28333333
RAL69,21.91666667
RAL69,38.83333333
RAL69,34.1
RAL69,24.31666667
RAL69,41.95
RAL69,26.85
RAL69,34.23333333
RAL69,33.28333333
RAL69,27.66666667
RAL69,26.71666667
RAL69,47.58333333
RAL69,40.45
RAL69,16.73333333
RAL73,27.26666667
RAL73,11.86666667
RAL73,31.25
RAL73,14.26666667
RAL73,6.616666667
RAL73,14.23333333
RAL73,20.45
RAL73,22.73333333
RAL73,24.96666667
RAL73,37.41666667
RAL73,22.71666667
RAL73,21.63333333
RAL73,29.08333333
RAL73,14.58333333
RAL75,52.68333333
RAL75,58.28333333
RAL75,63.45
RAL75,75.25
RAL75,59.63333333
RAL75,42.41666667
RAL75,84.21666667
RAL75,62.28333333
RAL75,89.7
RAL75,51.81666667
RAL75,61.75
RAL75,43.48333333
RAL75,62.05
RAL75,68.93333333
RAL75,83.73333333
RAL75,44.51666667
RAL83,52.48333333
RAL83,28.38333333
RAL83,36.78333333
RAL83,31.51666667
RAL83,33.55
RAL83,41.25
RAL83,32.71666667
RAL83,38
RAL83,36.75
RAL83,54.5
RAL83,41.13333333
RAL83,46.56666667
RAL83,51.06666667
RAL83,40.66666667
RAL83,33.15
RAL83,39.85
RAL88,39.53333333
RAL88,60.46666667
RAL88,46.2
RAL88,49.31666667
RAL88,51.78333333
RAL88,60.63333333
RAL88,54.31666667
RAL88,47.6
RAL88,40.95
RAL88,40.63333333
RAL88,44.91666667
RAL88,47.26666667
RAL88,48.53333333
RAL88,49.51666667
RAL88,45.41666667
RAL88,48.76666667
RAL91,70.56666667
RAL91,89.36666667
RAL91,69.73333333
RAL91,53.98333333
RAL91,67.9
RAL91,71.58333333
RAL91,82.83333333
RAL91,67.85
RAL91,81.13333333
RAL91,55.13333333
RAL91,65.65
RAL91,85.81666667
RAL91,81.13333333
RAL91,91.7
RAL91,85.98333333
RAL91,59.53333333
RAL93,87.9
RAL93,55.91666667
RAL93,87.38333333
RAL93,51.26666667
RAL93,53.98333333
RAL93,50.31666667
RAL93,49.55
RAL93,43.01666667
RAL93,26.73333333
RAL93,38.55
RAL93,50.08333333
RAL93,40.11666667
RAL93,38.68333333
RAL93,56.68333333
RAL93,52.3
RAL93,45.41666667
RAL101,37.28333333
RAL101,61.1
RAL101,39.33333333
RAL101,63.51666667
RAL101,39.01666667
RAL101,48.96666667
RAL101,40.66666667
RAL101,66.36666667
RAL101,50.86666667
RAL101,38.78333333
RAL101,44.4
RAL101,24.18333333
RAL101,25.51666667
RAL101,37.41666667
RAL101,27.56666667
RAL101,53.76666667
RAL105,35.95
RAL105,40.58333333
RAL105,43.23333333
RAL105,67.96666667
RAL105,51.4
RAL105,41.51666667
RAL105,39.53333333
RAL105,49.7
RAL105,42.31666667
RAL105,37.25
RAL109,21.98333333
RAL109,25.13333333
RAL109,23.61666667
RAL109,30.51666667
RAL109,21.15
RAL109,26.2
RAL109,24.01666667
RAL109,18.93333333
RAL109,30.08333333
RAL109,36.33333333
RAL109,28.15
RAL109,31.85
RAL109,31.15
RAL109,39.9
RAL109,28.83333333
RAL109,35.73333333
RAL129,32.58333333
RAL129,36.26666667
RAL129,38.76666667
RAL129,31.76666667
RAL129,44.45
RAL129,32.33333333
RAL129,24.7
RAL129,34.75
RAL129,29.61666667
RAL129,34.6
RAL129,43.26666667
RAL129,40.08333333
RAL129,40.05
RAL129,48.93333333
RAL129,34.08333333
RAL129,26.18333333
RAL136,43.71666667
RAL136,46.55
RAL136,32.51666667
RAL136,32
RAL136,29.46666667
RAL136,50.71666667
RAL136,31.08333333
RAL136,40.56666667
RAL136,36.88333333
RAL136,30.13333333
RAL136,57.71666667
RAL136,36.06666667
RAL136,26.7
RAL136,47.35
RAL136,44.08333333
RAL136,40.06666667
RAL138,77.9
RAL138,82.58333333
RAL138,65.65
RAL138,68.35
RAL138,41.43333333
RAL138,64.75
RAL138,89.75
RAL138,66.48333333
RAL138,71.41666667
RAL138,44.51666667
RAL138,49.9
RAL138,94.71666667
RAL138,83.1
RAL138,81.23333333
RAL138,93.91666667
RAL138,69.25
RAL142,47.36666667
RAL142,36.36666667
RAL142,54.28333333
RAL142,58.1
RAL142,59.66666667
RAL142,39
RAL142,65.21666667
RAL142,30.08333333
RAL142,38.95
RAL142,66.23333333
RAL142,33
RAL142,53.78333333
RAL142,43.36666667
RAL142,55.25
RAL142,35.51666667
RAL142,49.08333333
RAL149,52.83333333
RAL149,44.93333333
RAL149,40.25
RAL149,68.98333333
RAL149,46.71666667
RAL149,57.26666667
RAL149,48.45
RAL149,72.05
RAL149,55.5
RAL149,33.91666667
RAL149,42.86666667
RAL149,59.63333333
RAL149,63.13333333
RAL149,56.41666667
RAL149,50.75
RAL149,39.96666667
RAL153,30.25
RAL153,40.21666667
RAL153,45.53333333
RAL153,37
RAL153,69.76666667
RAL153,25.75
RAL153,43.51666667
RAL153,52.2
RAL153,36.6
RAL153,54.63333333
RAL153,55.83333333
RAL153,57.5
RAL153,42.81666667
RAL153,55.75
RAL153,49.36666667
RAL153,52.61666667
RAL158,56.2
RAL158,80.61666667
RAL158,49.41666667
RAL158,69.13333333
RAL158,45.51666667
RAL158,45.3
RAL158,45.7
RAL158,78.3
RAL158,77.18333333
RAL158,33.25
RAL158,41.01666667
RAL158,58.18333333
RAL158,83.38333333
RAL158,54.56666667
RAL158,56.06666667
RAL158,57.51666667
RAL161,19.98333333
RAL161,14.3
RAL161,18.6
RAL161,22.15
RAL161,21.51666667
RAL161,18.03333333
RAL161,19.93333333
RAL161,18.71666667
RAL161,23.23333333
RAL161,19.85
RAL161,18.86666667
RAL161,28.35
RAL161,17.36666667
RAL161,23.7
RAL161,18.53333333
RAL176,51.63333333
RAL176,53.81666667
RAL176,50.95
RAL176,47.78333333
RAL176,40.66666667
RAL176,53.65
RAL176,37.16666667
RAL176,45.58333333
RAL176,49.21666667
RAL176,41.05
RAL176,39.38333333
RAL176,26.23333333
RAL176,48.31666667
RAL176,33.66666667
RAL176,36.1
RAL176,52.4
RAL177,60.73333333
RAL177,35.45
RAL177,26.05
RAL177,99.16666667
RAL177,51.61666667
RAL177,15.3
RAL177,82.38333333
RAL177,40.1
RAL177,93.01666667
RAL177,20.46666667
RAL177,49.71666667
RAL177,66.63333333
RAL177,32.15
RAL177,96.38333333
RAL177,48.21666667
RAL177,18.66666667
RAL181,32.38333333
RAL181,27.86666667
RAL181,29.45
RAL181,32.51666667
RAL181,47.45
RAL181,27.75
RAL181,36.48333333
RAL181,35.46666667
RAL181,36.75
RAL181,38.56666667
RAL181,31.26666667
RAL181,27.68333333
RAL181,28.36666667
RAL181,17.11666667
RAL181,50.41666667
RAL181,25.73333333
RAL189,39.18333333
RAL189,31.83333333
RAL189,36.23333333
RAL189,27.35
RAL189,36.16666667
RAL189,29.45
RAL189,21.61666667
RAL189,31.26666667
RAL189,46.53333333
RAL189,29.38333333
RAL189,39.33333333
RAL189,29.53333333
RAL189,28.83333333
RAL189,39.65
RAL189,38.48333333
RAL195,49.68333333
RAL195,36.56666667
RAL195,42.56666667
RAL195,27.75
RAL195,42.5
RAL195,36.5
RAL195,45.18333333
RAL195,47.63333333
RAL195,43.26666667
RAL195,46.08333333
RAL195,33.85
RAL195,40.93333333
RAL195,24.56666667
RAL195,36.8
RAL195,41.25
RAL195,42.36666667
RAL217,54.58333333
RAL217,40.6
RAL217,36.1
RAL217,38.08333333
RAL217,52.51666667
RAL217,47.15
RAL217,28.38333333
RAL217,54.98333333
RAL217,35.01666667
RAL217,22.46666667
RAL217,24.06666667
RAL217,32.3
RAL217,57.26666667
RAL217,38.4
RAL217,42.2
RAL217,40.05
RAL223,47.2
RAL223,56.16666667
RAL223,26.86666667
RAL223,49.06666667
RAL223,33.25
RAL223,46.38333333
RAL223,44.48333333
RAL223,61.85
RAL223,55.53333333
RAL223,47.45
RAL223,59.9
RAL223,32.4
RAL223,63.65
RAL223,34.23333333
RAL223,53.7
RAL223,31.98333333
RAL227,64.38333333
RAL227,42.5
RAL227,56.73333333
RAL227,40.1
RAL227,57.63333333
RAL227,31.98333333
RAL227,33.1
RAL227,32.61666667
RAL227,72.91666667
RAL227,26.08333333
RAL227,49.73333333
RAL227,58.3
RAL227,51.51666667
RAL227,33.53333333
RAL227,44.48333333
RAL227,45.23333333
RAL237,26.05
RAL237,37.4
RAL237,52.16666667
RAL237,33.8
RAL237,58.2
RAL237,40.81666667
RAL237,26.5
RAL237,22.46666667
RAL237,66.43333333
RAL237,19.23333333
RAL237,46.13333333
RAL237,49.58333333
RAL237,27.65
RAL237,30.43333333
RAL237,38.93333333
RAL237,25.58333333
RAL239,20.25
RAL239,19.13333333
RAL239,24.05
RAL239,19.63333333
RAL239,40.6
RAL239,53.9
RAL239,21.28333333
RAL239,24.41666667
RAL239,30.7
RAL239,30.15
RAL239,22.6
RAL239,29.8
RAL239,81.65
RAL239,38.46666667
RAL239,58.88333333
RAL239,45.8
RAL256,34.06666667
RAL256,36.2
RAL256,36.2
RAL256,30.31666667
RAL256,46.26666667
RAL256,31.05
RAL256,36.23333333
RAL256,36.28333333
RAL256,35.35
RAL256,41.38333333
RAL256,31.61666667
RAL256,29.15
RAL256,30.8
RAL256,45.45
RAL256,29.21666667
RAL256,35.68333333
RAL309,24.18333333
RAL309,26.01666667
RAL309,32.11666667
RAL309,38.31666667
RAL309,26.36666667
RAL309,25.91666667
RAL309,23.38333333
RAL309,34.95
RAL309,33.13333333
RAL309,30.13333333
RAL309,19.28333333
RAL309,26.1
RAL309,34.15
RAL309,45.7
RAL309,52.91666667
RAL317,26.3
RAL317,29.91666667
RAL317,36.98333333
RAL317,32.68333333
RAL317,17.85
RAL317,31.55
RAL317,26
RAL317,32.4
RAL317,30.81666667
RAL317,28.5
RAL317,20.06666667
RAL317,26.9
RAL317,27.41666667
RAL317,26.4
RAL317,16.3
RAL317,45.01666667
RAL318,32.88333333
RAL318,35.01666667
RAL318,34.45
RAL318,32.36666667
RAL318,42.58333333
RAL318,51.66666667
RAL318,29.46666667
RAL318,30.86666667
RAL318,34.25
RAL318,42.43333333
RAL318,42.46666667
RAL318,39.06666667
RAL318,35.73333333
RAL318,52
RAL318,36
RAL318,45.45
RAL332,53.3
RAL332,46.45
RAL332,37.81666667
RAL332,45.66666667
RAL332,46.66666667
RAL332,45.7
RAL332,43.56666667
RAL332,46.55
RAL332,39.46666667
RAL332,34.95
RAL332,40.4
RAL332,45.25
RAL332,48.33333333
RAL332,39.76666667
RAL336,36.63333333
RAL336,38.61666667
RAL336,21.7
RAL336,36.75
RAL336,42.13333333
RAL336,31.68333333
RAL336,28.83333333
RAL336,51.36666667
RAL336,24.78333333
RAL336,17.88333333
RAL336,29.85
RAL336,38.48333333
RAL336,31.66666667
RAL336,21.08333333
RAL336,31.25
RAL336,23.33333333
RAL338,39.73333333
RAL338,49.26666667
RAL338,42.36666667
RAL338,47.31666667
RAL338,24.4
RAL338,37.21666667
RAL338,33.38333333
RAL338,44.93333333
RAL338,41.81666667
RAL338,45.11666667
RAL338,42.6
RAL340,50.06666667
RAL340,45.58333333
RAL340,35.05
RAL340,55.03333333
RAL340,50.93333333
RAL340,66.9
RAL340,49.15
RAL340,59.93333333
RAL340,45.45
RAL340,52.91666667
RAL340,36.7
RAL340,51.61666667
RAL340,39.4
RAL340,53.11666667
RAL340,34.8
RAL340,65.83333333
RAL350,74.58333333
RAL350,69.13333333
RAL350,78.81666667
RAL350,82.58333333
RAL350,85.08333333
RAL350,68.36666667
RAL350,50.63333333
RAL350,75.75
RAL350,52.71666667
RAL350,45.05
RAL350,85.95
RAL350,70.98333333
RAL350,63.95
RAL350,93.55
RAL350,59.48333333
RAL350,94.61666667
RAL352,38
RAL352,21.93333333
RAL352,54.83333333
RAL352,20.95
RAL352,43.96666667
RAL352,24.73333333
RAL352,30.56666667
RAL352,48.73333333
RAL352,57.6
RAL352,25.68333333
RAL352,32.38333333
RAL352,38.78333333
RAL352,49.2
RAL352,38.63333333
RAL352,25.96666667
RAL352,21.13333333
RAL356,41.6
RAL356,26.5
RAL356,15.85
RAL356,18.65
RAL356,19.43333333
RAL356,30.51666667
RAL356,34.18333333
RAL356,45.68333333
RAL356,40.51666667
RAL356,39.48333333
RAL356,23.63333333
RAL356,32.06666667
RAL356,31.11666667
RAL356,29.9
RAL356,32.16666667
RAL356,26.35
RAL359,41.66666667
RAL359,75.03333333
RAL359,32.88333333
RAL359,35.76666667
RAL359,52.88333333
RAL359,53
RAL359,57.83333333
RAL359,63.56666667
RAL359,70.98333333
RAL359,56.4
RAL359,37.41666667
RAL359,74.75
RAL359,49.9
RAL359,72.85
RAL359,73.18333333
RAL359,54.76666667
RAL361,23.08333333
RAL361,62.63333333
RAL361,18.88333333
RAL361,27.71666667
RAL361,24.15
RAL361,26.95
RAL361,50.61666667
RAL361,34.63333333
RAL361,39.11666667
RAL361,33.08333333
RAL361,48.76666667
RAL361,36.25
RAL361,42.36666667
RAL361,59.16666667
RAL361,30.61666667
RAL361,31.93333333
RAL367,34.7
RAL367,22.38333333
RAL367,24.6
RAL367,85.36666667
RAL367,25.93333333
RAL367,41.71666667
RAL367,32.28333333
RAL367,44.98333333
RAL367,28.81666667
RAL367,39.5
RAL367,50.55
RAL367,40.85
RAL367,38.1
RAL367,29.63333333
RAL367,33.71666667
RAL367,32.05
RAL370,62.93333333
RAL370,49.46666667
RAL370,33.25
RAL370,51.65
RAL370,57.9
RAL370,46.58333333
RAL370,47.25
RAL370,68.31666667
RAL370,56.33333333
RAL370,84.63333333
RAL370,52.01666667
RAL370,52.66666667
RAL370,46.36666667
RAL370,61.68333333
RAL370,47.1
RAL370,48.41666667
RAL371,24.46666667
RAL371,32.36666667
RAL371,32.51666667
RAL371,34.16666667
RAL371,29.23333333
RAL371,23.46666667
RAL371,28.15
RAL371,33.26666667
RAL371,25.93333333
RAL371,18.55
RAL371,26.15
RAL371,34.33333333
RAL371,26.66666667
RAL371,15.86666667
RAL371,46.16666667
RAL373,58.4
RAL373,33.08333333
RAL373,69.96666667
RAL373,65.93333333
RAL373,39.65
RAL373,51.56666667
RAL373,22.98333333
RAL373,24.16666667
RAL373,48.9
RAL373,57.4
RAL373,35.2
RAL373,68.41666667
RAL373,58.76666667
RAL373,55.13333333
RAL373,64.93333333
RAL373,52.48333333
RAL374,25.16666667
RAL374,37.03333333
RAL374,33.6
RAL374,41.6
RAL374,33.96666667
RAL374,55.86666667
RAL374,23.53333333
RAL374,15.46666667
RAL374,35.48333333
RAL374,39.31666667
RAL374,38.68333333
RAL374,37.4
RAL374,44.38333333
RAL374,11.71666667
RAL374,11.41666667
RAL374,27.81666667
RAL377,51.08333333
RAL377,72.96666667
RAL377,61.68333333
RAL377,79.81666667
RAL377,67.33333333
RAL377,64.41666667
RAL377,49.33333333
RAL377,59.6
RAL377,73.65
RAL377,56.66666667
RAL377,50.91666667
RAL377,71.55
RAL377,44.26666667
RAL377,53.7
RAL377,67.16666667
RAL377,49.3
RAL381,36.35
RAL381,37.56666667
RAL381,41.16666667
RAL381,27.6
RAL381,25.9
RAL381,23.01666667
RAL381,43.23333333
RAL381,56.5
RAL381,14.31666667
RAL381,40.16666667
RAL381,53.38333333
RAL381,36.31666667
RAL381,56.58333333
RAL381,39.41666667
RAL381,31.7
RAL381,44.96666667
RAL383,38.51666667
RAL383,22.08333333
RAL383,36.35
RAL383,38.38333333
RAL383,40.21666667
RAL383,35.4
RAL383,58.66666667
RAL383,22.36666667
RAL383,23.48333333
RAL383,36.7
RAL383,57.55
RAL383,27.16666667
RAL383,41.01666667
RAL383,38.06666667
RAL383,27.3
RAL383,34.6
RAL385,33.73333333
RAL385,36.55
RAL385,49.26666667
RAL385,45.15
RAL385,42.35
RAL385,29.88333333
RAL385,22.8
RAL385,31.48333333
RAL385,40.28333333
RAL385,41.05
RAL385,57
RAL385,34.6
RAL385,39.93333333
RAL385,51.28333333
RAL385,35.21666667
RAL385,35.7
RAL386,65.18333333
RAL386,59.53333333
RAL386,46.38333333
RAL386,62.46666667
RAL386,52.4
RAL386,59.28333333
RAL386,70.36666667
RAL386,58.95
RAL386,43.68333333
RAL386,68.45
RAL386,52.3
RAL386,60.86666667
RAL386,47.55
RAL386,50.78333333
RAL386,52.05
RAL386,67.45
RAL386,52.8
RAL386,45.98333333
RAL386,43.75
RAL386,32.9
RAL386,46.13333333
RAL386,56.58333333
RAL386,67.3
RAL386,39.78333333
RAL386,64.46666667
RAL386,25.46666667
RAL386,58.2
RAL386,53.85
RAL386,40.7
RAL386,38.3
RAL386,63.58333333
RAL392,36.71666667
RAL392,33.78333333
RAL392,29.7
RAL392,26.76666667
RAL392,32.31666667
RAL392,34.15
RAL392,30.8
RAL392,41.16666667
RAL392,35.25
RAL392,40.08333333
RAL392,34.16666667
RAL392,44.75
RAL392,42.56666667
RAL392,32.73333333
RAL392,40.48333333
RAL392,34.95
RAL426,50.1
RAL426,31.51666667
RAL426,34.51666667
RAL426,47.23333333
RAL426,59.11666667
RAL426,36.36666667
RAL426,44.66666667
RAL426,28.11666667
RAL426,66.4
RAL426,33.13333333
RAL426,42.86666667
RAL426,35.81666667
RAL426,32.26666667
RAL426,30.21666667
RAL426,22
RAL426,50.96666667
RAL440,64.71666667
RAL440,93.55
RAL440,72.08333333
RAL440,75
RAL440,59.76666667
RAL440,72.38333333
RAL440,79.3
RAL440,62.61666667
RAL440,65.51666667
RAL440,71.45
RAL440,39.56666667
RAL440,87.2
RAL440,62.18333333
RAL440,76.6
RAL440,58.26666667
RAL440,61.13333333
RAL441,31.9
RAL441,43.55
RAL441,53.36666667
RAL441,38.93333333
RAL441,42.11666667
RAL441,44.38333333
RAL441,49.21666667
RAL441,48.3
RAL441,62.8
RAL441,31.86666667
RAL441,50.75
RAL441,46.81666667
RAL443,46.25
RAL443,95.16666667
RAL443,48.35
RAL443,74.4
RAL443,67.18333333
RAL443,76.71666667
RAL443,89.01666667
RAL443,115.4333333
RAL443,111
RAL443,104.3666667
RAL443,73.13333333
RAL443,53.93333333
RAL443,46.15
RAL443,89.53333333
RAL443,47.3
RAL461,45.76666667
RAL461,43.96666667
RAL461,49.65
RAL461,52.66666667
RAL461,48.86666667
RAL461,39.71666667
RAL461,45.91666667
RAL461,43.61666667
RAL461,52.28333333
RAL461,11.1
RAL461,40.35
RAL491,36.56666667
RAL491,38.55
RAL491,43.01666667
RAL491,45.38333333
RAL491,39.21666667
RAL491,38.1
RAL491,40.95
RAL491,42.38333333
RAL491,39.93333333
RAL491,51.71666667
RAL491,35.76666667
RAL491,32.86666667
RAL491,37.61666667
RAL491,38.26666667
RAL491,43.15
RAL491,39.11666667
RAL492,59.61666667
RAL492,90.48333333
RAL492,76.38333333
RAL492,45.68333333
RAL492,53.93333333
RAL492,53.33333333
RAL492,50.11666667
RAL492,32.83333333
RAL492,52.18333333
RAL492,39.86666667
RAL492,49
RAL492,54.06666667
RAL492,63.56666667
RAL492,43.98333333
RAL492,46.38333333
RAL492,44.5
RAL502,46.23333333
RAL502,41.5
RAL502,36.86666667
RAL502,40.66666667
RAL502,58.96666667
RAL502,38.26666667
RAL502,45.25
RAL502,59.58333333
RAL502,70.98333333
RAL502,35.85
RAL502,50.68333333
RAL502,42
RAL502,42.25
RAL502,51.83333333
RAL502,66.46666667
RAL502,43.86666667
RAL531,34.65
RAL531,27.23333333
RAL531,25.6
RAL531,27.38333333
RAL531,43.71666667
RAL531,26.93333333
RAL531,29.51666667
RAL531,43.8
RAL531,25.63333333
RAL531,27.33333333
RAL531,32.86666667
RAL531,40.61666667
RAL531,20.46666667
RAL531,23.83333333
RAL531,44.48333333
RAL531,45.88333333
RAL535,49.46666667
RAL535,53.83333333
RAL535,58.9
RAL535,73.48333333
RAL535,53.03333333
RAL535,48.65
RAL535,66.1
RAL535,64.51666667
RAL535,56.13333333
RAL535,59.35
RAL535,48.63333333
RAL535,52.18333333
RAL535,62.7
RAL535,45.46666667
RAL535,40.61666667
RAL535,45.33333333
RAL563,44.15
RAL563,57.48333333
RAL563,71.63333333
RAL563,25.5
RAL563,75.98333333
RAL563,35.96666667
RAL563,51.8
RAL563,43.11666667
RAL563,23.4
RAL563,45.11666667
RAL563,39.83333333
RAL563,59.06666667
RAL563,63.11666667
RAL563,65.35
RAL563,26.18333333
RAL563,78.58333333
RAL584,47.9
RAL584,62.31666667
RAL584,48.65
RAL584,38.7
RAL584,67.5
RAL584,40.33333333
RAL584,43.71666667
RAL584,33.86666667
RAL584,54.2
RAL584,53.25
RAL589,60.4
RAL589,31.56666667
RAL589,48.4
RAL589,58.56666667
RAL589,48.81666667
RAL589,66.85
RAL589,61.61666667
RAL589,45.48333333
RAL589,71.11666667
RAL589,48.6
RAL589,40.83333333
RAL589,50.98333333
RAL589,30.68333333
RAL589,34.7
RAL589,46.28333333
RAL589,36.45
RAL595,32.4
RAL595,44.11666667
RAL595,29.08333333
RAL595,27.01666667
RAL595,42.56666667
RAL595,24.03333333
RAL595,28.2
RAL595,35.9
RAL595,56.76666667
RAL595,33.36666667
RAL595,30.35
RAL595,45.91666667
RAL595,72.9
RAL595,38.68333333
RAL595,40.91666667
RAL595,38.25
RAL646,30.88333333
RAL646,35.71666667
RAL646,18.2
RAL646,11.71666667
RAL646,29.01666667
RAL646,26
RAL646,26.05
RAL646,22.83333333
RAL646,28.95
RAL646,17.66666667
RAL646,29.33333333
RAL646,21.88333333
RAL703,38.6
RAL703,38.31666667
RAL703,37.58333333
RAL703,31.66666667
RAL703,48.13333333
RAL703,26.88333333
RAL703,24.96666667
RAL703,30.1
RAL703,63.18333333
RAL703,54.93333333
RAL703,33.13333333
RAL703,25.98333333
RAL703,24.96666667
RAL703,24.55
RAL703,41.1
RAL703,25.4
RAL716,51.91666667
RAL716,57.16666667
RAL716,58.86666667
RAL716,56.28333333
RAL716,58.2
RAL716,56.43333333
RAL716,60.66666667
RAL716,70.9
RAL716,42.98333333
RAL716,59.38333333
RAL716,47.18333333
RAL716,85.85
RAL716,56.91666667
RAL716,68.65
RAL716,58.75
RAL716,72.88333333
RAL721,35.05
RAL721,24.45
RAL721,31.9
RAL721,30.48333333
RAL721,19.66666667
RAL721,21.35
RAL721,28.01666667
RAL721,20.58333333
RAL721,31.46666667
RAL721,33.56666667
RAL721,27.56666667
RAL721,22.11666667
RAL721,29.66666667
RAL721,34.26666667
RAL721,20.03333333
RAL721,30.55
RAL727,48.83333333
RAL727,51.23333333
RAL727,44.05
RAL727,45.56666667
RAL727,42.83333333
RAL727,41.11666667
RAL727,34.01666667
RAL727,46.15
RAL727,47.45
RAL727,51.85
RAL727,52.21666667
RAL727,37.95
RAL727,49.73333333
RAL727,36.38333333
RAL727,37.73333333
RAL727,28.18333333
RAL737,36.01666667
RAL737,29.46666667
RAL737,40.35
RAL737,44.08333333
RAL737,26.45
RAL737,50.93333333
RAL737,25.76666667
RAL737,42.05
RAL737,44.11666667
RAL737,46.33333333
RAL737,29.11666667
RAL737,30.96666667
RAL737,29.96666667
RAL737,29.25
RAL737,28.95
RAL737,23.9
RAL738,31.38333333
RAL738,49.06666667
RAL738,47.11666667
RAL738,38.11666667
RAL738,46.7
RAL738,34.2
RAL738,22.46666667
RAL738,39.15
RAL738,35.86666667
RAL738,30.11666667
RAL738,29
RAL738,45.63333333
RAL748,80.31666667
RAL748,100.4166667
RAL748,92.16666667
RAL748,86.46666667
RAL748,37.8
RAL748,105.9333333
RAL748,55.63333333
RAL748,88.33333333
RAL748,47.68333333
RAL748,91.6
RAL748,53.95
RAL748,58.6
RAL748,106.1833333
RAL748,57.56666667
RAL748,25.51666667
RAL748,81.76666667
RAL757,41.26666667
RAL757,70.61666667
RAL757,45.86666667
RAL757,58.16666667
RAL757,40.01666667
RAL757,57.15
RAL757,54.06666667
RAL757,39.16666667
RAL757,59.4
RAL757,49.83333333
RAL757,24.23333333
RAL757,62.23333333
RAL757,51.23333333
RAL757,58.73333333
RAL757,46.63333333
RAL757,54.01666667
RAL761,23.96666667
RAL761,22.6
RAL761,20.85
RAL761,31.91666667
RAL761,25.4
RAL761,37.1
RAL761,28.23333333
RAL761,26.05
RAL761,20.1
RAL761,22.58333333
RAL761,31.23333333
RAL761,22.23333333
RAL761,20.36666667
RAL761,30.38333333
RAL761,19.4
RAL776,41.7
RAL776,44.26666667
RAL776,62.4
RAL776,61.26666667
RAL776,69.48333333
RAL776,65.6
RAL776,58.75
RAL776,70.71666667
RAL776,49.55
RAL776,57.98333333
RAL776,59.2
RAL776,49.68333333
RAL776,48.56666667
RAL776,48.68333333
RAL776,54.76666667
RAL776,75.61666667
RAL783,35.48333333
RAL783,29.4
RAL783,39.91666667
RAL783,45.73333333
RAL783,45.5
RAL783,57.46666667
RAL783,35.05
RAL783,89.56666667
RAL783,45.4
RAL783,34.43333333
RAL783,40.38333333
RAL783,49.58333333
RAL783,75.06666667
RAL783,32.13333333
RAL787,64.86666667
RAL787,46.25
RAL787,66.16666667
RAL787,48.58333333
RAL787,64.93333333
RAL787,45.86666667
RAL787,49.26666667
RAL787,51.8
RAL787,35.41666667
RAL787,44.46666667
RAL787,19.81666667
RAL787,41.5
RAL787,53.13333333
RAL787,32.58333333
RAL787,32.88333333
RAL787,54.4
RAL790,14.8
RAL790,35.4
RAL790,31.83333333
RAL790,42.41666667
RAL790,46.55
RAL790,31.83333333
RAL790,49.68333333
RAL790,39.26666667
RAL790,24.46666667
RAL790,25.75
RAL796,25.3
RAL796,29.55
RAL796,29.98333333
RAL796,24.38333333
RAL796,26.2
RAL796,84.96666667
RAL796,34.46666667
RAL796,40.28333333
RAL796,29.45
RAL796,20.1
RAL796,34.8
RAL796,13.38333333
RAL796,31.21666667
RAL796,19.43333333
RAL796,21.7
RAL796,23.48333333
RAL801,45.21666667
RAL801,46.81666667
RAL801,51.71666667
RAL801,50.9
RAL801,33.06666667
RAL801,50.48333333
RAL801,38.95
RAL801,37.11666667
RAL801,38.7
RAL801,38.35
RAL801,33.56666667
RAL801,48.5
RAL801,54.26666667
RAL801,33.68333333
RAL801,40.76666667
RAL801,33.73333333
RAL802,55.31666667
RAL802,61.45
RAL802,45.58333333
RAL802,47.38333333
RAL802,44.26666667
RAL802,44.58333333
RAL802,43.75
RAL802,66.4
RAL802,48.71666667
RAL802,54.3
RAL802,38.61666667
RAL802,50.95
RAL802,47.85
RAL802,36.7
RAL802,55.45
RAL802,46.8
RAL804,25.88333333
RAL804,25.85
RAL804,26.8
RAL804,47.21666667
RAL804,34.36666667
RAL804,41.45
RAL804,15.13333333
RAL804,19.88333333
RAL804,33.66666667
RAL804,11.68333333
RAL804,25.05
RAL804,21.35
RAL804,27
RAL804,32.35
RAL804,22.1
RAL804,24.56666667
RAL805,51.7
RAL805,55.28333333
RAL805,53.38333333
RAL805,78.68333333
RAL805,85.91666667
RAL805,24.76666667
RAL805,57.63333333
RAL805,53.6
RAL805,46.48333333
RAL805,45.28333333
RAL808,24.91666667
RAL808,45.85
RAL808,33.95
RAL808,36.6
RAL808,22.63333333
RAL808,41.13333333
RAL808,42.55
RAL808,27.2
RAL808,22.41666667
RAL808,33.45
RAL808,26.28333333
RAL808,38.31666667
RAL808,33.38333333
RAL808,27.46666667
RAL808,33.38333333
RAL808,44.65
RAL810,34.8
RAL810,31.88333333
RAL810,27.41666667
RAL810,24.61666667
RAL810,37.93333333
RAL810,46
RAL810,24.85
RAL810,35.25
RAL810,29.48333333
RAL810,48.91666667
RAL810,33.13333333
RAL810,52.28333333
RAL810,34.35
RAL810,29.11666667
RAL810,38.43333333
RAL810,38.93333333
RAL812,32.95
RAL812,34.66666667
RAL812,30.86666667
RAL812,41.35
RAL812,27.23333333
RAL812,29.58333333
RAL812,29.11666667
RAL812,30.81666667
RAL812,39.58333333
RAL812,39.05
RAL812,27.83333333
RAL812,9.316666667
RAL812,43.13333333
RAL812,40.46666667
RAL812,23.36666667
RAL812,22.81666667
RAL818,37.01666667
RAL818,57.85
RAL818,33.96666667
RAL818,56.71666667
RAL818,33.38333333
RAL818,30.86666667
RAL818,46.93333333
RAL818,63.55
RAL818,60.56666667
RAL818,32.98333333
RAL818,51.55
RAL818,42.41666667
RAL818,31
RAL818,29.8
RAL818,30.91666667
RAL818,40.03333333
RAL821,31.25
RAL821,36.61666667
RAL821,50.31666667
RAL821,49.66666667
RAL821,40.31666667
RAL821,50.63333333
RAL821,44.36666667
RAL821,37.51666667
RAL821,50.56666667
RAL821,38.98333333
RAL821,38.43333333
RAL821,35.03333333
RAL821,45.5
RAL821,37.4
RAL821,36.25
RAL821,17.15
RAL822,40.75
RAL822,34.26666667
RAL822,31.06666667
RAL822,57.7
RAL822,35.98333333
RAL822,29.63333333
RAL822,23.18333333
RAL822,30.41666667
RAL822,24.51666667
RAL822,43.91666667
RAL822,35.3
RAL822,41.93333333
RAL822,38.23333333
RAL822,46.9
RAL822,45.21666667
RAL822,31.11666667
RAL837,75.45
RAL837,102.5166667
RAL837,108.2333333
RAL837,55.48333333
RAL837,54.6
RAL837,91.08333333
RAL837,109.7333333
RAL837,85.33333333
RAL837,80.43333333
RAL837,49.75
RAL837,72.28333333
RAL837,80.7
RAL837,98.6
RAL837,73.5
RAL837,77.41666667
RAL837,77.43333333
RAL843,24.03333333
RAL843,34.13333333
RAL843,27.36666667
RAL843,34.98333333
RAL843,32.3
RAL843,32.81666667
RAL843,37.26666667
RAL843,33.28333333
RAL843,27.55
RAL843,29.73333333
RAL843,30.7
RAL843,27.3
RAL843,35.03333333
RAL843,25.41666667
RAL843,27.35
RAL843,36.7
RAL849,80.45
RAL849,95.25
RAL849,49.7
RAL849,77.65
RAL849,72.06666667
RAL849,67.4
RAL849,53.3
RAL849,61.95
RAL849,38.26666667
RAL849,64.21666667
RAL849,52.71666667
RAL849,43.11666667
RAL849,96.21666667
RAL849,41.73333333
RAL849,80.06666667
RAL850,60.1
RAL850,73.31666667
RAL850,58.96666667
RAL850,49.3
RAL850,62.53333333
RAL850,61.95
RAL850,66.03333333
RAL850,58.11666667
RAL850,51.21666667
RAL850,71.95
RAL850,53.81666667
RAL850,70.56666667
RAL850,62
RAL850,66.86666667
RAL850,55.2
RAL850,63.33333333
RAL853,75.73333333
RAL853,53.88333333
RAL853,47.35
RAL853,77.93333333
RAL853,49.78333333
RAL853,63.65
RAL853,47.95
RAL853,58.55
RAL853,59.73333333
RAL853,51.86666667
RAL853,77.26666667
RAL853,54.11666667
RAL853,70.28333333
RAL853,69.36666667
RAL853,50.93333333
RAL853,67.93333333
RAL857,46.1
RAL857,45.5
RAL857,49.83333333
RAL857,47
RAL857,63.56666667
RAL857,57.71666667
RAL857,52.43333333
RAL857,71.68333333
RAL857,54.05
RAL857,68.91666667
RAL857,23.16666667
RAL857,58.85
RAL857,48.55
RAL857,72.65
RAL861,38.78333333
RAL861,53.25
RAL861,48.43333333
RAL861,45.93333333
RAL861,46.95
RAL861,43.96666667
RAL861,48.93333333
RAL861,43.61666667
RAL861,52.28333333
RAL861,54.61666667
RAL861,51.16666667
RAL861,41.33333333
RAL861,52.46666667
RAL861,52.51666667
RAL861,53.55
RAL861,56.01666667
RAL879,42.83333333
RAL879,48.16666667
RAL879,44.48333333
RAL879,42.91666667
RAL879,48.86666667
RAL879,40.78333333
RAL879,50.43333333
RAL879,56.18333333
RAL879,60.45
RAL879,32.56666667
RAL879,50.88333333
RAL879,42.95
RAL879,48.58333333
RAL879,51.28333333
RAL879,47.95
RAL882,44.23333333
RAL882,37.5
RAL882,28.53333333
RAL882,52.85
RAL882,31.63333333
RAL882,43.2
RAL882,33.88333333
RAL882,36.65
RAL882,33.15
RAL882,47.65
RAL882,31.8
RAL882,51.86666667
RAL882,42
RAL882,48.75
RAL882,39.66666667
RAL882,33.51666667
RAL890,21.9
RAL890,25.95
RAL890,31.05
RAL890,14.55
RAL890,45.05
RAL890,21.15
RAL890,23.16666667
RAL890,12.85
RAL890,38.68333333
RAL890,31.75
RAL890,36.43333333
RAL890,40.98333333
RAL890,47.05
RAL890,21.16666667
RAL890,37.3
RAL890,18.8
RAL892,22.1
RAL892,29.21666667
RAL892,22.35
RAL892,15.9
RAL892,20.33333333
RAL892,20.98333333
RAL892,17.65
RAL892,18.45
RAL892,15.63333333
RAL892,21.46666667
RAL892,24.5
RAL892,22.98333333
RAL892,17.48333333
RAL892,13.25
RAL892,16.85
RAL892,25.5
RAL894,65.93333333
RAL894,58
RAL894,42.13333333
RAL894,61.43333333
RAL894,13.9
RAL894,30.93333333
RAL894,20.1
RAL894,54.93333333
RAL894,52.9
RAL894,45.8
RAL894,31.4
RAL894,38.11666667
RAL894,56.7
RAL894,33.15
RAL900,24.2
RAL900,38.01666667
RAL900,39.73333333
RAL900,30.66666667
RAL900,51.06666667
RAL900,45.71666667
RAL900,47.91666667
RAL900,34.76666667
RAL900,55
RAL900,41.23333333
RAL900,67.98333333
RAL900,48.5
RAL900,47.23333333
RAL900,39.11666667
RAL900,48.88333333
RAL900,30.05
RAL907,47.08333333
RAL907,51.18333333
RAL907,51.25
RAL907,47.13333333
RAL907,65.58333333
RAL907,73.65
RAL907,54.56666667
RAL907,80.18333333
RAL907,56.48333333
RAL907,46.73333333
RAL907,46.68333333
RAL907,53.65
RAL907,51.78333333
RAL907,43.05
RAL907,51.15
RAL907,26.45
RAL908,46.05
RAL908,61.15
RAL908,57.88333333
RAL908,36.33333333
RAL908,43.33333333
RAL908,47.95
RAL908,42.11666667
RAL908,37.43333333
RAL908,62.93333333
RAL908,45.51666667
RAL908,62.7
RAL908,42.9
RAL908,46.36666667
RAL908,48.43333333
RAL908,38.96666667
RAL911,30.51666667
RAL911,30.7
RAL911,39.68333333
RAL911,33.48333333
RAL911,28.71666667
RAL911,67.7
RAL911,32.91666667
RAL911,33.7
RAL911,46.55
RAL911,42.61666667
RAL911,30.7
RAL911,53.6
RAL911,29.78333333
RAL911,47.46666667
RAL911,44.28333333
RAL911,55.43333333
RAL913,96.11666667
RAL913,71.08333333
RAL913,77.8
RAL913,87.88333333
RAL913,67.95
RAL913,59.3
RAL913,75.56666667
RAL913,113.65
RAL913,74.38333333
RAL913,93.1
RAL913,66.25
RAL913,66.03333333
RAL913,110.3833333
RAL913,42.66666667
RAL913,111.6
RAL913,112.7166667
RAL235,105.7333333
RAL235,44.91666667
RAL235,47.91666667
RAL235,66.43333333
RAL235,83.16666667
RAL235,59.35
RAL235,77.8
RAL235,58.08333333
RAL235,36.8
RAL235,93.01666667
RAL235,41.25
RAL235,60.65
RAL235,70.35
RAL235,38.53333333
RAL235,63.38333333
RAL235,65.63333333
RAL310,54.48333333
RAL310,60.56666667
RAL310,51.7
RAL310,50.45
RAL310,36.63333333
RAL310,49.46666667
RAL310,44.76666667
RAL310,47.88333333
RAL310,43.33333333
RAL310,56.81666667
RAL310,34
RAL310,66.9
RAL310,50.41666667
RAL310,49.06666667
RAL310,35.45
RAL310,24.88333333
RAL409,72.31666667
RAL409,49.6
RAL409,51.96666667
RAL409,35.5
RAL409,37.2
RAL409,49.46666667
RAL409,48.86666667
RAL409,65.4
RAL409,40.01666667
RAL409,26.66666667
RAL409,31.78333333
RAL409,27.33333333
RAL409,42.3
RAL409,20.16666667
RAL409,48.53333333
RAL409,82.3
RAL887,46.63333333
RAL887,29.26666667
RAL887,40.55
RAL887,28.15
RAL887,75.5
RAL887,56.4
RAL887,37.78333333
RAL887,42.61666667
RAL887,54.2
RAL887,45.28333333
RAL887,39.88333333
RAL887,25.63333333
RAL887,40.76666667
RAL887,33.18333333
RAL887,49.28333333
RAL887,45.08333333
RAL40,94.31666667
RAL40,33.73333333
RAL40,63.45
RAL40,39.91666667
RAL40,56.6
RAL40,31.53333333
RAL40,52.26666667
RAL40,45.3
RAL40,71.81666667
RAL40,47.25
RAL40,42.96666667
RAL40,43.9
RAL40,46.21666667
RAL40,41.23333333
RAL40,46.48333333
RAL40,59.95
RAL57,47.43333333
RAL57,39.38333333
RAL57,32.25
RAL57,29.85
RAL57,32.38333333
RAL57,39.53333333
RAL57,26.78333333
RAL57,64.08333333
RAL57,48.41666667
RAL57,26.93333333
RAL57,32.81666667
RAL57,51.6
RAL57,33.05
RAL57,28.71666667
RAL57,42.15
RAL57,40.2
RAL229,60.35
RAL229,48.3
RAL229,89.38333333
RAL229,60.15
RAL229,94.4
RAL229,26.95
RAL229,35.3
RAL229,90.06666667
RAL229,96.73333333
RAL229,46.51666667
RAL229,77.43333333
RAL229,72.08333333
RAL229,71.4
RAL229,56.28333333
RAL229,47.4
RAL229,67.26666667
RAL321,41.38333333
RAL321,42.13333333
RAL321,27.78333333
RAL321,28.73333333
RAL321,37.76666667
RAL321,41.63333333
RAL321,16.85
RAL321,41.38333333
RAL321,31.66666667
RAL321,45.61666667
RAL321,40.83333333
RAL321,58.38333333
RAL321,35.43333333
RAL321,30.23333333
RAL321,39.65
RAL321,51.9
RAL405,88.4
RAL405,52.78333333
RAL405,26.65
RAL405,50.43333333
RAL405,31.35
RAL405,38.51666667
RAL405,43.58333333
RAL405,48.48333333
RAL405,88.98333333
RAL405,63.3
RAL405,27.71666667
RAL405,35.08333333
RAL405,48.71666667
RAL405,33.95
RAL405,44.31666667
RAL405,32.5
RAL406,53.86666667
RAL406,72.45
RAL406,67.93333333
RAL406,56.6
RAL406,32.18333333
RAL406,78.36666667
RAL406,62.53333333
RAL406,62.31666667
RAL406,59.28333333
RAL406,48.63333333
RAL406,85.58333333
RAL406,55.56666667
RAL406,51.9
RAL406,47.16666667
RAL406,67.25
RAL439,63.98333333
RAL439,44.81666667
RAL439,37.86666667
RAL439,29.66666667
RAL439,49.2
RAL439,49.75
RAL439,35.88333333
RAL439,71.85
RAL439,56.93333333
RAL439,71.58333333
RAL439,47.8
RAL439,31.71666667
RAL439,59.71666667
RAL439,51.68333333
RAL439,47.46666667
RAL439,43.15
RAL513,23.43333333
RAL513,28.28333333
RAL513,32.71666667
RAL513,26.68333333
RAL513,35.53333333
RAL513,22.93333333
RAL513,29.51666667
RAL513,32.61666667
RAL513,25.93333333
RAL513,36.6
RAL513,24.51666667
RAL513,29.96666667
RAL513,39.3
RAL513,41.28333333
RAL513,21.11666667
RAL513,28.66666667
RAL530,79.73333333
RAL530,55.9
RAL530,60.93333333
RAL530,81.15
RAL530,80.31666667
RAL530,62.43333333
RAL530,40.5
RAL530,115.1833333
RAL530,67.36666667
RAL530,51.08333333
RAL530,72.78333333
RAL530,66.21666667
RAL530,42.91666667
RAL530,64.31666667
RAL530,86.28333333
RAL530,82.23333333
RAL306,57.93333333
RAL306,37.75
RAL306,21.4
RAL306,33.3
RAL306,31.81666667
RAL306,16.93333333
RAL306,61.51666667
RAL306,27.56666667
RAL306,37.45
RAL306,36.48333333
RAL306,47.66666667
RAL306,40.96666667
RAL306,31.16666667
RAL306,19.15
RAL306,64.35
RAL306,18.98333333