ID,MappingPanel,line,Genotype Bloomington,RepVial,CaffeineResistance
28874,DGRP,26,28123,1,71.78333333
28875,DGRP,26,28123,1,31.3
28876,DGRP,26,28123,1,53.13333333
28877,DGRP,26,28123,1,45.18333333
28878,DGRP,26,28123,1,39.48333333
28879,DGRP,26,28123,1,38.06666667
28880,DGRP,26,28123,1,74.36666667
28881,DGRP,26,28123,1,49.16666667
28882,DGRP,26,28123,1,56.96666667
28883,DGRP,26,28123,1,53.78333333
28884,DGRP,26,28123,1,51.36666667
28885,DGRP,26,28123,1,23.76666667
28886,DGRP,26,28123,1,16.63333333
28887,DGRP,26,28123,1,42.55
28888,DGRP,26,28123,1,71.78333333
28889,DGRP,26,28123,1,35.08333333
28890,DGRP,28,28124,1,27.15
28891,DGRP,28,28124,1,10.46666667
28892,DGRP,28,28124,1,20
28893,DGRP,28,28124,1,11.31666667
28894,DGRP,28,28124,1,13.36666667
28895,DGRP,28,28124,1,40.83333333
28896,DGRP,28,28124,1,17.53333333
28897,DGRP,28,28124,1,25.98333333
28898,DGRP,28,28124,1,38.48333333
28899,DGRP,28,28124,1,35.51666667
28900,DGRP,28,28124,1,46.55
28901,DGRP,28,28124,1,23.2
28902,DGRP,28,28124,1,21.41666667
28903,DGRP,28,28124,1,10.2
28904,DGRP,28,28124,1,7.483333333
28905,DGRP,28,28124,1,13.46666667
28906,DGRP,38,28125,1,27.83333333
28907,DGRP,38,28125,1,36.18333333
28908,DGRP,38,28125,1,11.98333333
28909,DGRP,38,28125,1,28.31666667
28910,DGRP,38,28125,1,28.91666667
28911,DGRP,38,28125,1,35.46666667
28912,DGRP,38,28125,1,17.65
28913,DGRP,38,28125,1,36.41666667
28914,DGRP,38,28125,1,34.46666667
28915,DGRP,38,28125,1,17.41666667
28916,DGRP,38,28125,1,55.13333333
28917,DGRP,38,28125,1,41.6
28918,DGRP,38,28125,1,13.08333333
28919,DGRP,38,28125,1,25.48333333
28920,DGRP,38,28125,1,35.53333333
28921,DGRP,38,28125,1,22.38333333
28922,DGRP,41,28126,1,108.6833333
28923,DGRP,41,28126,1,115.6833333
28924,DGRP,41,28126,1,89.3
28925,DGRP,41,28126,1,92.61666667
28926,DGRP,41,28126,1,102.6833333
28927,DGRP,41,28126,1,108.1333333
28928,DGRP,41,28126,1,99.3
28929,DGRP,41,28126,1,107.2
28930,DGRP,41,28126,1,108.3
28931,DGRP,41,28126,1,85.28333333
28932,DGRP,41,28126,1,82.43333333
28933,DGRP,41,28126,1,109.9666667
28934,DGRP,41,28126,1,99.85
28935,DGRP,41,28126,1,99.03333333
28936,DGRP,41,28126,1,107.8333333
28937,DGRP,41,28126,1,103.25
28938,DGRP,42,28127,1,10.1
28939,DGRP,42,28127,1,9.183333333
28940,DGRP,42,28127,1,11.78333333
28941,DGRP,42,28127,1,8.25
28942,DGRP,42,28127,1,6.983333333
28943,DGRP,42,28127,1,11.51666667
28944,DGRP,42,28127,1,10.9
28945,DGRP,42,28127,1,4.633333333
28946,DGRP,42,28127,1,12.58333333
28947,DGRP,42,28127,1,12.16666667
28948,DGRP,42,28127,1,21.66666667
28949,DGRP,42,28127,1,6.733333333
28950,DGRP,42,28127,1,14.4
28951,DGRP,42,28127,1,10.36666667
28952,DGRP,42,28127,1,7.183333333
28953,DGRP,42,28127,1,15.55
28954,DGRP,45,28128,1,40.6
28955,DGRP,45,28128,1,38.21666667
28956,DGRP,45,28128,1,35.53333333
28957,DGRP,45,28128,1,43.88333333
28958,DGRP,45,28128,1,32.2
28959,DGRP,45,28128,1,29.83333333
28960,DGRP,45,28128,1,40.1
28961,DGRP,45,28128,1,32.11666667
28962,DGRP,45,28128,1,34.95
28963,DGRP,45,28128,1,32.58333333
28964,DGRP,45,28128,1,44.7
28965,DGRP,45,28128,1,38.65
28966,DGRP,45,28128,1,35.65
28967,DGRP,45,28128,1,24.93333333
30889,DGRP,57,29652,1,36.95
30890,DGRP,57,29652,1,53.6
30891,DGRP,57,29652,1,41.75
30892,DGRP,57,29652,1,41.18333333
30893,DGRP,57,29652,1,37.4
30894,DGRP,57,29652,1,47.18333333
30895,DGRP,57,29652,1,34.7
30896,DGRP,57,29652,1,38.03333333
30897,DGRP,57,29652,1,31.71666667
30898,DGRP,57,29652,1,49.83333333
30899,DGRP,57,29652,1,13.56666667
30900,DGRP,57,29652,1,39.06666667
30901,DGRP,57,29652,1,28.8
30902,DGRP,57,29652,1,45.98333333
30903,DGRP,57,29652,1,28.06666667
30904,DGRP,57,29652,1,43.63333333
28968,DGRP,59,28129,1,54.13333333
28969,DGRP,59,28129,1,42.51666667
28970,DGRP,59,28129,1,45.63333333
28971,DGRP,59,28129,1,64.93333333
28972,DGRP,59,28129,1,21.2
28973,DGRP,59,28129,1,75.66666667
28974,DGRP,59,28129,1,24.45
28975,DGRP,59,28129,1,72.13333333
28976,DGRP,59,28129,1,84.51666667
28977,DGRP,59,28129,1,33.51666667
28978,DGRP,59,28129,1,19.61666667
28979,DGRP,59,28129,1,44.31666667
28980,DGRP,59,28129,1,15.95
28981,DGRP,59,28129,1,56.68333333
28982,DGRP,59,28129,1,74.86666667
28983,DGRP,59,28129,1,75.28333333
28984,DGRP,69,28130,1,65.6
28985,DGRP,69,28130,1,16.78333333
28986,DGRP,69,28130,1,26.63333333
28987,DGRP,69,28130,1,29.61666667
28988,DGRP,69,28130,1,49.36666667
28989,DGRP,69,28130,1,76.76666667
28990,DGRP,69,28130,1,94.56666667
28991,DGRP,69,28130,1,92.65
28992,DGRP,69,28130,1,99.1
28993,DGRP,69,28130,1,57.05
28994,DGRP,69,28130,1,45.21666667
28995,DGRP,69,28130,1,36.2
28996,DGRP,69,28130,1,55.93333333
28997,DGRP,69,28130,1,76.63333333
28998,DGRP,69,28130,1,54.28333333
28999,DGRP,73,28131,1,127.7333333
29000,DGRP,73,28131,1,12.46666667
29001,DGRP,73,28131,1,11.93333333
29002,DGRP,73,28131,1,10.03333333
29003,DGRP,73,28131,1,87.61666667
29004,DGRP,73,28131,1,20.13333333
29005,DGRP,73,28131,1,6.366666667
29006,DGRP,73,28131,1,13.65
29007,DGRP,73,28131,1,17.1
29008,DGRP,73,28131,1,119.2
29009,DGRP,73,28131,1,11.16666667
29010,DGRP,73,28131,1,83.06666667
29011,DGRP,73,28131,1,23.75
29012,DGRP,73,28131,1,95.23333333
29013,DGRP,73,28131,1,28.7
29014,DGRP,73,28131,1,87.41666667
29015,DGRP,75,28132,1,92.01666667
29016,DGRP,75,28132,1,60.93333333
29017,DGRP,75,28132,1,121.8666667
29018,DGRP,75,28132,1,67.85
29019,DGRP,75,28132,1,95.46666667
29020,DGRP,75,28132,1,115.2333333
29021,DGRP,75,28132,1,48.03333333
29022,DGRP,75,28132,1,30.81666667
29023,DGRP,75,28132,1,74.36666667
29024,DGRP,75,28132,1,104.2666667
29025,DGRP,75,28132,1,83.38333333
29026,DGRP,75,28132,1,91.4
29027,DGRP,75,28132,1,52.03333333
29028,DGRP,75,28132,1,57.55
29029,DGRP,75,28132,1,108.9666667
29030,DGRP,75,28132,1,82.06666667
29031,DGRP,83,28134,1,16.56666667
29032,DGRP,83,28134,1,29.7
29033,DGRP,83,28134,1,27.31666667
29034,DGRP,83,28134,1,60.83333333
29035,DGRP,83,28134,1,28.05
29036,DGRP,83,28134,1,60.95
29037,DGRP,83,28134,1,16.45
29038,DGRP,83,28134,1,33.75
29039,DGRP,83,28134,1,52.15
29040,DGRP,83,28134,1,17.53333333
29041,DGRP,83,28134,1,20.65
29042,DGRP,83,28134,1,48
29043,DGRP,83,28134,1,36.71666667
29044,DGRP,83,28134,1,32.38333333
29045,DGRP,83,28134,1,25.05
29046,DGRP,83,28134,1,23.63333333
30848,DGRP,85,28274,1,24.2
30849,DGRP,85,28274,1,16.98333333
30850,DGRP,85,28274,1,25.05
30851,DGRP,85,28274,1,15.46666667
30852,DGRP,85,28274,1,19.7
30853,DGRP,85,28274,1,14.23333333
30854,DGRP,85,28274,1,8.333333333
30855,DGRP,85,28274,1,20.35
30856,DGRP,85,28274,1,29.23333333
29047,DGRP,88,28135,1,13.5
29048,DGRP,88,28135,1,80.95
29049,DGRP,88,28135,1,26.43333333
29050,DGRP,88,28135,1,75.43333333
29051,DGRP,88,28135,1,100.3666667
29052,DGRP,88,28135,1,70.51666667
29053,DGRP,88,28135,1,16.66666667
29054,DGRP,88,28135,1,83.28333333
29055,DGRP,88,28135,1,83.76666667
29056,DGRP,88,28135,1,107.2166667
29057,DGRP,88,28135,1,60.15
29058,DGRP,88,28135,1,92.36666667
29059,DGRP,88,28135,1,69.91666667
29060,DGRP,88,28135,1,101.1
29061,DGRP,88,28135,1,82.36666667
29062,DGRP,88,28135,1,99.4
29063,DGRP,91,28136,1,87.6
29064,DGRP,91,28136,1,97.5
29065,DGRP,91,28136,1,109.3833333
29066,DGRP,91,28136,1,89.73333333
29067,DGRP,91,28136,1,76.08333333
29068,DGRP,91,28136,1,94.28333333
29069,DGRP,91,28136,1,54.18333333
29070,DGRP,91,28136,1,75.58333333
29071,DGRP,91,28136,1,69.53333333
29072,DGRP,91,28136,1,86.68333333
29073,DGRP,91,28136,1,44.76666667
29074,DGRP,91,28136,1,75.8
29075,DGRP,91,28136,1,87.43333333
29076,DGRP,93,28137,1,77.2
29077,DGRP,93,28137,1,104.35
29078,DGRP,93,28137,1,85.33333333
29079,DGRP,93,28137,1,110.9333333
29080,DGRP,93,28137,1,78.71666667
29081,DGRP,93,28137,1,42.21666667
29082,DGRP,93,28137,1,80.7
29083,DGRP,93,28137,1,97.66666667
29084,DGRP,93,28137,1,77.3
29085,DGRP,93,28137,1,65.78333333
29086,DGRP,93,28137,1,97.96666667
29087,DGRP,93,28137,1,87.78333333
29088,DGRP,93,28137,1,85.58333333
29089,DGRP,93,28137,1,91.26666667
29090,DGRP,93,28137,1,79.95
29091,DGRP,105,28139,1,53.16666667
29092,DGRP,105,28139,1,47.46666667
29093,DGRP,105,28139,1,17.55
29094,DGRP,105,28139,1,12.35
29095,DGRP,105,28139,1,20.4
29096,DGRP,105,28139,1,7.966666667
29097,DGRP,105,28139,1,55.9
29098,DGRP,105,28139,1,19.38333333
29099,DGRP,105,28139,1,60.18333333
29100,DGRP,105,28139,1,17.36666667
29101,DGRP,105,28139,1,16.16666667
29102,DGRP,105,28139,1,28
29103,DGRP,105,28139,1,14.55
29104,DGRP,105,28139,1,17.16666667
29105,DGRP,105,28139,1,16.25
29106,DGRP,105,28139,1,24
29107,DGRP,109,28140,1,89.16666667
29108,DGRP,109,28140,1,44.5
29109,DGRP,109,28140,1,94.55
29110,DGRP,109,28140,1,92.75
29111,DGRP,109,28140,1,46.93333333
29112,DGRP,109,28140,1,20.85
29113,DGRP,109,28140,1,38.11666667
29114,DGRP,109,28140,1,20.26666667
29115,DGRP,109,28140,1,51.6
29116,DGRP,109,28140,1,90.86666667
29117,DGRP,109,28140,1,10.41666667
29118,DGRP,109,28140,1,29.61666667
29119,DGRP,109,28140,1,100.5166667
29120,DGRP,109,28140,1,36.1
29121,DGRP,109,28140,1,116.9833333
29122,DGRP,129,28141,1,37.2
29123,DGRP,129,28141,1,62.61666667
29124,DGRP,129,28141,1,53.33333333
29125,DGRP,129,28141,1,10.13333333
29126,DGRP,129,28141,1,45.26666667
29127,DGRP,129,28141,1,48.83333333
29128,DGRP,129,28141,1,25.66666667
29129,DGRP,129,28141,1,31.9
29130,DGRP,129,28141,1,45.33333333
29131,DGRP,129,28141,1,37.71666667
29132,DGRP,129,28141,1,50.86666667
29133,DGRP,129,28141,1,52.58333333
29134,DGRP,129,28141,1,26.65
29135,DGRP,129,28141,1,43.41666667
29136,DGRP,129,28141,1,49.48333333
29137,DGRP,138,28143,1,80
29138,DGRP,138,28143,1,59.9
29139,DGRP,138,28143,1,50.9
29140,DGRP,138,28143,1,23.51666667
29141,DGRP,138,28143,1,70
29142,DGRP,138,28143,1,60.18333333
29143,DGRP,138,28143,1,53.03333333
29144,DGRP,138,28143,1,48.68333333
29145,DGRP,138,28143,1,76.05
29146,DGRP,138,28143,1,74.48333333
29147,DGRP,138,28143,1,63.16666667
29148,DGRP,138,28143,1,73.86666667
29149,DGRP,138,28143,1,48.51666667
29150,DGRP,138,28143,1,49.8
29151,DGRP,138,28143,1,39.06666667
29152,DGRP,138,28143,1,59.61666667
29153,DGRP,142,28144,1,84.93333333
29154,DGRP,142,28144,1,59.65
29155,DGRP,142,28144,1,85.18333333
29156,DGRP,142,28144,1,96.88333333
29157,DGRP,142,28144,1,64.88333333
29158,DGRP,142,28144,1,77.8
29159,DGRP,142,28144,1,84.56666667
29160,DGRP,142,28144,1,34.71666667
29161,DGRP,142,28144,1,99.1
29162,DGRP,142,28144,1,41.86666667
29163,DGRP,142,28144,1,79.8
29164,DGRP,142,28144,1,75.53333333
29165,DGRP,142,28144,1,43.48333333
29166,DGRP,142,28144,1,61.78333333
29167,DGRP,142,28144,1,45.56666667
29168,DGRP,142,28144,1,38.45
29169,DGRP,142,28144,2,73.1
29170,DGRP,142,28144,2,82.51666667
29171,DGRP,142,28144,2,54.75
29172,DGRP,142,28144,2,87.66666667
29173,DGRP,142,28144,2,67.78333333
29174,DGRP,142,28144,2,78.65
29175,DGRP,142,28144,2,96.33333333
29176,DGRP,142,28144,2,85.91666667
29177,DGRP,142,28144,2,81.76666667
29178,DGRP,142,28144,2,71.61666667
29179,DGRP,142,28144,2,78.63333333
29180,DGRP,142,28144,2,71.23333333
29181,DGRP,149,28145,1,71.91666667
29182,DGRP,149,28145,1,60.08333333
29183,DGRP,149,28145,1,71.48333333
29184,DGRP,149,28145,1,56.45
29185,DGRP,149,28145,1,42.55
29186,DGRP,149,28145,1,56.21666667
29187,DGRP,149,28145,1,51.56666667
29188,DGRP,149,28145,1,56.43333333
29189,DGRP,149,28145,1,66.11666667
29190,DGRP,149,28145,1,67.23333333
29191,DGRP,149,28145,1,55.56666667
29192,DGRP,149,28145,1,47.33333333
29193,DGRP,149,28145,1,65.65
29194,DGRP,149,28145,1,56.5
29195,DGRP,149,28145,1,61.45
29196,DGRP,149,28145,1,56.05
29197,DGRP,153,28146,1,23.1
29198,DGRP,153,28146,1,85.7
29199,DGRP,153,28146,1,75.15
29200,DGRP,153,28146,1,60.23333333
29201,DGRP,153,28146,1,52.46666667
29202,DGRP,153,28146,1,55.15
29203,DGRP,153,28146,1,30.05
29204,DGRP,153,28146,1,54.71666667
29205,DGRP,153,28146,1,75.06666667
29206,DGRP,153,28146,1,32.45
29207,DGRP,153,28146,1,53.41666667
29208,DGRP,153,28146,1,59.03333333
29209,DGRP,153,28146,1,63.11666667
29210,DGRP,153,28146,1,64.81666667
29211,DGRP,153,28146,1,54.2
29212,DGRP,153,28146,1,46.31666667
29213,DGRP,158,28147,1,64.2
29214,DGRP,158,28147,1,84.91666667
29215,DGRP,158,28147,1,50.66666667
29216,DGRP,158,28147,1,42.88333333
29217,DGRP,158,28147,1,39
29218,DGRP,158,28147,1,83.08333333
29219,DGRP,158,28147,1,60.21666667
29220,DGRP,158,28147,1,73.58333333
29221,DGRP,158,28147,1,73.55
29222,DGRP,158,28147,1,22.53333333
29223,DGRP,158,28147,1,61.31666667
29224,DGRP,158,28147,1,61.25
29225,DGRP,158,28147,1,47.83333333
29226,DGRP,158,28147,1,61.66666667
29227,DGRP,158,28147,1,42.43333333
29228,DGRP,158,28147,1,84.78333333
29229,DGRP,161,28148,1,11.45
29230,DGRP,161,28148,1,15.3
29231,DGRP,161,28148,1,12.46666667
29232,DGRP,161,28148,1,9.9
29233,DGRP,161,28148,1,11.05
29234,DGRP,161,28148,1,21.11666667
29235,DGRP,161,28148,1,15.21666667
29236,DGRP,161,28148,1,11.85
29237,DGRP,161,28148,1,16.4
29238,DGRP,161,28148,1,12.68333333
29239,DGRP,161,28148,1,24.73333333
29240,DGRP,161,28148,1,13.38333333
29241,DGRP,161,28148,1,25.88333333
29242,DGRP,161,28148,1,24.26666667
29243,DGRP,161,28148,1,10.01666667
29244,DGRP,161,28148,1,7.083333333
29245,DGRP,176,28149,1,67.68333333
29246,DGRP,176,28149,1,50.6
29247,DGRP,176,28149,1,31.9
29248,DGRP,176,28149,1,67.78333333
29249,DGRP,176,28149,1,46.15
29250,DGRP,176,28149,1,43.61666667
29251,DGRP,176,28149,1,20.01666667
29252,DGRP,176,28149,1,23.98333333
29253,DGRP,176,28149,1,55.25
29254,DGRP,176,28149,1,35.23333333
29255,DGRP,176,28149,1,88.3
29256,DGRP,176,28149,1,43.3
29257,DGRP,176,28149,1,56.35
29258,DGRP,176,28149,1,38.11666667
29259,DGRP,176,28149,1,73.16666667
29260,DGRP,176,28149,1,61.38333333
29261,DGRP,177,28150,1,54.48333333
29262,DGRP,177,28150,1,58.7
29263,DGRP,177,28150,1,74
29264,DGRP,177,28150,1,119.65
29265,DGRP,177,28150,1,79.15
29266,DGRP,177,28150,1,139.9833333
29267,DGRP,177,28150,1,114.8333333
29268,DGRP,177,28150,1,36.68333333
29269,DGRP,177,28150,1,70.76666667
29270,DGRP,177,28150,1,37.51666667
29271,DGRP,177,28150,1,31.7
29272,DGRP,177,28150,1,23.66666667
29273,DGRP,177,28150,1,29.78333333
29274,DGRP,177,28150,1,29.55
29275,DGRP,177,28150,1,33.83333333
29276,DGRP,181,28151,1,28.46666667
29277,DGRP,181,28151,1,31.76666667
29278,DGRP,181,28151,1,52.9
29279,DGRP,181,28151,1,54.41666667
29280,DGRP,181,28151,1,13.78333333
29281,DGRP,181,28151,1,81.08333333
29282,DGRP,181,28151,1,54.98333333
29283,DGRP,181,28151,1,42.23333333
29284,DGRP,181,28151,1,72.93333333
29285,DGRP,181,28151,1,23.73333333
29286,DGRP,181,28151,1,62.03333333
29287,DGRP,181,28151,1,66.85
29288,DGRP,181,28151,1,41.03333333
29289,DGRP,181,28151,1,57.25
29290,DGRP,181,28151,1,46.2
29291,DGRP,181,28151,1,68.68333333
29292,DGRP,189,28152,1,31.46666667
29293,DGRP,189,28152,1,13.71666667
29294,DGRP,189,28152,1,41.86666667
29295,DGRP,189,28152,1,11.65
29296,DGRP,189,28152,1,79.68333333
29297,DGRP,189,28152,1,17.46666667
29298,DGRP,189,28152,1,27.65
29299,DGRP,189,28152,1,34.3
29300,DGRP,189,28152,1,30.13333333
29301,DGRP,189,28152,1,10.28333333
29302,DGRP,189,28152,1,33.18333333
29303,DGRP,189,28152,1,18.4
29304,DGRP,189,28152,1,20.86666667
29305,DGRP,189,28152,1,10.8
29306,DGRP,189,28152,1,24.1
29307,DGRP,189,28152,1,14.36666667
28422,DGRP,208,25174,1,49.51666667
28423,DGRP,208,25174,1,50.63333333
28424,DGRP,208,25174,1,72.5
28425,DGRP,208,25174,1,74.56666667
28426,DGRP,208,25174,1,67.81666667
28427,DGRP,208,25174,1,55.05
28428,DGRP,208,25174,1,58.78333333
28429,DGRP,208,25174,1,56.33333333
28430,DGRP,208,25174,1,67.81666667
28431,DGRP,208,25174,1,59.91666667
28432,DGRP,208,25174,1,58.13333333
28433,DGRP,208,25174,1,70.4
28434,DGRP,208,25174,1,63.31666667
28435,DGRP,208,25174,1,75.71666667
28436,DGRP,208,25174,1,62.3
29308,DGRP,217,28154,1,85.53333333
29309,DGRP,217,28154,1,96.98333333
29310,DGRP,217,28154,1,79.98333333
29311,DGRP,217,28154,1,94.23333333
29312,DGRP,217,28154,1,105.65
29313,DGRP,217,28154,1,108.3
29314,DGRP,217,28154,1,80.26666667
29315,DGRP,217,28154,1,82.73333333
29316,DGRP,217,28154,1,90.66666667
29317,DGRP,217,28154,1,73.11666667
29318,DGRP,217,28154,1,108.5
29319,DGRP,217,28154,1,101.7833333
29320,DGRP,217,28154,1,72.05
29321,DGRP,217,28154,1,85.35
29322,DGRP,217,28154,1,106.5166667
29323,DGRP,217,28154,1,88.26666667
29324,DGRP,223,28155,1,92
29325,DGRP,223,28155,1,44.8
29326,DGRP,223,28155,1,54.21666667
29327,DGRP,223,28155,1,104.1666667
29328,DGRP,223,28155,1,32.51666667
29329,DGRP,223,28155,1,44.31666667
29330,DGRP,223,28155,1,23.9
29331,DGRP,223,28155,1,56.48333333
29332,DGRP,223,28155,1,42.38333333
29333,DGRP,223,28155,1,70.45
29334,DGRP,223,28155,1,22.63333333
29335,DGRP,223,28155,1,91.3
29336,DGRP,223,28155,1,72.36666667
29337,DGRP,223,28155,1,46.51666667
29338,DGRP,223,28155,1,41.68333333
29339,DGRP,223,28155,1,47.56666667
29340,DGRP,227,28156,1,69.78333333
29341,DGRP,227,28156,1,41.53333333
29342,DGRP,227,28156,1,56.6
29343,DGRP,227,28156,1,41.53333333
29344,DGRP,227,28156,1,64.01666667
29345,DGRP,227,28156,1,57.05
29346,DGRP,227,28156,1,62.01666667
29347,DGRP,227,28156,1,71.36666667
29348,DGRP,227,28156,1,46.05
29349,DGRP,227,28156,1,60.4
29350,DGRP,227,28156,1,49.41666667
29351,DGRP,227,28156,1,66.43333333
29352,DGRP,227,28156,1,49.43333333
29353,DGRP,227,28156,1,53.45
29354,DGRP,227,28156,1,63.68333333
29355,DGRP,228,28157,1,19.5
29356,DGRP,228,28157,1,21.23333333
29357,DGRP,228,28157,1,73.96666667
29358,DGRP,228,28157,1,75.88333333
29359,DGRP,228,28157,1,59.06666667
29360,DGRP,228,28157,1,60.43333333
29361,DGRP,228,28157,1,61.63333333
29362,DGRP,228,28157,1,50.3
29363,DGRP,228,28157,1,44.56666667
29364,DGRP,228,28157,1,73.9
29365,DGRP,228,28157,1,80
29366,DGRP,228,28157,1,80.26666667
29367,DGRP,228,28157,1,28.63333333
29368,DGRP,228,28157,1,20.21666667
29369,DGRP,228,28157,1,65.68333333
29370,DGRP,228,28157,1,57.56666667
30905,DGRP,229,29653,1,39.68333333
30906,DGRP,229,29653,1,57.15
30907,DGRP,229,29653,1,39.45
30908,DGRP,229,29653,1,16.78333333
30909,DGRP,229,29653,1,68.51666667
30910,DGRP,229,29653,1,12.91666667
30911,DGRP,229,29653,1,14.21666667
30912,DGRP,229,29653,1,46.41666667
30913,DGRP,229,29653,1,34.95
30914,DGRP,229,29653,1,15.7
30915,DGRP,229,29653,1,17.18333333
30916,DGRP,229,29653,1,11.11666667
30917,DGRP,229,29653,1,19.33333333
30918,DGRP,229,29653,1,22.75
30919,DGRP,229,29653,1,12.35
30920,DGRP,229,29653,1,11.15
29371,DGRP,233,28159,1,60.93333333
29372,DGRP,233,28159,1,49.28333333
29373,DGRP,233,28159,1,33.53333333
29374,DGRP,233,28159,1,48.46666667
29375,DGRP,233,28159,1,59.95
29376,DGRP,233,28159,1,51.43333333
29377,DGRP,233,28159,1,62.96666667
29378,DGRP,233,28159,1,43.61666667
29379,DGRP,233,28159,1,37.81666667
29380,DGRP,233,28159,1,65.71666667
29381,DGRP,233,28159,1,53.33333333
29382,DGRP,237,28160,1,36.6
29383,DGRP,237,28160,1,38.21666667
29384,DGRP,237,28160,1,29.81666667
29385,DGRP,237,28160,1,83.28333333
29386,DGRP,237,28160,1,79.68333333
29387,DGRP,237,28160,1,47.13333333
29388,DGRP,237,28160,1,81
29389,DGRP,237,28160,1,33.05
29390,DGRP,237,28160,1,65.03333333
29391,DGRP,237,28160,1,51.5
29392,DGRP,237,28160,1,79.51666667
29393,DGRP,237,28160,1,47.51666667
29394,DGRP,237,28160,1,31.76666667
29395,DGRP,237,28160,1,77.9
29396,DGRP,237,28160,1,71.36666667
29397,DGRP,237,28160,1,49.15
29398,DGRP,239,28161,1,80.08333333
29399,DGRP,239,28161,1,58.68333333
29400,DGRP,239,28161,1,24.53333333
29401,DGRP,239,28161,1,58
29402,DGRP,239,28161,1,36.55
29403,DGRP,239,28161,1,40.41666667
29404,DGRP,239,28161,1,36.81666667
29405,DGRP,239,28161,1,19.03333333
29406,DGRP,239,28161,1,56
29407,DGRP,239,28161,1,78.18333333
29408,DGRP,239,28161,1,47.73333333
29409,DGRP,239,28161,1,67.63333333
29410,DGRP,239,28161,1,25.91666667
29411,DGRP,239,28161,1,52.75
29412,DGRP,239,28161,1,38.51666667
29413,DGRP,239,28161,1,20
29414,DGRP,256,28162,1,53.88333333
29415,DGRP,256,28162,1,57.93333333
29416,DGRP,256,28162,1,21.95
29417,DGRP,256,28162,1,35.51666667
29418,DGRP,256,28162,1,48.61666667
29419,DGRP,256,28162,1,52.2
29420,DGRP,256,28162,1,38.41666667
29421,DGRP,256,28162,1,44.18333333
29422,DGRP,256,28162,1,45.18333333
29423,DGRP,256,28162,1,22.85
29424,DGRP,256,28162,1,33.26666667
29425,DGRP,256,28162,1,29.01666667
29426,DGRP,256,28162,1,46.76666667
29427,DGRP,256,28162,1,62.05
29428,DGRP,256,28162,1,52.26666667
29429,DGRP,256,28162,1,58.4
29430,DGRP,272,28163,1,34.7
29431,DGRP,272,28163,1,39.13333333
29432,DGRP,272,28163,1,57.91666667
29433,DGRP,272,28163,1,75.2
29434,DGRP,272,28163,1,15.55
29435,DGRP,272,28163,1,35.23333333
29436,DGRP,272,28163,1,42.13333333
29437,DGRP,272,28163,1,32.83333333
29438,DGRP,272,28163,1,57.3
29439,DGRP,272,28163,1,43.75
29440,DGRP,272,28163,1,32.93333333
29441,DGRP,272,28163,1,43.15
29442,DGRP,272,28163,1,25.98333333
29443,DGRP,272,28163,1,46.76666667
29444,DGRP,272,28163,1,44.78333333
29445,DGRP,280,28164,1,53.95
29446,DGRP,280,28164,1,60.96666667
29447,DGRP,280,28164,1,97.41666667
29448,DGRP,280,28164,1,34.03333333
29449,DGRP,280,28164,1,69.86666667
29450,DGRP,280,28164,1,44.75
29451,DGRP,280,28164,1,36.26666667
29452,DGRP,280,28164,1,45.21666667
29453,DGRP,280,28164,1,58.63333333
29454,DGRP,280,28164,1,94.78333333
29455,DGRP,280,28164,1,104.05
29456,DGRP,280,28164,1,106.9
29457,DGRP,280,28164,1,96.51666667
29458,DGRP,280,28164,1,97.81666667
29459,DGRP,280,28164,1,38.48333333
29460,DGRP,280,28164,1,90.98333333
28437,DGRP,301,25175,1,98.85
28438,DGRP,301,25175,1,126.8833333
28439,DGRP,301,25175,1,104.35
28440,DGRP,301,25175,1,77.8
28441,DGRP,301,25175,1,89.55
28442,DGRP,301,25175,1,104.25
28443,DGRP,301,25175,1,125.2166667
28444,DGRP,301,25175,1,94.36666667
28445,DGRP,301,25175,1,111.3166667
28446,DGRP,301,25175,1,120.6666667
28447,DGRP,301,25175,1,99.26666667
28448,DGRP,301,25175,1,89.95
28449,DGRP,301,25175,1,103
28450,DGRP,301,25175,1,88.11666667
28451,DGRP,301,25175,1,106.1
28452,DGRP,303,25176,1,27.45
28453,DGRP,303,25176,1,79.23333333
28454,DGRP,303,25176,1,25.76666667
28455,DGRP,303,25176,1,35.71666667
28456,DGRP,303,25176,1,21.21666667
28457,DGRP,303,25176,1,26.23333333
28458,DGRP,303,25176,1,22.1
28459,DGRP,303,25176,1,30.01666667
28460,DGRP,303,25176,1,36.33333333
28461,DGRP,303,25176,1,40.98333333
28462,DGRP,303,25176,1,27.68333333
28463,DGRP,303,25176,1,62.05
28464,DGRP,303,25176,1,42.25
28465,DGRP,303,25176,1,83.76666667
28466,DGRP,303,25176,1,40
28467,DGRP,303,25176,1,52.1
31042,DGRP,306,37525,1,52.56666667
31043,DGRP,306,37525,1,83.63333333
31044,DGRP,306,37525,1,84.76666667
31045,DGRP,306,37525,1,81.43333333
31046,DGRP,306,37525,1,35.73333333
31047,DGRP,306,37525,1,74.61666667
31048,DGRP,306,37525,1,73.21666667
31049,DGRP,306,37525,1,97.61666667
31050,DGRP,306,37525,1,104.8666667
31051,DGRP,306,37525,1,33.18333333
31052,DGRP,306,37525,1,53.68333333
31053,DGRP,306,37525,1,86.65
31054,DGRP,306,37525,1,81.96666667
31055,DGRP,306,37525,1,38.98333333
31056,DGRP,306,37525,1,103.1333333
31057,DGRP,306,37525,1,86.8
28468,DGRP,307,25179,1,83.63333333
28469,DGRP,307,25179,1,74.88333333
28470,DGRP,307,25179,1,78.11666667
28471,DGRP,307,25179,1,76.83333333
28472,DGRP,307,25179,1,88.3
28473,DGRP,307,25179,1,80.48333333
28474,DGRP,307,25179,1,49.33333333
28475,DGRP,307,25179,1,97.88333333
28476,DGRP,307,25179,1,75.71666667
28477,DGRP,307,25179,1,75.75
28478,DGRP,307,25179,1,75.93333333
28479,DGRP,307,25179,1,38.45
28480,DGRP,307,25179,1,90.26666667
28481,DGRP,307,25179,1,89.71666667
28482,DGRP,307,25179,1,82.71666667
28483,DGRP,307,25179,1,92.5
29461,DGRP,309,28166,1,134.3333333
29462,DGRP,309,28166,1,99.48333333
29463,DGRP,309,28166,1,78.1
29464,DGRP,309,28166,1,45.38333333
29465,DGRP,309,28166,1,59.13333333
29466,DGRP,309,28166,1,89.51666667
29467,DGRP,309,28166,1,47.36666667
29468,DGRP,309,28166,1,84.65
29469,DGRP,309,28166,1,83.16666667
29470,DGRP,309,28166,1,106.3
29471,DGRP,309,28166,1,79.58333333
29472,DGRP,309,28166,1,105.5166667
29473,DGRP,309,28166,1,80.03333333
29474,DGRP,309,28166,1,77.33333333
29475,DGRP,309,28166,1,56.18333333
29476,DGRP,309,28166,1,104.85
30857,DGRP,310,28276,1,20.8
30858,DGRP,310,28276,1,33.45
30859,DGRP,310,28276,1,85.13333333
30860,DGRP,310,28276,1,37.91666667
30861,DGRP,310,28276,1,120.3166667
30862,DGRP,310,28276,1,90.98333333
30863,DGRP,310,28276,1,114.2833333
30864,DGRP,310,28276,1,138.9833333
30865,DGRP,310,28276,1,62.96666667
30866,DGRP,310,28276,1,19.93333333
30867,DGRP,310,28276,1,20.21666667
30868,DGRP,310,28276,1,47.96666667
30869,DGRP,310,28276,1,50.25
30870,DGRP,310,28276,1,23.46666667
30871,DGRP,310,28276,1,87.71666667
30872,DGRP,310,28276,1,59.85
28484,DGRP,315,25181,1,50.81666667
28485,DGRP,315,25181,1,75.41666667
28486,DGRP,315,25181,1,53.3
28487,DGRP,315,25181,1,36.93333333
28488,DGRP,315,25181,1,46.88333333
28489,DGRP,315,25181,1,63.86666667
28490,DGRP,315,25181,1,44.68333333
28491,DGRP,315,25181,1,29.11666667
28492,DGRP,315,25181,1,76.23333333
28493,DGRP,315,25181,1,19.58333333
28494,DGRP,315,25181,1,13.08333333
28495,DGRP,315,25181,1,61.63333333
28496,DGRP,315,25181,1,40.71666667
28497,DGRP,315,25181,1,72.11666667
28498,DGRP,315,25181,1,68.11666667
28499,DGRP,315,25181,1,64.46666667
29477,DGRP,317,28167,1,57.68333333
29478,DGRP,317,28167,1,32.16666667
29479,DGRP,317,28167,1,33.35
29480,DGRP,317,28167,1,55.13333333
29481,DGRP,317,28167,1,57.31666667
29482,DGRP,317,28167,1,70.5
29483,DGRP,317,28167,1,40.18333333
29484,DGRP,317,28167,1,54.48333333
29485,DGRP,317,28167,1,74.61666667
29486,DGRP,317,28167,1,100.1166667
29487,DGRP,317,28167,1,40.53333333
29488,DGRP,317,28167,1,16.6
29489,DGRP,317,28167,1,97.45
29490,DGRP,317,28167,1,43.58333333
29491,DGRP,317,28167,1,54.9
29492,DGRP,317,28167,1,39.68333333
29493,DGRP,318,28168,1,83.21666667
29494,DGRP,318,28168,1,117.6666667
29495,DGRP,318,28168,1,118.3666667
29496,DGRP,318,28168,1,93.06666667
29497,DGRP,318,28168,1,90.7
29498,DGRP,318,28168,1,76.51666667
29499,DGRP,318,28168,1,108.2333333
29500,DGRP,318,28168,1,97.46666667
29501,DGRP,318,28168,1,125.9666667
29502,DGRP,318,28168,1,87.53333333
29503,DGRP,318,28168,1,139.4
29504,DGRP,318,28168,1,89.85
29505,DGRP,318,28168,1,20.61666667
29506,DGRP,318,28168,1,136.0166667
29507,DGRP,318,28168,1,116.3333333
29508,DGRP,318,28168,1,114.9833333
30921,DGRP,320,29654,1,81.13333333
30922,DGRP,320,29654,1,86.11666667
30923,DGRP,320,29654,1,92.91666667
30924,DGRP,320,29654,1,102.1166667
30925,DGRP,320,29654,1,103.3333333
30926,DGRP,320,29654,1,85.36666667
30927,DGRP,320,29654,1,97.96666667
30928,DGRP,320,29654,1,80.21666667
30929,DGRP,320,29654,1,71.48333333
30930,DGRP,320,29654,1,99.08333333
30931,DGRP,320,29654,1,85.86666667
30932,DGRP,320,29654,1,81.26666667
30933,DGRP,320,29654,1,97.83333333
30934,DGRP,320,29654,1,100.8166667
30935,DGRP,320,29654,1,80.43333333
30936,DGRP,320,29654,1,79.35
30937,DGRP,321,29655,1,47.8
30938,DGRP,321,29655,1,70.1
30939,DGRP,321,29655,1,59.05
30940,DGRP,321,29655,1,42.6
30941,DGRP,321,29655,1,60.6
30942,DGRP,321,29655,1,56.1
30943,DGRP,321,29655,1,42.96666667
30944,DGRP,321,29655,1,44.4
30945,DGRP,321,29655,1,28.23333333
30946,DGRP,321,29655,1,49.71666667
30947,DGRP,321,29655,1,24.3
30948,DGRP,321,29655,1,61.46666667
30949,DGRP,321,29655,1,46.61666667
30950,DGRP,321,29655,1,54.85
30951,DGRP,321,29655,1,46.63333333
30952,DGRP,321,29655,1,59.86666667
28500,DGRP,324,25182,1,67.91666667
28501,DGRP,324,25182,1,77.53333333
28502,DGRP,324,25182,1,18.68333333
28503,DGRP,324,25182,1,29.86666667
28504,DGRP,324,25182,1,24.71666667
28505,DGRP,324,25182,1,76.46666667
28506,DGRP,324,25182,1,64.08333333
28507,DGRP,324,25182,1,75.4
28508,DGRP,324,25182,1,77.91666667
28509,DGRP,324,25182,1,55.75
28510,DGRP,324,25182,1,87.41666667
28511,DGRP,324,25182,1,72.1
28512,DGRP,324,25182,1,48.75
28513,DGRP,324,25182,1,81.91666667
28514,DGRP,324,25182,1,55.56666667
28515,DGRP,324,25182,1,19.8
29509,DGRP,325,28170,1,52.13333333
29510,DGRP,325,28170,1,58.1
29511,DGRP,325,28170,1,68.4
29512,DGRP,325,28170,1,67.91666667
29513,DGRP,325,28170,1,39.46666667
29514,DGRP,325,28170,1,46.86666667
29515,DGRP,325,28170,1,36.03333333
29516,DGRP,325,28170,1,49.63333333
29517,DGRP,325,28170,1,65.7
29518,DGRP,325,28170,1,64.45
29519,DGRP,325,28170,1,56.13333333
29520,DGRP,325,28170,1,30.53333333
29521,DGRP,325,28170,1,74.05
29522,DGRP,325,28170,1,68.38333333
29523,DGRP,332,28171,1,49.75
29524,DGRP,332,28171,1,50.25
29525,DGRP,332,28171,1,47.28333333
29526,DGRP,332,28171,1,37.93333333
29527,DGRP,332,28171,1,43.21666667
29528,DGRP,332,28171,1,48.11666667
29529,DGRP,332,28171,1,55.41666667
29530,DGRP,332,28171,1,16.26666667
29531,DGRP,332,28171,1,50.51666667
29532,DGRP,332,28171,1,46.78333333
28516,DGRP,335,25183,1,65.68333333
28517,DGRP,335,25183,1,61.45
28518,DGRP,335,25183,1,59.85
28519,DGRP,335,25183,1,83.3
28520,DGRP,335,25183,1,62.25
28521,DGRP,335,25183,1,67.95
28522,DGRP,335,25183,1,42.21666667
28523,DGRP,335,25183,1,61.6
28524,DGRP,335,25183,1,69.5
28525,DGRP,335,25183,1,52.03333333
28526,DGRP,335,25183,1,68.31666667
28527,DGRP,335,25183,1,75.38333333
28528,DGRP,335,25183,1,83.93333333
28529,DGRP,335,25183,1,67.13333333
28530,DGRP,335,25183,1,73.98333333
28531,DGRP,335,25183,1,83.86666667
29533,DGRP,338,28173,1,20.66666667
29534,DGRP,338,28173,1,66.66666667
29535,DGRP,338,28173,1,75.56666667
29536,DGRP,338,28173,1,30.35
29537,DGRP,338,28173,1,50.26666667
29538,DGRP,338,28173,1,40.18333333
29539,DGRP,338,28173,1,78.23333333
29540,DGRP,338,28173,1,65.21666667
29541,DGRP,338,28173,1,52.91666667
29542,DGRP,338,28173,1,50.28333333
29543,DGRP,338,28173,1,67.76666667
29544,DGRP,338,28173,1,16.65
29545,DGRP,338,28173,1,54.7
29546,DGRP,338,28173,1,53.65
29547,DGRP,338,28173,1,87.03333333
29548,DGRP,338,28173,1,44.83333333
29549,DGRP,340,28174,1,70.18333333
29550,DGRP,340,28174,1,65.81666667
29551,DGRP,340,28174,1,70.91666667
29552,DGRP,340,28174,1,65.53333333
29553,DGRP,340,28174,1,70.38333333
29554,DGRP,340,28174,1,63.23333333
29555,DGRP,340,28174,1,72.58333333
29556,DGRP,340,28174,1,62.3
29557,DGRP,340,28174,1,75.85
29558,DGRP,340,28174,1,57
29559,DGRP,340,28174,1,58.45
29560,DGRP,340,28174,1,71.21666667
29561,DGRP,340,28174,1,84.68333333
29562,DGRP,340,28174,1,80.35
29563,DGRP,340,28174,1,78.95
29564,DGRP,340,28174,1,57.25
29565,DGRP,350,28176,1,89.06666667
29566,DGRP,350,28176,1,41.96666667
29567,DGRP,350,28176,1,139.3
29568,DGRP,350,28176,1,76.95
29569,DGRP,350,28176,1,120.7666667
29570,DGRP,350,28176,1,18.3
29571,DGRP,350,28176,1,16.83333333
29572,DGRP,350,28176,1,68.71666667
29573,DGRP,350,28176,1,57.16666667
29574,DGRP,350,28176,1,73.5
29575,DGRP,350,28176,1,23.9
29576,DGRP,350,28176,1,43.9
29577,DGRP,350,28176,1,69.41666667
29578,DGRP,350,28176,1,78.43333333
29579,DGRP,350,28176,1,130.25
29580,DGRP,350,28176,1,53.3
29581,DGRP,352,28177,1,15.21666667
29582,DGRP,352,28177,1,104.35
29583,DGRP,352,28177,1,20.78333333
29584,DGRP,352,28177,1,15.8
29585,DGRP,352,28177,1,77.01666667
29586,DGRP,352,28177,1,24.73333333
29587,DGRP,352,28177,1,39.26666667
29588,DGRP,352,28177,1,9.283333333
29589,DGRP,352,28177,1,31.53333333
29590,DGRP,352,28177,1,39.63333333
29591,DGRP,352,28177,1,9.683333333
29592,DGRP,352,28177,1,34.13333333
29593,DGRP,352,28177,1,15.75
29594,DGRP,352,28177,1,12.61666667
29595,DGRP,352,28177,1,22.55
29596,DGRP,352,28177,1,23.08333333
29597,DGRP,356,28178,1,46.9
29598,DGRP,356,28178,1,39.03333333
29599,DGRP,356,28178,1,30.11666667
29600,DGRP,356,28178,1,34.2
29601,DGRP,356,28178,1,37.11666667
29602,DGRP,356,28178,1,28.13333333
29603,DGRP,356,28178,1,33.56666667
29604,DGRP,356,28178,1,62.65
29605,DGRP,356,28178,1,22.46666667
29606,DGRP,356,28178,1,19.25
28532,DGRP,357,25184,1,43.11666667
28533,DGRP,357,25184,1,38.96666667
28534,DGRP,357,25184,1,62.88333333
28535,DGRP,357,25184,1,44.63333333
28536,DGRP,357,25184,1,66.61666667
28537,DGRP,357,25184,1,47.88333333
28538,DGRP,357,25184,1,37.26666667
28539,DGRP,357,25184,1,37.23333333
28540,DGRP,357,25184,1,32.3
28541,DGRP,357,25184,1,24.03333333
28542,DGRP,357,25184,1,48.71666667
28543,DGRP,357,25184,1,44.75
28544,DGRP,357,25184,1,46.36666667
28545,DGRP,357,25184,1,34.93333333
28546,DGRP,357,25184,1,70.51666667
28547,DGRP,357,25184,1,46.11666667
28548,DGRP,358,25185,1,62.45
28549,DGRP,358,25185,1,97.36666667
28550,DGRP,358,25185,1,80.51666667
28551,DGRP,358,25185,1,70.36666667
28552,DGRP,358,25185,1,78.23333333
28553,DGRP,358,25185,1,49.25
28554,DGRP,358,25185,1,84.38333333
28555,DGRP,358,25185,1,67.08333333
28556,DGRP,358,25185,1,67.83333333
28557,DGRP,358,25185,1,54.93333333
28558,DGRP,358,25185,1,74.06666667
28559,DGRP,358,25185,1,104.7166667
28560,DGRP,358,25185,1,54.86666667
28561,DGRP,358,25185,1,74.85
28562,DGRP,358,25185,1,83.98333333
29607,DGRP,359,28179,1,56.45
29608,DGRP,359,28179,1,62.4
29609,DGRP,359,28179,1,71.3
29610,DGRP,359,28179,1,89.51666667
29611,DGRP,359,28179,1,74.85
29612,DGRP,359,28179,1,61.55
29613,DGRP,359,28179,1,58.01666667
29614,DGRP,359,28179,1,70.03333333
29615,DGRP,359,28179,1,53.13333333
29616,DGRP,359,28179,1,44.95
29617,DGRP,359,28179,1,73.56666667
29618,DGRP,359,28179,1,86.28333333
29619,DGRP,359,28179,1,82.96666667
29620,DGRP,359,28179,1,45.93333333
29621,DGRP,359,28179,1,78.5
29622,DGRP,359,28179,1,39.53333333
28563,DGRP,360,25186,1,76.23333333
28564,DGRP,360,25186,1,63.48333333
28565,DGRP,360,25186,1,60.96666667
28566,DGRP,360,25186,1,103.9333333
28567,DGRP,360,25186,1,82.23333333
28568,DGRP,360,25186,1,87.11666667
28569,DGRP,360,25186,1,27.21666667
28570,DGRP,360,25186,1,77.48333333
28571,DGRP,360,25186,1,22.86666667
28572,DGRP,360,25186,1,97.51666667
28573,DGRP,360,25186,1,102.2
28574,DGRP,360,25186,1,80.81666667
28575,DGRP,360,25186,1,79.45
28576,DGRP,360,25186,1,18.16666667
28577,DGRP,360,25186,1,83.91666667
28578,DGRP,360,25186,1,18.36666667
29623,DGRP,361,28180,1,88.75
29624,DGRP,361,28180,1,16.8
29625,DGRP,361,28180,1,7.116666667
29626,DGRP,361,28180,1,13.05
29627,DGRP,361,28180,1,13.05
29628,DGRP,361,28180,1,16.7
29629,DGRP,361,28180,1,21.93333333
29630,DGRP,361,28180,1,22.11666667
29631,DGRP,361,28180,1,8.9
29632,DGRP,361,28180,1,82.16666667
29633,DGRP,361,28180,1,35.28333333
29634,DGRP,361,28180,1,10.68333333
29635,DGRP,361,28180,1,6.766666667
29636,DGRP,361,28180,1,16.36666667
29637,DGRP,361,28180,1,13.35
29638,DGRP,361,28180,1,21.38333333
29639,DGRP,361,28180,2,58.28333333
29640,DGRP,361,28180,2,13.6
29641,DGRP,361,28180,2,12.16666667
29642,DGRP,361,28180,2,52.95
29643,DGRP,361,28180,2,16.4
29644,DGRP,361,28180,2,21.95
29645,DGRP,361,28180,2,40.01666667
29646,DGRP,361,28180,2,13.68333333
29647,DGRP,361,28180,2,58.85
29648,DGRP,361,28180,2,45.28333333
29649,DGRP,361,28180,2,18.63333333
29650,DGRP,361,28180,2,54.98333333
29651,DGRP,361,28180,2,48.15
29652,DGRP,361,28180,2,51.05
29653,DGRP,361,28180,2,26.06666667
29654,DGRP,361,28180,2,32.3
28579,DGRP,362,25187,1,89.73333333
28580,DGRP,362,25187,1,98.05
28581,DGRP,362,25187,1,79.36666667
28582,DGRP,362,25187,1,118.0333333
28583,DGRP,362,25187,1,100.2833333
28584,DGRP,362,25187,1,99.68333333
28585,DGRP,362,25187,1,90.93333333
28586,DGRP,362,25187,1,64.2
28587,DGRP,362,25187,1,88.38333333
28588,DGRP,362,25187,1,133.85
28589,DGRP,362,25187,1,139.1666667
28590,DGRP,362,25187,1,110.6666667
28591,DGRP,362,25187,1,78.28333333
28592,DGRP,362,25187,1,111.7333333
28593,DGRP,362,25187,1,91.28333333
28842,DGRP,365,25445,1,74.96666667
28843,DGRP,365,25445,1,66.48333333
28844,DGRP,365,25445,1,67.65
28845,DGRP,365,25445,1,73.58333333
28846,DGRP,365,25445,1,73.38333333
28847,DGRP,365,25445,1,70.83333333
28848,DGRP,365,25445,1,74.03333333
28849,DGRP,365,25445,1,82.15
28850,DGRP,365,25445,1,72.96666667
28851,DGRP,365,25445,1,74.28333333
28852,DGRP,365,25445,1,65.81666667
28853,DGRP,365,25445,1,71.38333333
28854,DGRP,365,25445,1,80.15
28855,DGRP,365,25445,1,61.75
28856,DGRP,365,25445,1,64.9
28857,DGRP,365,25445,1,75.35
29655,DGRP,370,28182,1,27.58333333
29656,DGRP,370,28182,1,64.5
29657,DGRP,370,28182,1,64.15
29658,DGRP,370,28182,1,41.58333333
29659,DGRP,370,28182,1,62.9
29660,DGRP,370,28182,1,88.95
29661,DGRP,370,28182,1,77.93333333
29662,DGRP,370,28182,1,97.81666667
29663,DGRP,370,28182,1,44.23333333
29664,DGRP,370,28182,1,66.11666667
29665,DGRP,370,28182,1,66.51666667
29666,DGRP,370,28182,1,23.8
29667,DGRP,370,28182,1,38.6
29668,DGRP,370,28182,1,78.05
29669,DGRP,370,28182,1,53.55
29670,DGRP,370,28182,1,37.15
29671,DGRP,371,28183,1,18.3
29672,DGRP,371,28183,1,10.43333333
29673,DGRP,371,28183,1,21.8
29674,DGRP,371,28183,1,37.28333333
29675,DGRP,371,28183,1,32.23333333
29676,DGRP,371,28183,1,13.26666667
29677,DGRP,371,28183,1,35.81666667
29678,DGRP,371,28183,1,21.95
29679,DGRP,371,28183,1,20.98333333
29680,DGRP,371,28183,1,38.75
29681,DGRP,371,28183,1,43.63333333
29682,DGRP,371,28183,1,47.81666667
29683,DGRP,371,28183,1,42.4
29684,DGRP,371,28183,1,37.66666667
29685,DGRP,371,28183,1,33.9
29686,DGRP,371,28183,1,33.33333333
29687,DGRP,373,28184,1,101.8
29688,DGRP,373,28184,1,82.11666667
29689,DGRP,373,28184,1,30.33333333
29690,DGRP,373,28184,1,95.95
29691,DGRP,373,28184,1,85.9
29692,DGRP,373,28184,1,91.65
29693,DGRP,373,28184,1,93.63333333
29694,DGRP,373,28184,1,79.76666667
29695,DGRP,373,28184,1,70.61666667
29696,DGRP,373,28184,1,96.48333333
29697,DGRP,373,28184,1,40.66666667
29698,DGRP,373,28184,1,94.85
29699,DGRP,373,28184,1,81.25
29700,DGRP,373,28184,1,58.83333333
29701,DGRP,373,28184,1,74.83333333
29702,DGRP,373,28184,1,73.98333333
29703,DGRP,374,28185,1,87.46666667
29704,DGRP,374,28185,1,101.5
29705,DGRP,374,28185,1,97.01666667
29706,DGRP,374,28185,1,103.5666667
29707,DGRP,374,28185,1,76.58333333
29708,DGRP,374,28185,1,90.65
29709,DGRP,374,28185,1,105.9333333
29710,DGRP,374,28185,1,39.41666667
29711,DGRP,374,28185,1,100.3
29712,DGRP,374,28185,1,106.2166667
29713,DGRP,374,28185,1,98.9
29714,DGRP,374,28185,1,73.38333333
29715,DGRP,374,28185,1,112.2166667
29716,DGRP,374,28185,1,98.25
29717,DGRP,374,28185,1,71.86666667
29718,DGRP,377,28186,1,51.85
29719,DGRP,377,28186,1,75.46666667
29720,DGRP,377,28186,1,107.25
29721,DGRP,377,28186,1,69.08333333
29722,DGRP,377,28186,1,99.76666667
29723,DGRP,377,28186,1,76.35
29724,DGRP,377,28186,1,87.06666667
29725,DGRP,377,28186,1,80.91666667
29726,DGRP,377,28186,1,106.4166667
29727,DGRP,377,28186,1,39.95
29728,DGRP,377,28186,1,68.65
29729,DGRP,377,28186,1,99.38333333
29730,DGRP,377,28186,1,115.2666667
29731,DGRP,377,28186,1,81.65
29732,DGRP,377,28186,1,104.9166667
29733,DGRP,377,28186,1,73.95
29734,DGRP,378,28187,1,79.85
29735,DGRP,378,28187,1,75.23333333
29736,DGRP,378,28187,1,85.06666667
29737,DGRP,378,28187,1,83.21666667
29738,DGRP,378,28187,1,109.5833333
29739,DGRP,378,28187,1,61.66666667
29740,DGRP,378,28187,1,82.68333333
29741,DGRP,378,28187,1,76.6
29742,DGRP,378,28187,1,88.43333333
29743,DGRP,378,28187,1,94.9
29744,DGRP,378,28187,1,100.9833333
29745,DGRP,378,28187,1,40.36666667
29746,DGRP,378,28187,1,76.58333333
29747,DGRP,378,28187,1,72.7
29748,DGRP,378,28187,1,105.5
29749,DGRP,378,28187,1,95.28333333
28594,DGRP,379,25189,1,87.1
28595,DGRP,379,25189,1,103.3166667
28596,DGRP,379,25189,1,96.45
28597,DGRP,379,25189,1,77.18333333
28598,DGRP,379,25189,1,76.98333333
28599,DGRP,379,25189,1,61.36666667
28600,DGRP,379,25189,1,101.4833333
28601,DGRP,379,25189,1,40.81666667
28602,DGRP,379,25189,1,121.55
28603,DGRP,379,25189,1,99.2
28604,DGRP,379,25189,1,103.7666667
28605,DGRP,379,25189,1,66.85
28606,DGRP,379,25189,1,85.3
28607,DGRP,379,25189,1,79.31666667
28608,DGRP,379,25189,1,84.83333333
28609,DGRP,380,25190,1,58.38333333
28610,DGRP,380,25190,1,49.9
28611,DGRP,380,25190,1,71.06666667
28612,DGRP,380,25190,1,53.76666667
28613,DGRP,380,25190,1,78.81666667
28614,DGRP,380,25190,1,50.5
28615,DGRP,380,25190,1,46.9
28616,DGRP,380,25190,1,65.51666667
28617,DGRP,380,25190,1,69.66666667
28618,DGRP,380,25190,1,41.61666667
28619,DGRP,380,25190,1,61.28333333
28620,DGRP,380,25190,1,49.63333333
28621,DGRP,380,25190,1,63.2
28622,DGRP,380,25190,1,58.91666667
28623,DGRP,380,25190,1,58.7
28624,DGRP,380,25190,1,57.86666667
29750,DGRP,381,28188,1,40.55
29751,DGRP,381,28188,1,26.61666667
29752,DGRP,381,28188,1,32.85
29753,DGRP,381,28188,1,37.1
29754,DGRP,381,28188,1,39.93333333
29755,DGRP,381,28188,1,35.21666667
29756,DGRP,381,28188,1,44.15
29757,DGRP,381,28188,1,30.21666667
29758,DGRP,381,28188,1,31.98333333
29759,DGRP,381,28188,1,45.3
29760,DGRP,381,28188,1,24.41666667
29761,DGRP,381,28188,1,44.93333333
29762,DGRP,381,28188,1,60.36666667
29763,DGRP,381,28188,1,53.81666667
29764,DGRP,381,28188,1,40.46666667
29765,DGRP,381,28188,1,62.58333333
29766,DGRP,382,28189,1,20.4
29767,DGRP,382,28189,1,23.8
29768,DGRP,382,28189,1,17.38333333
29769,DGRP,382,28189,1,21.63333333
29770,DGRP,382,28189,1,57.13333333
29771,DGRP,382,28189,1,19.95
29772,DGRP,382,28189,1,69.8
29773,DGRP,382,28189,1,24.33333333
29774,DGRP,382,28189,1,13.85
29775,DGRP,382,28189,1,9.633333333
29776,DGRP,382,28189,1,43.08333333
29777,DGRP,382,28189,1,44.55
29778,DGRP,382,28189,1,32.23333333
29779,DGRP,383,28190,1,78.9
29780,DGRP,383,28190,1,88.11666667
29781,DGRP,383,28190,1,80.2
29782,DGRP,383,28190,1,74.53333333
29783,DGRP,383,28190,1,51.43333333
29784,DGRP,383,28190,1,47.68333333
29785,DGRP,383,28190,1,68.26666667
29786,DGRP,383,28190,1,81.05
29787,DGRP,383,28190,1,68.13333333
29788,DGRP,383,28190,1,91.01666667
29789,DGRP,383,28190,1,67.55
29790,DGRP,383,28190,1,56.58333333
29791,DGRP,383,28190,1,58.53333333
29792,DGRP,383,28190,1,72.98333333
29793,DGRP,385,28191,1,68.05
29794,DGRP,385,28191,1,59.38333333
29795,DGRP,385,28191,1,71.45
29796,DGRP,385,28191,1,63.06666667
29797,DGRP,385,28191,1,77.7
29798,DGRP,385,28191,1,57.66666667
29799,DGRP,385,28191,1,63.41666667
29800,DGRP,385,28191,1,74.65
29801,DGRP,385,28191,1,48.68333333
29802,DGRP,385,28191,1,76.85
29803,DGRP,385,28191,1,67.45
29804,DGRP,385,28191,1,79.15
29805,DGRP,385,28191,1,68.61666667
29806,DGRP,385,28191,1,77.18333333
29807,DGRP,385,28191,1,75.73333333
29808,DGRP,385,28191,1,73.5
29809,DGRP,386,28192,1,29.01666667
29810,DGRP,386,28192,1,53.83333333
29811,DGRP,386,28192,1,40.76666667
29812,DGRP,386,28192,1,52.43333333
29813,DGRP,386,28192,1,43.8
29814,DGRP,386,28192,1,54.28333333
29815,DGRP,386,28192,1,72.76666667
29816,DGRP,386,28192,1,58.26666667
29817,DGRP,386,28192,1,58.23333333
29818,DGRP,386,28192,1,53.21666667
29819,DGRP,386,28192,1,49.3
29820,DGRP,386,28192,1,47.28333333
29821,DGRP,386,28192,1,55.71666667
29822,DGRP,386,28192,1,33.96666667
29823,DGRP,386,28192,1,59.13333333
29824,DGRP,386,28192,1,44.16666667
29825,DGRP,387,28193,1,89.65
29826,DGRP,387,28193,1,49.33333333
29827,DGRP,387,28193,1,72.7
29828,DGRP,387,28193,1,75.45
29829,DGRP,387,28193,1,70.56666667
29830,DGRP,387,28193,1,89.73333333
29831,DGRP,387,28193,1,115.55
29832,DGRP,387,28193,1,73.8
29833,DGRP,387,28193,1,84.96666667
29834,DGRP,387,28193,1,84.23333333
29835,DGRP,387,28193,1,82.9
29836,DGRP,387,28193,1,62.56666667
29837,DGRP,387,28193,1,30.5
29838,DGRP,387,28193,1,78.51666667
29839,DGRP,387,28193,1,78.16666667
29840,DGRP,387,28193,1,57.38333333
29841,DGRP,387,28193,2,75.55
29842,DGRP,387,28193,2,84.58333333
29843,DGRP,387,28193,2,106.3833333
29844,DGRP,387,28193,2,83.93333333
29845,DGRP,387,28193,2,76.8
29846,DGRP,387,28193,2,91.36666667
29847,DGRP,387,28193,2,73.45
29848,DGRP,387,28193,2,73.68333333
29849,DGRP,387,28193,2,77.65
29850,DGRP,387,28193,2,87.63333333
29851,DGRP,387,28193,2,72.4
29852,DGRP,387,28193,2,74.61666667
29853,DGRP,387,28193,2,98.28333333
29854,DGRP,387,28193,2,79.71666667
29855,DGRP,387,28193,2,90.36666667
29856,DGRP,387,28193,2,76.65
28625,DGRP,391,25191,1,46.9
28626,DGRP,391,25191,1,58.78333333
28627,DGRP,391,25191,1,37.56666667
28628,DGRP,391,25191,1,72.81666667
28629,DGRP,391,25191,1,62.2
28630,DGRP,391,25191,1,58.83333333
28631,DGRP,391,25191,1,23.86666667
28632,DGRP,391,25191,1,55.13333333
28633,DGRP,391,25191,1,55.2
28634,DGRP,391,25191,1,65.1
28635,DGRP,391,25191,1,73.46666667
28636,DGRP,391,25191,1,76.71666667
28637,DGRP,391,25191,1,57.66666667
28638,DGRP,391,25191,1,69.93333333
28639,DGRP,391,25191,1,60.93333333
28640,DGRP,391,25191,1,19.91666667
29857,DGRP,392,28194,1,32.01666667
29858,DGRP,392,28194,1,27.01666667
29859,DGRP,392,28194,1,12.83333333
29860,DGRP,392,28194,1,15.61666667
29861,DGRP,392,28194,1,24.98333333
29862,DGRP,392,28194,1,30.71666667
29863,DGRP,392,28194,1,38.25
29864,DGRP,392,28194,1,33.41666667
29865,DGRP,392,28194,1,29.81666667
29866,DGRP,392,28194,1,2.95
29867,DGRP,392,28194,1,36.45
29868,DGRP,392,28194,1,21.76666667
29869,DGRP,392,28194,1,38.56666667
29870,DGRP,392,28194,1,34.73333333
29871,DGRP,392,28194,1,26.83333333
29872,DGRP,392,28194,1,29.38333333
29873,DGRP,398,28195,1,78.58333333
29874,DGRP,398,28195,1,47.93333333
29875,DGRP,398,28195,1,58.2
29876,DGRP,398,28195,1,42.1
29877,DGRP,398,28195,1,53.65
29878,DGRP,398,28195,1,87.65
29879,DGRP,398,28195,1,62.1
29880,DGRP,398,28195,1,30.2
29881,DGRP,398,28195,1,57.26666667
29882,DGRP,398,28195,1,54.96666667
29883,DGRP,398,28195,1,60.71666667
28641,DGRP,399,25192,1,79.85
28642,DGRP,399,25192,1,104.1833333
28643,DGRP,399,25192,1,78.28333333
28644,DGRP,399,25192,1,66.48333333
28645,DGRP,399,25192,1,71.86666667
28646,DGRP,399,25192,1,87.5
28647,DGRP,399,25192,1,63.31666667
28648,DGRP,399,25192,1,36.41666667
28649,DGRP,399,25192,1,80.86666667
28650,DGRP,399,25192,1,81.38333333
28651,DGRP,399,25192,1,32.4
28652,DGRP,399,25192,1,46.58333333
28653,DGRP,399,25192,1,37.05
28654,DGRP,399,25192,1,84.55
28655,DGRP,399,25192,1,97.06666667
28656,DGRP,399,25192,1,79.05
30953,DGRP,405,29656,1,121.0166667
30954,DGRP,405,29656,1,83.18333333
30955,DGRP,405,29656,1,128.2166667
30956,DGRP,405,29656,1,21.58333333
30957,DGRP,405,29656,1,112.2333333
30958,DGRP,405,29656,1,108.15
30959,DGRP,405,29656,1,52.41666667
30960,DGRP,405,29656,1,87.78333333
30961,DGRP,405,29656,1,125.2833333
30962,DGRP,405,29656,1,103.75
30963,DGRP,405,29656,1,102.75
30964,DGRP,405,29656,1,87.26666667
30965,DGRP,405,29656,1,95.88333333
30966,DGRP,405,29656,1,129.9166667
30967,DGRP,405,29656,1,94.18333333
30968,DGRP,405,29656,1,115.7
30969,DGRP,406,29657,1,82.25
30970,DGRP,406,29657,1,72.28333333
30971,DGRP,406,29657,1,88.68333333
30972,DGRP,406,29657,1,81.93333333
30973,DGRP,406,29657,1,77.9
30974,DGRP,406,29657,1,75.51666667
30975,DGRP,406,29657,1,81.23333333
30976,DGRP,406,29657,1,60.63333333
30977,DGRP,406,29657,1,83.68333333
30978,DGRP,406,29657,1,58.4
30979,DGRP,406,29657,1,91.23333333
30980,DGRP,406,29657,1,65.2
30981,DGRP,406,29657,1,60.85
30982,DGRP,406,29657,1,75.38333333
30983,DGRP,406,29657,1,90.48333333
30984,DGRP,406,29657,1,75.26666667
30873,DGRP,409,28278,1,20.88333333
30874,DGRP,409,28278,1,69.6
30875,DGRP,409,28278,1,15.83333333
30876,DGRP,409,28278,1,91.05
30877,DGRP,409,28278,1,52.75
30878,DGRP,409,28278,1,55.85
30879,DGRP,409,28278,1,19.3
30880,DGRP,409,28278,1,26.08333333
30881,DGRP,409,28278,1,16.38333333
30882,DGRP,409,28278,1,18.36666667
30883,DGRP,409,28278,1,63.16666667
30884,DGRP,409,28278,1,55.48333333
30885,DGRP,409,28278,1,33.25
30886,DGRP,409,28278,1,21.23333333
30887,DGRP,409,28278,1,16.06666667
30888,DGRP,409,28278,1,26.56666667
29884,DGRP,426,28196,1,84.76666667
29885,DGRP,426,28196,1,34.61666667
29886,DGRP,426,28196,1,83.91666667
29887,DGRP,426,28196,1,57.43333333
29888,DGRP,426,28196,1,76.91666667
29889,DGRP,426,28196,1,59.5
29890,DGRP,426,28196,1,34.58333333
29891,DGRP,426,28196,1,74.18333333
29892,DGRP,426,28196,1,33.45
29893,DGRP,426,28196,1,41.18333333
29894,DGRP,426,28196,1,65.03333333
29895,DGRP,426,28196,1,51.11666667
29896,DGRP,426,28196,1,63.05
29897,DGRP,426,28196,1,69.91666667
29898,DGRP,426,28196,1,54.65
29899,DGRP,426,28196,1,67.68333333
28657,DGRP,427,25193,1,31.95
28658,DGRP,427,25193,1,62.66666667
28659,DGRP,427,25193,1,33.26666667
28660,DGRP,427,25193,1,54.25
28661,DGRP,427,25193,1,41.06666667
28662,DGRP,427,25193,1,40.8
28663,DGRP,427,25193,1,62.51666667
28664,DGRP,427,25193,1,38.61666667
28665,DGRP,427,25193,1,41.1
28666,DGRP,427,25193,1,63.13333333
28667,DGRP,427,25193,1,52.21666667
28668,DGRP,427,25193,1,44.26666667
28669,DGRP,427,25193,1,40.38333333
28670,DGRP,427,25193,1,46.43333333
28671,DGRP,427,25193,1,64.45
28672,DGRP,427,25193,1,86.36666667
28673,DGRP,437,25194,1,80.68333333
28674,DGRP,437,25194,1,42.25
28675,DGRP,437,25194,1,62.38333333
28676,DGRP,437,25194,1,102.4666667
28677,DGRP,437,25194,1,25.2
28678,DGRP,437,25194,1,46.61666667
28679,DGRP,437,25194,1,66.15
28680,DGRP,437,25194,1,41.75
28681,DGRP,437,25194,1,88.3
28682,DGRP,437,25194,1,38.46666667
28683,DGRP,437,25194,1,49.55
28684,DGRP,437,25194,1,95.8
28685,DGRP,437,25194,1,62.53333333
28686,DGRP,437,25194,1,61.71666667
28687,DGRP,437,25194,1,66.18333333
28688,DGRP,437,25194,1,70.03333333
30985,DGRP,439,29658,1,67.13333333
30986,DGRP,439,29658,1,16.15
30987,DGRP,439,29658,1,53.23333333
30988,DGRP,439,29658,1,63.66666667
30989,DGRP,439,29658,1,60.11666667
30990,DGRP,439,29658,1,56.55
30991,DGRP,439,29658,1,49.88333333
30992,DGRP,439,29658,1,76.08333333
30993,DGRP,439,29658,1,55.61666667
30994,DGRP,439,29658,1,65.4
30995,DGRP,439,29658,1,53.21666667
30996,DGRP,439,29658,1,68.08333333
30997,DGRP,439,29658,1,54.36666667
30998,DGRP,439,29658,1,80.53333333
30999,DGRP,439,29658,1,44.36666667
31000,DGRP,439,29658,1,70.51666667
29900,DGRP,440,28197,1,119.15
29901,DGRP,440,28197,1,115.8
29902,DGRP,440,28197,1,93.21666667
29903,DGRP,440,28197,1,109.5166667
29904,DGRP,440,28197,1,99.08333333
29905,DGRP,440,28197,1,98.06666667
29906,DGRP,440,28197,1,111.5166667
29907,DGRP,440,28197,1,73.7
29908,DGRP,440,28197,1,93.48333333
29909,DGRP,440,28197,1,88.13333333
29910,DGRP,440,28197,1,104.1666667
29911,DGRP,440,28197,1,118.25
29912,DGRP,440,28197,1,92.48333333
29913,DGRP,440,28197,1,95.08333333
29914,DGRP,440,28197,1,110.0333333
29915,DGRP,440,28197,1,48.46666667
29916,DGRP,443,28199,1,74.98333333
29917,DGRP,443,28199,1,57.06666667
29918,DGRP,443,28199,1,49.56666667
29919,DGRP,443,28199,1,61.46666667
29920,DGRP,443,28199,1,77.06666667
29921,DGRP,443,28199,1,59.56666667
29922,DGRP,443,28199,1,67.53333333
29923,DGRP,443,28199,1,19.51666667
29924,DGRP,443,28199,1,35.96666667
29925,DGRP,443,28199,1,95.05
29926,DGRP,443,28199,1,63.81666667
29927,DGRP,443,28199,1,61.5
29928,DGRP,443,28199,1,24.88333333
29929,DGRP,443,28199,1,26.38333333
29930,DGRP,443,28199,1,76.03333333
29931,DGRP,443,28199,1,89.41666667
29932,DGRP,461,28200,1,67.03333333
29933,DGRP,461,28200,1,61.98333333
29934,DGRP,461,28200,1,52.21666667
29935,DGRP,461,28200,1,84.3
29936,DGRP,461,28200,1,76.65
29937,DGRP,461,28200,1,77.51666667
29938,DGRP,461,28200,1,75.28333333
29939,DGRP,461,28200,1,79.66666667
29940,DGRP,461,28200,1,90.71666667
29941,DGRP,461,28200,1,72.76666667
29942,DGRP,461,28200,1,71.41666667
29943,DGRP,461,28200,1,86.31666667
29944,DGRP,461,28200,1,62.38333333
29945,DGRP,461,28200,1,82.76666667
29946,DGRP,461,28200,1,66.46666667
29947,DGRP,461,28200,1,82.88333333
29948,DGRP,476,28201,1,33.3
29949,DGRP,476,28201,1,10.41666667
29950,DGRP,476,28201,1,32.28333333
29951,DGRP,476,28201,1,30.86666667
29952,DGRP,476,28201,1,51.11666667
29953,DGRP,476,28201,1,90.41666667
29954,DGRP,476,28201,1,61.01666667
29955,DGRP,476,28201,1,75.03333333
29956,DGRP,476,28201,1,14.9
29957,DGRP,476,28201,1,44.38333333
29958,DGRP,476,28201,1,33.25
29959,DGRP,476,28201,1,64.71666667
29960,DGRP,476,28201,1,94.11666667
29961,DGRP,476,28201,1,46.33333333
29962,DGRP,476,28201,1,60.23333333
29963,DGRP,476,28201,1,51.18333333
28689,DGRP,486,25195,1,61.61666667
28690,DGRP,486,25195,1,24.46666667
28691,DGRP,486,25195,1,85.36666667
28692,DGRP,486,25195,1,31.18333333
28693,DGRP,486,25195,1,48.61666667
28694,DGRP,486,25195,1,73.18333333
28695,DGRP,486,25195,1,55.71666667
28696,DGRP,486,25195,1,69.6
28697,DGRP,486,25195,1,75.75
28698,DGRP,486,25195,1,48.11666667
28699,DGRP,486,25195,1,78.45
28700,DGRP,486,25195,1,35.63333333
28701,DGRP,486,25195,1,31.55
28702,DGRP,486,25195,1,89.98333333
28703,DGRP,486,25195,1,17.65
28704,DGRP,486,25195,1,49.66666667
29964,DGRP,491,28202,1,104.5333333
29965,DGRP,491,28202,1,139.0333333
29966,DGRP,491,28202,1,119.95
29967,DGRP,491,28202,1,99
29968,DGRP,491,28202,1,90.18333333
29969,DGRP,491,28202,1,131.1666667
29970,DGRP,491,28202,1,115.0166667
29971,DGRP,491,28202,1,121.5166667
29972,DGRP,491,28202,1,62.65
29973,DGRP,491,28202,1,93.1
29974,DGRP,491,28202,1,99.36666667
29975,DGRP,491,28202,1,126.7
29976,DGRP,491,28202,1,132.1333333
29977,DGRP,491,28202,1,142.85
29978,DGRP,491,28202,1,142.25
29979,DGRP,491,28202,1,83.46666667
29980,DGRP,502,28204,1,77.23333333
29981,DGRP,502,28204,1,79.6
29982,DGRP,502,28204,1,75.13333333
29983,DGRP,502,28204,1,71.58333333
29984,DGRP,502,28204,1,97.36666667
29985,DGRP,502,28204,1,84.16666667
29986,DGRP,502,28204,1,93.2
29987,DGRP,502,28204,1,83.21666667
29988,DGRP,502,28204,1,93.45
29989,DGRP,502,28204,1,99.58333333
29990,DGRP,502,28204,1,82.13333333
29991,DGRP,502,28204,1,87.48333333
29992,DGRP,502,28204,1,103.3833333
29993,DGRP,502,28204,1,77.01666667
29994,DGRP,502,28204,1,130.0666667
29995,DGRP,502,28204,1,82.95
31001,DGRP,513,29659,1,38.41666667
31002,DGRP,513,29659,1,22.3
31003,DGRP,513,29659,1,39.95
31004,DGRP,513,29659,1,7.4
31005,DGRP,513,29659,1,31.81666667
31006,DGRP,513,29659,1,14.23333333
31007,DGRP,513,29659,1,29.3
31008,DGRP,513,29659,1,46.3
31009,DGRP,513,29659,1,40.8
31010,DGRP,513,29659,1,38.08333333
31011,DGRP,513,29659,1,11.91666667
31012,DGRP,513,29659,1,28.76666667
31013,DGRP,513,29659,1,15.48333333
31014,DGRP,513,29659,1,37.96666667
31015,DGRP,513,29659,1,20.38333333
31016,DGRP,513,29659,1,15.28333333
31017,DGRP,530,29660,1,59.7
31018,DGRP,530,29660,1,51.3
31019,DGRP,530,29660,1,38.83333333
31020,DGRP,530,29660,1,57.5
31021,DGRP,530,29660,1,58.38333333
31022,DGRP,530,29660,1,64.56666667
31023,DGRP,530,29660,1,51.05
31024,DGRP,530,29660,1,62.3
31025,DGRP,530,29660,1,48.1
31026,DGRP,530,29660,1,55.83333333
31027,DGRP,530,29660,1,50.88333333
31028,DGRP,530,29660,1,53.61666667
31029,DGRP,530,29660,1,60.33333333
31030,DGRP,530,29660,1,62.45
31031,DGRP,530,29660,1,58.73333333
31032,DGRP,530,29660,1,50.65
29996,DGRP,531,28207,1,23.4
29997,DGRP,531,28207,1,106.0166667
29998,DGRP,531,28207,1,89.5
29999,DGRP,531,28207,1,89.51666667
30000,DGRP,531,28207,1,83.5
30001,DGRP,531,28207,1,20.51666667
30002,DGRP,531,28207,1,8.416666667
30003,DGRP,531,28207,1,80.43333333
30004,DGRP,531,28207,1,86.96666667
30005,DGRP,531,28207,1,23.4
30006,DGRP,531,28207,1,94.86666667
30007,DGRP,531,28207,1,69.7
30008,DGRP,535,28208,1,107.45
30009,DGRP,535,28208,1,81.25
30010,DGRP,535,28208,1,104.1333333
30011,DGRP,535,28208,1,8.866666667
30012,DGRP,535,28208,1,87.2
30013,DGRP,535,28208,1,78.43333333
30014,DGRP,535,28208,1,52.2
30015,DGRP,535,28208,1,98.96666667
30016,DGRP,535,28208,1,106.5666667
30017,DGRP,535,28208,1,104.9
30018,DGRP,535,28208,1,28.1
30019,DGRP,535,28208,1,105.7166667
30020,DGRP,535,28208,1,113.9666667
30021,DGRP,535,28208,1,102.6666667
30022,DGRP,535,28208,1,87.96666667
30023,DGRP,535,28208,1,88.48333333
30024,DGRP,554,28209,1,96.93333333
30025,DGRP,554,28209,1,41.7
30026,DGRP,554,28209,1,31.5
30027,DGRP,554,28209,1,48.98333333
30028,DGRP,554,28209,1,62.75
30029,DGRP,554,28209,1,55.81666667
30030,DGRP,554,28209,1,38.8
30031,DGRP,554,28209,1,43.66666667
30032,DGRP,554,28209,1,94.28333333
30033,DGRP,554,28209,1,47.31666667
30034,DGRP,554,28209,1,40.48333333
30035,DGRP,554,28209,1,62.9
30036,DGRP,554,28209,1,40.4
30037,DGRP,554,28209,1,28.73333333
30038,DGRP,554,28209,1,15.91666667
30039,DGRP,554,28209,1,40.26666667
28705,DGRP,555,25198,1,45.08333333
28706,DGRP,555,25198,1,43.75
28707,DGRP,555,25198,1,41.18333333
28708,DGRP,555,25198,1,48.45
28709,DGRP,555,25198,1,37.25
28710,DGRP,555,25198,1,68.1
28711,DGRP,555,25198,1,33.28333333
28712,DGRP,555,25198,1,49.25
28713,DGRP,555,25198,1,42.16666667
28714,DGRP,555,25198,1,37.31666667
28715,DGRP,555,25198,1,21.9
28716,DGRP,555,25198,1,36.11666667
28717,DGRP,555,25198,1,18.9
28718,DGRP,555,25198,1,38.43333333
28719,DGRP,555,25198,1,24.45
30040,DGRP,563,28211,1,89
30041,DGRP,563,28211,1,65.43333333
30042,DGRP,563,28211,1,86.2
30043,DGRP,563,28211,1,94.1
30044,DGRP,563,28211,1,102.4
30045,DGRP,563,28211,1,51.43333333
30046,DGRP,563,28211,1,70.4
30047,DGRP,563,28211,1,102.9666667
30048,DGRP,563,28211,1,32.81666667
30049,DGRP,563,28211,1,97.6
30050,DGRP,563,28211,1,101.4166667
30051,DGRP,563,28211,1,35.35
30052,DGRP,563,28211,1,25.4
30053,DGRP,563,28211,1,123.65
30054,DGRP,563,28211,1,76.66666667
30055,DGRP,563,28211,1,54.58333333
30056,DGRP,584,28212,1,37.35
30057,DGRP,584,28212,1,32.7
30058,DGRP,584,28212,1,114.8666667
30059,DGRP,584,28212,1,50.53333333
30060,DGRP,584,28212,1,129.9666667
30061,DGRP,584,28212,1,60.61666667
30062,DGRP,584,28212,1,118.1166667
30063,DGRP,584,28212,1,94.93333333
30064,DGRP,584,28212,1,93.33333333
30065,DGRP,584,28212,1,76.61666667
30066,DGRP,584,28212,1,65.23333333
30067,DGRP,584,28212,1,121.3333333
30068,DGRP,584,28212,1,77
30069,DGRP,584,28212,1,109.65
30070,DGRP,584,28212,1,71.33333333
30071,DGRP,584,28212,1,64.9
30072,DGRP,589,28213,1,81.96666667
30073,DGRP,589,28213,1,89.53333333
30074,DGRP,589,28213,1,82.06666667
30075,DGRP,589,28213,1,68.41666667
30076,DGRP,589,28213,1,83.85
30077,DGRP,589,28213,1,77
30078,DGRP,589,28213,1,96.85
30079,DGRP,589,28213,1,87.46666667
30080,DGRP,589,28213,1,69.68333333
30081,DGRP,589,28213,1,61.85
30082,DGRP,589,28213,1,69.5
30083,DGRP,589,28213,1,93.16666667
30084,DGRP,589,28213,1,69.75
30085,DGRP,589,28213,1,77.9
30086,DGRP,589,28213,1,77.33333333
30087,DGRP,589,28213,1,52.18333333
30088,DGRP,595,28215,1,90
30089,DGRP,595,28215,1,86.81666667
30090,DGRP,595,28215,1,75.45
30091,DGRP,595,28215,1,49.81666667
30092,DGRP,595,28215,1,76.83333333
30093,DGRP,595,28215,1,77.5
30094,DGRP,595,28215,1,85.28333333
30095,DGRP,595,28215,1,64.83333333
30096,DGRP,595,28215,1,87.51666667
30097,DGRP,595,28215,1,94.9
30098,DGRP,595,28215,1,63.76666667
30099,DGRP,595,28215,1,74.93333333
30100,DGRP,595,28215,1,88.98333333
30101,DGRP,595,28215,1,82.26666667
30102,DGRP,595,28215,1,84.13333333
30103,DGRP,595,28215,1,91.45
30104,DGRP,595,28215,2,60.15
30105,DGRP,595,28215,2,79.81666667
30106,DGRP,595,28215,2,89.08333333
30107,DGRP,595,28215,2,77.96666667
30108,DGRP,595,28215,2,77.5
30109,DGRP,595,28215,2,41.58333333
30110,DGRP,595,28215,2,79.1
30111,DGRP,595,28215,2,94.63333333
30112,DGRP,595,28215,2,76.36666667
30113,DGRP,595,28215,2,86.73333333
30114,DGRP,595,28215,2,38.05
30115,DGRP,595,28215,2,73.3
30116,DGRP,595,28215,2,59.15
30117,DGRP,595,28215,2,50.3
30118,DGRP,595,28215,2,89.1
30119,DGRP,642,28216,1,29.46666667
30120,DGRP,642,28216,1,70.11666667
30121,DGRP,642,28216,1,27
30122,DGRP,642,28216,1,54.35
30123,DGRP,642,28216,1,40.6
30124,DGRP,642,28216,1,32.31666667
30125,DGRP,642,28216,1,52.93333333
30126,DGRP,642,28216,1,64.15
30127,DGRP,642,28216,1,32.83333333
30128,DGRP,642,28216,1,37.88333333
30129,DGRP,642,28216,1,25.26666667
30130,DGRP,642,28216,1,88.3
30131,DGRP,642,28216,1,35.51666667
30132,DGRP,642,28216,1,42.46666667
30133,DGRP,642,28216,1,30.45
30134,DGRP,642,28216,1,24.43333333
30135,DGRP,646,28217,1,20.28333333
30136,DGRP,646,28217,1,29.75
30137,DGRP,646,28217,1,23.21666667
30138,DGRP,646,28217,1,85.8
30139,DGRP,646,28217,1,92.03333333
30140,DGRP,646,28217,1,107.65
30141,DGRP,646,28217,1,60.71666667
30142,DGRP,646,28217,1,46.21666667
30143,DGRP,646,28217,1,43.2
30144,DGRP,646,28217,1,54.58333333
30145,DGRP,646,28217,1,78.96666667
30146,DGRP,646,28217,1,18.68333333
30147,DGRP,646,28217,1,75.36666667
30148,DGRP,646,28217,1,57.26666667
30149,DGRP,646,28217,1,26.4
30150,DGRP,646,28217,1,101.55
30151,DGRP,703,28218,1,85.63333333
30152,DGRP,703,28218,1,95
30153,DGRP,703,28218,1,31.23333333
30154,DGRP,703,28218,1,88.15
30155,DGRP,703,28218,1,77.88333333
30156,DGRP,703,28218,1,19.68333333
30157,DGRP,703,28218,1,38.55
30158,DGRP,703,28218,1,102.0166667
30159,DGRP,703,28218,1,91.55
30160,DGRP,703,28218,1,75.45
30161,DGRP,703,28218,1,98.61666667
30162,DGRP,703,28218,1,79.38333333
30163,DGRP,703,28218,1,62.63333333
30164,DGRP,703,28218,1,67.68333333
30165,DGRP,703,28218,1,45.98333333
28720,DGRP,707,25200,1,77.38333333
28721,DGRP,707,25200,1,56.73333333
28722,DGRP,707,25200,1,20.61666667
28723,DGRP,707,25200,1,78.71666667
28724,DGRP,707,25200,1,139.8666667
28725,DGRP,707,25200,1,71.35
28726,DGRP,707,25200,1,131.4666667
28727,DGRP,707,25200,1,115.35
28728,DGRP,707,25200,1,138.2833333
28729,DGRP,707,25200,1,54.95
28730,DGRP,707,25200,1,46.86666667
28731,DGRP,707,25200,1,118.7833333
28732,DGRP,707,25200,1,30
28733,DGRP,707,25200,1,44.8
28734,DGRP,707,25200,1,142.4666667
28735,DGRP,707,25200,1,12.45
28736,DGRP,712,25201,1,12.86666667
28737,DGRP,712,25201,1,15.98333333
28738,DGRP,712,25201,1,14.88333333
28739,DGRP,712,25201,1,12.88333333
28740,DGRP,712,25201,1,11.3
28741,DGRP,712,25201,1,14.16666667
28742,DGRP,712,25201,1,20.36666667
28743,DGRP,712,25201,1,55.48333333
28744,DGRP,712,25201,1,19.16666667
28745,DGRP,712,25201,1,12.15
28746,DGRP,712,25201,1,75.35
28747,DGRP,712,25201,1,54.75
28748,DGRP,712,25201,1,14.75
28749,DGRP,712,25201,1,20.93333333
28750,DGRP,712,25201,1,20.46666667
28751,DGRP,712,25201,1,68.46666667
28858,DGRP,714,25745,1,98.65
28859,DGRP,714,25745,1,74.4
28860,DGRP,714,25745,1,98.75
28861,DGRP,714,25745,1,85.48333333
28862,DGRP,714,25745,1,35.95
28863,DGRP,714,25745,1,14.85
28864,DGRP,714,25745,1,78.51666667
28865,DGRP,714,25745,1,103.7
28866,DGRP,714,25745,1,89.4
28867,DGRP,714,25745,1,74.96666667
28868,DGRP,714,25745,1,8.566666667
28869,DGRP,714,25745,1,94.23333333
28870,DGRP,714,25745,1,57.41666667
28871,DGRP,714,25745,1,68.21666667
28872,DGRP,714,25745,1,79.21666667
28873,DGRP,714,25745,1,65.75
30166,DGRP,716,28219,1,22.05
30167,DGRP,716,28219,1,48.25
30168,DGRP,716,28219,1,49.58333333
30169,DGRP,716,28219,1,77.33333333
30170,DGRP,716,28219,1,38
30171,DGRP,716,28219,1,47.13333333
30172,DGRP,716,28219,1,79.96666667
30173,DGRP,716,28219,1,82.66666667
30174,DGRP,716,28219,1,90.18333333
30175,DGRP,716,28219,1,66.28333333
30176,DGRP,716,28219,1,70.6
30177,DGRP,716,28219,1,68.56666667
30178,DGRP,716,28219,1,59.03333333
30179,DGRP,716,28219,1,78.98333333
30180,DGRP,716,28219,1,71.8
30181,DGRP,716,28219,1,90.33333333
30182,DGRP,721,28220,1,84.26666667
30183,DGRP,721,28220,1,117.8
30184,DGRP,721,28220,1,94.96666667
30185,DGRP,721,28220,1,91.01666667
30186,DGRP,721,28220,1,94.05
30187,DGRP,721,28220,1,21.15
30188,DGRP,721,28220,1,86.28333333
30189,DGRP,721,28220,1,92.95
30190,DGRP,721,28220,1,90.85
30191,DGRP,721,28220,1,81.18333333
30192,DGRP,721,28220,1,133.2666667
30193,DGRP,721,28220,1,78.71666667
30194,DGRP,721,28220,1,94.28333333
30195,DGRP,721,28220,1,82.31666667
30196,DGRP,721,28220,1,92.58333333
30197,DGRP,721,28220,1,117.6166667
30198,DGRP,727,28221,1,12.2
30199,DGRP,727,28221,1,14.06666667
30200,DGRP,727,28221,1,14.86666667
30201,DGRP,727,28221,1,13.85
30202,DGRP,727,28221,1,35.66666667
30203,DGRP,727,28221,1,37.3
30204,DGRP,727,28221,1,32.4
30205,DGRP,727,28221,1,91.46666667
30206,DGRP,727,28221,1,8.466666667
30207,DGRP,727,28221,1,59.66666667
30208,DGRP,727,28221,1,41.56666667
30209,DGRP,727,28221,1,22.81666667
30210,DGRP,727,28221,1,74.88333333
28752,DGRP,730,25202,1,75.63333333
28753,DGRP,730,25202,1,68.61666667
28754,DGRP,730,25202,1,93.31666667
28755,DGRP,730,25202,1,103.2833333
28756,DGRP,730,25202,1,79.33333333
28757,DGRP,730,25202,1,73.45
28758,DGRP,730,25202,1,97.43333333
28759,DGRP,730,25202,1,110.75
28760,DGRP,730,25202,1,93.08333333
28761,DGRP,730,25202,1,81.6
28762,DGRP,730,25202,1,73.5
28763,DGRP,730,25202,1,68.96666667
28764,DGRP,730,25202,1,73.98333333
28765,DGRP,730,25202,1,82.65
28766,DGRP,730,25202,1,71
28767,DGRP,730,25202,1,85.45
28768,DGRP,732,25203,1,62.41666667
28769,DGRP,732,25203,1,78.78333333
28770,DGRP,732,25203,1,53.5
28771,DGRP,732,25203,1,44.96666667
28772,DGRP,732,25203,1,83.03333333
28773,DGRP,732,25203,1,60.78333333
28774,DGRP,732,25203,1,46.68333333
28775,DGRP,732,25203,1,76.86666667
28776,DGRP,732,25203,1,95.73333333
28777,DGRP,732,25203,1,86.6
28778,DGRP,732,25203,1,43.38333333
28779,DGRP,732,25203,1,64.1
28780,DGRP,732,25203,1,37.46666667
28781,DGRP,732,25203,1,68.7
28782,DGRP,732,25203,1,20.31666667
28783,DGRP,732,25203,1,92.68333333
30211,DGRP,737,28222,1,87.26666667
30212,DGRP,737,28222,1,57.88333333
30213,DGRP,737,28222,1,60.28333333
30214,DGRP,737,28222,1,75.7
30215,DGRP,737,28222,1,80.9
30216,DGRP,737,28222,1,69.98333333
30217,DGRP,737,28222,1,60.58333333
30218,DGRP,737,28222,1,70.6
30219,DGRP,737,28222,1,100.5666667
30220,DGRP,737,28222,1,75.08333333
30221,DGRP,737,28222,1,85.25
30222,DGRP,737,28222,1,37.21666667
30223,DGRP,737,28222,1,102.75
30224,DGRP,737,28222,1,38.16666667
30225,DGRP,737,28222,1,91.6
30226,DGRP,737,28222,1,35.7
30227,DGRP,738,28223,1,9.5
30228,DGRP,738,28223,1,27.68333333
30229,DGRP,738,28223,1,29.13333333
30230,DGRP,738,28223,1,12.4
30231,DGRP,738,28223,1,32.6
30232,DGRP,738,28223,1,11.7
30233,DGRP,738,28223,1,25.7
30234,DGRP,738,28223,1,6.633333333
30235,DGRP,738,28223,1,16.66666667
30236,DGRP,738,28223,1,30.11666667
30237,DGRP,738,28223,1,13.26666667
30238,DGRP,748,28224,1,103.6833333
30239,DGRP,748,28224,1,131.6166667
30240,DGRP,748,28224,1,103.15
30241,DGRP,748,28224,1,129.65
30242,DGRP,748,28224,1,123.4833333
30243,DGRP,748,28224,1,105.95
30244,DGRP,748,28224,1,80.43333333
30245,DGRP,748,28224,1,112.7833333
30246,DGRP,748,28224,1,87.5
30247,DGRP,748,28224,1,129.6
30248,DGRP,748,28224,1,109.4833333
30249,DGRP,748,28224,1,126.9833333
30250,DGRP,748,28224,1,116.9666667
30251,DGRP,748,28224,1,71.33333333
30252,DGRP,748,28224,1,122.95
30253,DGRP,748,28224,1,89.43333333
30254,DGRP,748,28224,2,76.93333333
30255,DGRP,748,28224,2,72.85
30256,DGRP,748,28224,2,91.23333333
30257,DGRP,748,28224,2,99.88333333
30258,DGRP,748,28224,2,101.1666667
30259,DGRP,748,28224,2,75.5
30260,DGRP,748,28224,2,79.65
30261,DGRP,748,28224,2,99.16666667
30262,DGRP,748,28224,2,89.23333333
30263,DGRP,748,28224,2,47.55
30264,DGRP,748,28224,2,80.06666667
30265,DGRP,748,28224,2,72.63333333
30266,DGRP,748,28224,2,81.83333333
30267,DGRP,748,28224,2,99.78333333
30268,DGRP,748,28224,2,74.65
30269,DGRP,748,28224,2,84.95
30270,DGRP,757,28226,1,56.3
30271,DGRP,757,28226,1,87.46666667
30272,DGRP,757,28226,1,73.6
30273,DGRP,757,28226,1,45.33333333
30274,DGRP,757,28226,1,42.73333333
30275,DGRP,757,28226,1,73.2
30276,DGRP,757,28226,1,57.96666667
30277,DGRP,757,28226,1,63.01666667
30278,DGRP,757,28226,1,67.88333333
30279,DGRP,757,28226,1,52.23333333
30280,DGRP,757,28226,1,43.08333333
30281,DGRP,757,28226,1,36.88333333
30282,DGRP,757,28226,1,53.46666667
30283,DGRP,757,28226,1,78.26666667
30284,DGRP,757,28226,1,72.93333333
30285,DGRP,757,28226,1,76.23333333
30286,DGRP,761,28227,1,55.46666667
30287,DGRP,761,28227,1,38.85
30288,DGRP,761,28227,1,57.33333333
30289,DGRP,761,28227,1,32.33333333
30290,DGRP,761,28227,1,29.88333333
30291,DGRP,761,28227,1,44.85
30292,DGRP,761,28227,1,11.68333333
30293,DGRP,761,28227,1,38.13333333
30294,DGRP,761,28227,1,13.1
30295,DGRP,761,28227,1,36.48333333
30296,DGRP,761,28227,1,70.93333333
30297,DGRP,761,28227,1,74.93333333
30298,DGRP,761,28227,1,19.85
30299,DGRP,761,28227,1,30.23333333
30300,DGRP,761,28227,1,28.88333333
30301,DGRP,761,28227,1,51.28333333
28784,DGRP,774,25205,1,36.06666667
28785,DGRP,774,25205,1,56.31666667
28786,DGRP,774,25205,1,19.05
28787,DGRP,774,25205,1,32.26666667
28788,DGRP,774,25205,1,22.66666667
28789,DGRP,774,25205,1,10.43333333
28790,DGRP,774,25205,1,13.43333333
28791,DGRP,774,25205,1,50.78333333
28792,DGRP,774,25205,1,15.83333333
28793,DGRP,774,25205,1,21.31666667
28794,DGRP,774,25205,1,46.51666667
30302,DGRP,783,28230,1,55.51666667
30303,DGRP,783,28230,1,52.01666667
30304,DGRP,783,28230,1,37.88333333
30305,DGRP,783,28230,1,54.38333333
30306,DGRP,783,28230,1,33.58333333
30307,DGRP,783,28230,1,62.8
30308,DGRP,783,28230,1,27.08333333
30309,DGRP,783,28230,1,57.13333333
30310,DGRP,783,28230,1,38.03333333
30311,DGRP,783,28230,1,87.13333333
30312,DGRP,783,28230,1,48.51666667
30313,DGRP,783,28230,1,37.21666667
30314,DGRP,783,28230,1,53.61666667
30315,DGRP,783,28230,1,41.08333333
30316,DGRP,783,28230,1,69.11666667
28795,DGRP,786,25206,1,36.06666667
28796,DGRP,786,25206,1,70.46666667
28797,DGRP,786,25206,1,52
28798,DGRP,786,25206,1,15.3
28799,DGRP,786,25206,1,21.95
28800,DGRP,786,25206,1,84.81666667
28801,DGRP,786,25206,1,66.3
28802,DGRP,786,25206,1,61.58333333
28803,DGRP,786,25206,1,24.45
28804,DGRP,786,25206,1,17.48333333
28805,DGRP,786,25206,1,22.86666667
28806,DGRP,786,25206,1,38.45
28807,DGRP,786,25206,1,43.93333333
28808,DGRP,786,25206,1,32.81666667
28809,DGRP,786,25206,1,29.56666667
28810,DGRP,786,25206,1,55.11666667
30317,DGRP,787,28231,1,63.01666667
30318,DGRP,787,28231,1,22.76666667
30319,DGRP,787,28231,1,37.31666667
30320,DGRP,787,28231,1,75.4
30321,DGRP,787,28231,1,70.55
30322,DGRP,787,28231,1,69.21666667
30323,DGRP,787,28231,1,63.83333333
30324,DGRP,787,28231,1,19.08333333
30325,DGRP,787,28231,1,64.15
30326,DGRP,787,28231,1,64.48333333
30327,DGRP,787,28231,1,74.36666667
30328,DGRP,787,28231,1,74.58333333
30329,DGRP,787,28231,1,66.71666667
30330,DGRP,787,28231,1,54.38333333
30331,DGRP,787,28231,1,70.05
30332,DGRP,787,28231,1,52.21666667
30333,DGRP,790,28232,1,76.35
30334,DGRP,790,28232,1,75.43333333
30335,DGRP,790,28232,1,80.06666667
30336,DGRP,790,28232,1,77.91666667
30337,DGRP,790,28232,1,69.93333333
30338,DGRP,790,28232,1,74.83333333
30339,DGRP,790,28232,1,54.63333333
30340,DGRP,790,28232,1,23.1
30341,DGRP,790,28232,1,71.51666667
30342,DGRP,790,28232,1,77.4
30343,DGRP,790,28232,1,68.7
30344,DGRP,790,28232,1,69.85
30345,DGRP,790,28232,1,64.75
30346,DGRP,790,28232,1,85.88333333
30347,DGRP,790,28232,1,63.86666667
30348,DGRP,790,28232,1,62.2
30349,DGRP,796,28233,1,104.5
30350,DGRP,796,28233,1,113.9166667
30351,DGRP,796,28233,1,116.8833333
30352,DGRP,796,28233,1,114.1333333
30353,DGRP,796,28233,1,131.0833333
30354,DGRP,796,28233,1,107.4833333
30355,DGRP,796,28233,1,85.5
30356,DGRP,796,28233,1,94.91666667
30357,DGRP,796,28233,1,92.4
30358,DGRP,796,28233,1,111.9833333
30359,DGRP,796,28233,1,108.6833333
30360,DGRP,796,28233,1,96.71666667
30361,DGRP,796,28233,1,107.3333333
30362,DGRP,796,28233,1,79.61666667
30363,DGRP,796,28233,1,92.91666667
30364,DGRP,796,28233,1,108.2
30365,DGRP,796,28233,2,102.5
30366,DGRP,796,28233,2,110.5833333
30367,DGRP,796,28233,2,113.3166667
30368,DGRP,796,28233,2,104.7166667
30369,DGRP,796,28233,2,26.76666667
30370,DGRP,796,28233,2,99.16666667
30371,DGRP,796,28233,2,92.81666667
30372,DGRP,796,28233,2,98.03333333
30373,DGRP,796,28233,2,93.61666667
30374,DGRP,796,28233,2,125.15
30375,DGRP,796,28233,2,76.7
30376,DGRP,796,28233,2,109.1166667
30377,DGRP,796,28233,2,6.1
30378,DGRP,796,28233,2,103.45
30379,DGRP,796,28233,2,118.9333333
30380,DGRP,796,28233,2,110.1
28811,DGRP,799,25207,1,70.95
28812,DGRP,799,25207,1,42.26666667
28813,DGRP,799,25207,1,82
28814,DGRP,799,25207,1,64.85
28815,DGRP,799,25207,1,36.63333333
28816,DGRP,799,25207,1,72.38333333
28817,DGRP,799,25207,1,31.38333333
28818,DGRP,799,25207,1,67.46666667
28819,DGRP,799,25207,1,60.41666667
28820,DGRP,799,25207,1,60.08333333
28821,DGRP,799,25207,1,41.73333333
28822,DGRP,799,25207,1,75.4
28823,DGRP,799,25207,1,59.75
28824,DGRP,799,25207,1,39.91666667
28825,DGRP,799,25207,1,48
28826,DGRP,799,25207,1,51.85
30381,DGRP,801,28234,1,33.28333333
30382,DGRP,801,28234,1,61.46666667
30383,DGRP,801,28234,1,42.78333333
30384,DGRP,801,28234,1,59.31666667
30385,DGRP,801,28234,1,60.7
30386,DGRP,801,28234,1,48.53333333
30387,DGRP,801,28234,1,30.73333333
30388,DGRP,801,28234,1,28.63333333
30389,DGRP,801,28234,1,41.33333333
30390,DGRP,801,28234,1,32.7
30391,DGRP,801,28234,1,39.35
30392,DGRP,801,28234,1,29.43333333
30393,DGRP,801,28234,1,38.7
30394,DGRP,801,28234,1,46.4
30395,DGRP,801,28234,1,40.6
30396,DGRP,801,28234,1,39.43333333
30397,DGRP,802,28235,1,45.9
30398,DGRP,802,28235,1,57.88333333
30399,DGRP,802,28235,1,61.51666667
30400,DGRP,802,28235,1,46.31666667
30401,DGRP,802,28235,1,16.06666667
30402,DGRP,802,28235,1,79.23333333
30403,DGRP,802,28235,1,56
30404,DGRP,802,28235,1,39.7
30405,DGRP,802,28235,1,41.28333333
30406,DGRP,802,28235,1,77.6
30407,DGRP,802,28235,1,47.28333333
30408,DGRP,802,28235,1,41.03333333
30409,DGRP,802,28235,1,65.23333333
30410,DGRP,802,28235,1,55.26666667
30411,DGRP,802,28235,1,40.41666667
30412,DGRP,802,28235,1,58.08333333
30413,DGRP,804,28236,1,24.93333333
30414,DGRP,804,28236,1,33.18333333
30415,DGRP,804,28236,1,36.7
30416,DGRP,804,28236,1,22.4
30417,DGRP,804,28236,1,27.13333333
30418,DGRP,804,28236,1,22.65
30419,DGRP,804,28236,1,32.25
30420,DGRP,804,28236,1,29.25
30421,DGRP,804,28236,1,28.73333333
30422,DGRP,804,28236,1,17.36666667
30423,DGRP,804,28236,1,31
30424,DGRP,804,28236,1,18.68333333
30425,DGRP,804,28236,1,18.2
30426,DGRP,804,28236,1,25.21666667
30427,DGRP,804,28236,1,28.28333333
30428,DGRP,804,28236,1,43.15
30429,DGRP,805,28237,1,111.4333333
30430,DGRP,805,28237,1,82.6
30431,DGRP,805,28237,1,106.1833333
30432,DGRP,805,28237,1,106.3
30433,DGRP,805,28237,1,80.33333333
30434,DGRP,805,28237,1,117.45
30435,DGRP,805,28237,1,100.7166667
30436,DGRP,805,28237,1,90.6
30437,DGRP,805,28237,1,63.83333333
30438,DGRP,805,28237,1,93.31666667
30439,DGRP,805,28237,1,74.93333333
30440,DGRP,805,28237,1,126.8333333
30441,DGRP,805,28237,1,98.03333333
30442,DGRP,805,28237,1,124.2
30443,DGRP,805,28237,1,104.2333333
30444,DGRP,805,28237,1,102.6666667
30445,DGRP,808,28238,1,89.6
30446,DGRP,808,28238,1,87.75
30447,DGRP,808,28238,1,101.7333333
30448,DGRP,808,28238,1,107.55
30449,DGRP,808,28238,1,121.9666667
30450,DGRP,808,28238,1,101.7833333
30451,DGRP,808,28238,1,118.2166667
30452,DGRP,808,28238,1,114.15
30453,DGRP,808,28238,1,81.06666667
30454,DGRP,808,28238,1,102.8333333
30455,DGRP,808,28238,1,99.01666667
30456,DGRP,808,28238,1,102.8833333
30457,DGRP,808,28238,1,87.35
30458,DGRP,808,28238,1,114.9333333
30459,DGRP,808,28238,1,74.73333333
30460,DGRP,808,28238,1,98.91666667
30461,DGRP,810,28239,1,88.65
30462,DGRP,810,28239,1,75.45
30463,DGRP,810,28239,1,72.91666667
30464,DGRP,810,28239,1,45.56666667
30465,DGRP,810,28239,1,68.33333333
30466,DGRP,810,28239,1,65.73333333
30467,DGRP,810,28239,1,17.38333333
30468,DGRP,810,28239,1,72.85
30469,DGRP,810,28239,1,34.93333333
30470,DGRP,810,28239,1,63.63333333
30471,DGRP,810,28239,1,76.16666667
30472,DGRP,810,28239,1,59.28333333
30473,DGRP,810,28239,1,63.28333333
30474,DGRP,810,28239,1,69.5
30475,DGRP,810,28239,1,31.78333333
30476,DGRP,810,28239,1,58.9
30477,DGRP,812,28240,1,54.66666667
30478,DGRP,812,28240,1,57.23333333
30479,DGRP,812,28240,1,48.4
30480,DGRP,812,28240,1,57.86666667
30481,DGRP,812,28240,1,71.55
30482,DGRP,812,28240,1,57.28333333
30483,DGRP,812,28240,1,78.75
30484,DGRP,812,28240,1,60.41666667
30485,DGRP,812,28240,1,94.41666667
30486,DGRP,812,28240,1,55.41666667
30487,DGRP,812,28240,1,75.23333333
30488,DGRP,812,28240,1,46.61666667
30489,DGRP,812,28240,1,84.83333333
30490,DGRP,812,28240,1,67.61666667
30491,DGRP,812,28240,1,28.23333333
30492,DGRP,812,28240,1,58.81666667
30493,DGRP,818,28241,1,29.73333333
30494,DGRP,818,28241,1,28.56666667
30495,DGRP,818,28241,1,34.05
30496,DGRP,818,28241,1,55.26666667
30497,DGRP,818,28241,1,64.03333333
30498,DGRP,818,28241,1,15.55
30499,DGRP,818,28241,1,14.01666667
30500,DGRP,818,28241,1,99.66666667
30501,DGRP,818,28241,1,70.48333333
30502,DGRP,818,28241,1,28.65
30503,DGRP,818,28241,1,106.75
30504,DGRP,818,28241,1,19.75
30505,DGRP,818,28241,1,18.08333333
30506,DGRP,818,28241,1,105.7
30507,DGRP,818,28241,1,39.58333333
30508,DGRP,818,28241,1,34.73333333
30509,DGRP,821,28243,1,82.03333333
30510,DGRP,821,28243,1,82.18333333
30511,DGRP,821,28243,1,58.26666667
30512,DGRP,821,28243,1,57.33333333
30513,DGRP,821,28243,1,64.35
30514,DGRP,821,28243,1,62.76666667
30515,DGRP,821,28243,1,66.28333333
30516,DGRP,821,28243,1,81.56666667
30517,DGRP,821,28243,1,87.53333333
30518,DGRP,821,28243,1,72.96666667
30519,DGRP,821,28243,1,53.25
30520,DGRP,821,28243,1,73.51666667
30521,DGRP,821,28243,1,64.13333333
30522,DGRP,821,28243,1,67.28333333
30523,DGRP,821,28243,1,66.88333333
30524,DGRP,821,28243,1,80.36666667
30525,DGRP,822,28244,1,22.83333333
30526,DGRP,822,28244,1,35.65
30527,DGRP,822,28244,1,71.53333333
30528,DGRP,822,28244,1,65.98333333
30529,DGRP,822,28244,1,31.01666667
30530,DGRP,822,28244,1,9.766666667
30531,DGRP,822,28244,1,29.7
30532,DGRP,822,28244,1,35.45
30533,DGRP,822,28244,1,88.81666667
30534,DGRP,822,28244,1,45.73333333
30535,DGRP,822,28244,1,37.7
30536,DGRP,822,28244,1,17.83333333
30537,DGRP,822,28244,1,32.65
30538,DGRP,832,28245,1,93.53333333
30539,DGRP,832,28245,1,75.31666667
30540,DGRP,832,28245,1,75.95
30541,DGRP,832,28245,1,85.1
30542,DGRP,832,28245,1,59.75
30543,DGRP,832,28245,1,67.41666667
30544,DGRP,832,28245,1,88.03333333
30545,DGRP,832,28245,1,80.85
30546,DGRP,832,28245,1,80.83333333
30547,DGRP,832,28245,1,97.13333333
30548,DGRP,832,28245,1,86.48333333
30549,DGRP,832,28245,1,76.25
30550,DGRP,832,28245,1,92.1
30551,DGRP,832,28245,1,84.66666667
30552,DGRP,832,28245,1,90.35
30553,DGRP,837,28246,1,76.86666667
30554,DGRP,837,28246,1,91.7
30555,DGRP,837,28246,1,88.3
30556,DGRP,837,28246,1,85.15
30557,DGRP,837,28246,1,80.36666667
30558,DGRP,837,28246,1,94.35
30559,DGRP,837,28246,1,81.98333333
30560,DGRP,837,28246,1,81.53333333
30561,DGRP,837,28246,1,83.23333333
30562,DGRP,837,28246,1,87.25
30563,DGRP,837,28246,1,94.21666667
30564,DGRP,837,28246,1,80.65
30565,DGRP,837,28246,1,74.4
30566,DGRP,837,28246,1,99.78333333
30567,DGRP,837,28246,1,76.56666667
30568,DGRP,837,28246,1,72.7
30569,DGRP,843,28247,1,32.53333333
30570,DGRP,843,28247,1,19.18333333
30571,DGRP,843,28247,1,22.31666667
30572,DGRP,843,28247,1,29.65
30573,DGRP,843,28247,1,32.3
30574,DGRP,843,28247,1,23.53333333
30575,DGRP,843,28247,1,22.71666667
30576,DGRP,843,28247,1,43.3
30577,DGRP,843,28247,1,53.21666667
30578,DGRP,843,28247,1,29.61666667
30579,DGRP,843,28247,1,76.13333333
30580,DGRP,843,28247,1,24.91666667
30581,DGRP,843,28247,1,32.31666667
30582,DGRP,843,28247,1,71.55
30583,DGRP,843,28247,1,50.11666667
30584,DGRP,843,28247,1,53.2
30585,DGRP,850,28249,1,74.45
30586,DGRP,850,28249,1,35.18333333
30587,DGRP,850,28249,1,52.31666667
30588,DGRP,850,28249,1,64.76666667
30589,DGRP,850,28249,1,74.83333333
30590,DGRP,850,28249,1,74.4
30591,DGRP,850,28249,1,71.03333333
30592,DGRP,850,28249,1,65.08333333
30593,DGRP,850,28249,1,68.95
30594,DGRP,850,28249,1,25.7
30595,DGRP,850,28249,1,23.81666667
30596,DGRP,850,28249,1,75.66666667
30597,DGRP,850,28249,1,52.15
30598,DGRP,850,28249,1,69.85
30599,DGRP,850,28249,1,58.25
30600,DGRP,850,28249,1,64.91666667
28827,DGRP,852,25209,1,65.06666667
28828,DGRP,852,25209,1,51.35
28829,DGRP,852,25209,1,70.86666667
28830,DGRP,852,25209,1,28.51666667
28831,DGRP,852,25209,1,63.16666667
28832,DGRP,852,25209,1,45.45
28833,DGRP,852,25209,1,56.18333333
28834,DGRP,852,25209,1,46.21666667
28835,DGRP,852,25209,1,50.93333333
28836,DGRP,852,25209,1,73.8
28837,DGRP,852,25209,1,57.56666667
28838,DGRP,852,25209,1,86.83333333
28839,DGRP,852,25209,1,55.53333333
28840,DGRP,852,25209,1,48.51666667
28841,DGRP,852,25209,1,48.93333333
30601,DGRP,853,28250,1,50.41666667
30602,DGRP,853,28250,1,32.16666667
30603,DGRP,853,28250,1,46.28333333
30604,DGRP,853,28250,1,65.41666667
30605,DGRP,853,28250,1,31.21666667
30606,DGRP,853,28250,1,66.56666667
30607,DGRP,853,28250,1,43.68333333
30608,DGRP,853,28250,1,72.23333333
30609,DGRP,853,28250,1,33.88333333
30610,DGRP,853,28250,1,99.31666667
30611,DGRP,853,28250,1,44.55
30612,DGRP,853,28250,1,54.45
30613,DGRP,853,28250,1,104.0166667
30614,DGRP,853,28250,1,47.36666667
30615,DGRP,853,28250,1,79.53333333
30616,DGRP,853,28250,1,53.56666667
30617,DGRP,855,28251,1,22.65
30618,DGRP,855,28251,1,59.13333333
30619,DGRP,855,28251,1,77.73333333
30620,DGRP,855,28251,1,75.56666667
30621,DGRP,855,28251,1,28.83333333
30622,DGRP,855,28251,1,63.43333333
30623,DGRP,855,28251,1,71.11666667
30624,DGRP,855,28251,1,42.55
30625,DGRP,855,28251,1,67.88333333
30626,DGRP,855,28251,1,17.53333333
30627,DGRP,855,28251,1,83.48333333
30628,DGRP,855,28251,1,73.93333333
30629,DGRP,855,28251,1,28.98333333
30630,DGRP,855,28251,1,63.85
30631,DGRP,855,28251,1,78.01666667
30632,DGRP,855,28251,1,55.11666667
30633,DGRP,857,28252,1,94.56666667
30634,DGRP,857,28252,1,40.4
30635,DGRP,857,28252,1,76.7
30636,DGRP,857,28252,1,79.03333333
30637,DGRP,857,28252,1,95.53333333
30638,DGRP,857,28252,1,106.4166667
30639,DGRP,857,28252,1,59.41666667
30640,DGRP,857,28252,1,73.15
30641,DGRP,857,28252,1,83.31666667
30642,DGRP,857,28252,1,94.43333333
30643,DGRP,857,28252,1,97.06666667
30644,DGRP,857,28252,1,76.26666667
30645,DGRP,857,28252,1,54.36666667
30646,DGRP,857,28252,1,70.5
30647,DGRP,857,28252,1,92.36666667
30648,DGRP,857,28252,1,86.65
30649,DGRP,861,28253,1,64.33333333
30650,DGRP,861,28253,1,55.63333333
30651,DGRP,861,28253,1,35.96666667
30652,DGRP,861,28253,1,55.23333333
30653,DGRP,861,28253,1,31.35
30654,DGRP,861,28253,1,82.71666667
30655,DGRP,861,28253,1,40.63333333
30656,DGRP,861,28253,1,48.3
30657,DGRP,861,28253,1,73.73333333
30658,DGRP,861,28253,1,43.28333333
30659,DGRP,861,28253,1,20.81666667
30660,DGRP,861,28253,1,61.25
30661,DGRP,879,28254,1,56.35
30662,DGRP,879,28254,1,75.45
30663,DGRP,879,28254,1,56.13333333
30664,DGRP,879,28254,1,74.98333333
30665,DGRP,879,28254,1,50.55
30666,DGRP,879,28254,1,59.05
30667,DGRP,879,28254,1,58.5
30668,DGRP,879,28254,1,41.16666667
30669,DGRP,879,28254,1,53.51666667
30670,DGRP,879,28254,1,63.85
30671,DGRP,879,28254,1,43.18333333
30672,DGRP,879,28254,1,54.51666667
30673,DGRP,879,28254,1,59
30674,DGRP,879,28254,1,47.81666667
30675,DGRP,879,28254,1,51.45
30676,DGRP,879,28254,1,63.38333333
30677,DGRP,882,28255,1,70.1
30678,DGRP,882,28255,1,84.06666667
30679,DGRP,882,28255,1,80.75
30680,DGRP,882,28255,1,54.76666667
30681,DGRP,882,28255,1,67.8
30682,DGRP,882,28255,1,85.48333333
30683,DGRP,882,28255,1,78.23333333
30684,DGRP,882,28255,1,83.95
30685,DGRP,882,28255,1,84.25
30686,DGRP,882,28255,1,96.4
30687,DGRP,882,28255,1,92.36666667
30688,DGRP,882,28255,1,71.36666667
30689,DGRP,882,28255,1,77.25
30690,DGRP,882,28255,1,81.2
30691,DGRP,882,28255,1,88.56666667
30692,DGRP,882,28255,1,108.1666667
30693,DGRP,884,28256,1,41.4
30694,DGRP,884,28256,1,91.85
30695,DGRP,884,28256,1,86.35
30696,DGRP,884,28256,1,71.05
30697,DGRP,884,28256,1,69.21666667
30698,DGRP,884,28256,1,80.38333333
30699,DGRP,884,28256,1,19.56666667
30700,DGRP,884,28256,1,43.78333333
30701,DGRP,884,28256,1,70.98333333
30702,DGRP,884,28256,1,66.21666667
30703,DGRP,884,28256,1,51.41666667
30704,DGRP,884,28256,1,78.9
30705,DGRP,884,28256,1,57.85
30706,DGRP,884,28256,1,22.5
30707,DGRP,884,28256,1,82.66666667
30708,DGRP,884,28256,1,76
30709,DGRP,890,28257,1,81.86666667
30710,DGRP,890,28257,1,6.55
30711,DGRP,890,28257,1,32.46666667
30712,DGRP,890,28257,1,50.08333333
30713,DGRP,890,28257,1,32.36666667
30714,DGRP,890,28257,1,11.86666667
30715,DGRP,890,28257,1,37.21666667
30716,DGRP,890,28257,1,16.86666667
30717,DGRP,890,28257,1,34.55
30718,DGRP,890,28257,1,72.86666667
30719,DGRP,890,28257,1,82.83333333
30720,DGRP,890,28257,1,47.16666667
30721,DGRP,890,28257,1,40.01666667
30722,DGRP,890,28257,1,37.6
30723,DGRP,890,28257,1,22.03333333
30724,DGRP,892,28258,1,24.76666667
30725,DGRP,892,28258,1,31.81666667
30726,DGRP,892,28258,1,33.06666667
30727,DGRP,892,28258,1,28.91666667
30728,DGRP,892,28258,1,23.05
30729,DGRP,892,28258,1,31.3
30730,DGRP,892,28258,1,38.35
30731,DGRP,892,28258,1,17.45
30732,DGRP,892,28258,1,16.23333333
30733,DGRP,892,28258,1,26.31666667
30734,DGRP,892,28258,1,24.95
30735,DGRP,892,28258,1,30.93333333
30736,DGRP,892,28258,1,29.7
30737,DGRP,892,28258,1,20.93333333
30738,DGRP,892,28258,1,48.31666667
30739,DGRP,892,28258,1,22.56666667
30740,DGRP,894,28259,1,14.13333333
30741,DGRP,894,28259,1,36.21666667
30742,DGRP,894,28259,1,36.7
30743,DGRP,894,28259,1,50.85
30744,DGRP,894,28259,1,44.21666667
30745,DGRP,894,28259,1,34.26666667
30746,DGRP,894,28259,1,37.88333333
30747,DGRP,894,28259,1,12.68333333
30748,DGRP,894,28259,1,31.31666667
30749,DGRP,894,28259,1,31.15
30750,DGRP,894,28259,1,17.28333333
30751,DGRP,894,28259,1,43.3
30752,DGRP,897,28260,1,38.13333333
30753,DGRP,897,28260,1,43.28333333
30754,DGRP,897,28260,1,14.6
30755,DGRP,897,28260,1,69.5
30756,DGRP,897,28260,1,63.05
30757,DGRP,897,28260,1,18.33333333
30758,DGRP,897,28260,1,55.18333333
30759,DGRP,897,28260,1,49.63333333
30760,DGRP,897,28260,1,56.73333333
30761,DGRP,897,28260,1,50.21666667
30762,DGRP,897,28260,1,29.78333333
30763,DGRP,897,28260,1,70.3
30764,DGRP,897,28260,1,50.06666667
30765,DGRP,897,28260,1,76.4
30766,DGRP,897,28260,1,31.91666667
30767,DGRP,897,28260,1,69.5
30768,DGRP,900,28261,1,79.91666667
30769,DGRP,900,28261,1,44.31666667
30770,DGRP,900,28261,1,66.08333333
30771,DGRP,900,28261,1,78.28333333
30772,DGRP,900,28261,1,86.01666667
30773,DGRP,900,28261,1,29.63333333
30774,DGRP,900,28261,1,55.46666667
30775,DGRP,900,28261,1,51.75
30776,DGRP,900,28261,1,65.45
30777,DGRP,900,28261,1,59.95
30778,DGRP,900,28261,1,80.45
30779,DGRP,900,28261,1,85.7
30780,DGRP,900,28261,1,104.9833333
30781,DGRP,900,28261,1,86.65
30782,DGRP,900,28261,1,65.78333333
30783,DGRP,900,28261,1,87.95
30784,DGRP,907,28262,1,46.33333333
30785,DGRP,907,28262,1,65.45
30786,DGRP,907,28262,1,77.48333333
30787,DGRP,907,28262,1,76.3
30788,DGRP,907,28262,1,80.71666667
30789,DGRP,907,28262,1,75.35
30790,DGRP,907,28262,1,58.93333333
30791,DGRP,907,28262,1,91.61666667
30792,DGRP,907,28262,1,62.55
30793,DGRP,907,28262,1,85.46666667
30794,DGRP,907,28262,1,66.48333333
30795,DGRP,907,28262,1,73.4
30796,DGRP,907,28262,1,52.8
30797,DGRP,907,28262,1,108.1666667
30798,DGRP,907,28262,1,63.58333333
30799,DGRP,907,28262,1,65.15
30800,DGRP,908,28263,1,55.45
30801,DGRP,908,28263,1,54.33333333
30802,DGRP,908,28263,1,55.36666667
30803,DGRP,908,28263,1,69.33333333
30804,DGRP,908,28263,1,49.73333333
30805,DGRP,908,28263,1,49.01666667
30806,DGRP,908,28263,1,15.38333333
30807,DGRP,908,28263,1,40.03333333
30808,DGRP,908,28263,1,55.36666667
30809,DGRP,908,28263,1,66.15
30810,DGRP,908,28263,1,68.21666667
30811,DGRP,908,28263,1,47.86666667
30812,DGRP,908,28263,1,45.83333333
30813,DGRP,908,28263,1,48.73333333
30814,DGRP,908,28263,1,59.56666667
30815,DGRP,908,28263,1,54.75
30816,DGRP,911,28264,1,22.73333333
30817,DGRP,911,28264,1,53.58333333
30818,DGRP,911,28264,1,39.73333333
30819,DGRP,911,28264,1,15.58333333
30820,DGRP,911,28264,1,119.4333333
30821,DGRP,911,28264,1,19.78333333
30822,DGRP,911,28264,1,60.76666667
30823,DGRP,911,28264,1,18.08333333
30824,DGRP,911,28264,1,78.4
30825,DGRP,911,28264,1,22.35
30826,DGRP,911,28264,1,39.51666667
30827,DGRP,911,28264,1,48.1
30828,DGRP,911,28264,1,70.2
30829,DGRP,911,28264,1,43.2
30830,DGRP,911,28264,1,103.9833333
30831,DGRP,911,28264,1,94.98333333
30832,DGRP,913,28265,1,83.45
30833,DGRP,913,28265,1,92.11666667
30834,DGRP,913,28265,1,73.98333333
30835,DGRP,913,28265,1,113.5666667
30836,DGRP,913,28265,1,92.1
30837,DGRP,913,28265,1,86.18333333
30838,DGRP,913,28265,1,80.01666667
30839,DGRP,913,28265,1,89.66666667
30840,DGRP,913,28265,1,86.61666667
30841,DGRP,913,28265,1,86.71666667
30842,DGRP,913,28265,1,111.85
30843,DGRP,913,28265,1,103.9333333
30844,DGRP,913,28265,1,35.6
30845,DGRP,913,28265,1,102.7166667
30846,DGRP,913,28265,1,61.46666667
30847,DGRP,913,28265,1,116
31033,DGRP,34061,34061,1,55.06666667
31034,DGRP,34061,34061,1,65.6
31035,DGRP,34061,34061,1,52.91666667
31036,DGRP,34061,34061,1,78.38333333
31037,DGRP,34061,34061,1,73.48333333
31038,DGRP,34061,34061,1,58.35
31039,DGRP,34061,34061,1,73.21666667
31040,DGRP,34061,34061,1,63.11666667
31041,DGRP,34061,34061,1,53.63333333