Trait,Trait_nice,Sex trait was measured in,R,R 2.5% CI,R 97.5% CI,R ER,R female,R female 2.5% CI,R female 97.5% CI,R female ER,R male,R male 2.5% CI,R male 97.5% CI,R male ER,Delta R,Delta R 2.5% CI,Delta R 97.5% CI,Delta R ER,Sexual concordance ER
2.3-butanedione.olfactory.attraction.f,2 3-butanedione olfactory attraction,Female,0.046,-0.092,0.183,2.9225,-0.013,-0.21,0.184,0.8061,0.106,-0.091,0.297,5.9595,-0.12,-0.396,0.162,0.2516,0.8578
2.3-butanedione.olfactory.attraction.m,2 3-butanedione olfactory attraction,Male,0.068,-0.071,0.201,4.9281,0.066,-0.127,0.255,2.9005,0.07,-0.123,0.259,3.1896,-0.005,-0.275,0.261,0.946,1.6833
2.3-butanedione.olfactory.latency.30.percentile.f,2 3-butanedione olfactory latency 30 percentile,Female,0.014,-0.119,0.145,1.3916,0.16,-0.04,0.339,17.1818,-0.13,-0.315,0.059,0.1007,0.288,0.015,0.549,51.2876,0.158
2.3-butanedione.olfactory.latency.30.percentile.m,2 3-butanedione olfactory latency 30 percentile,Male,-0.041,-0.174,0.091,0.3748,0.02,-0.172,0.206,1.3895,-0.101,-0.279,0.086,0.1701,0.121,-0.148,0.38,4.3387,0.7927
2.3-butanedione.olfactory.latency.90.percentile.f,2 3-butanedione olfactory latency 90 percentile,Female,0.025,-0.11,0.158,1.7899,0.12,-0.073,0.301,7.8741,-0.069,-0.25,0.118,0.311,0.188,-0.083,0.447,10.7045,0.4214
2.3-butanedione.olfactory.latency.90.percentile.m,2 3-butanedione olfactory latency 90 percentile,Male,-0.027,-0.166,0.109,0.5337,0.032,-0.167,0.226,1.6582,-0.087,-0.274,0.107,0.2364,0.117,-0.161,0.392,4.143,0.7347
2.3-butanedione.olfactory.response.intensity.f,2 3-butanedione olfactory response intensity,Female,0.059,-0.075,0.19,4.1364,0.211,0.013,0.39,52.3333,-0.092,-0.274,0.101,0.2222,0.301,0.023,0.561,58.2593,0.2403
2.3-butanedione.olfactory.response.intensity.m,2 3-butanedione olfactory response intensity,Male,0.013,-0.121,0.149,1.3385,0.006,-0.187,0.201,1.0995,0.023,-0.171,0.209,1.429,-0.016,-0.284,0.261,0.8317,1.0169
2.3-butanedione.olfactory.strength.attraction.f,2 3-butanedione olfactory strength attraction,Female,-0.021,-0.152,0.111,0.6132,0.087,-0.107,0.271,4.3476,-0.129,-0.306,0.061,0.1051,0.214,-0.063,0.474,14.984,0.3272
2.3-butanedione.olfactory.strength.attraction.m,2 3-butanedione olfactory strength attraction,Male,-0.014,-0.15,0.124,0.7331,-0.017,-0.213,0.178,0.7563,-0.009,-0.198,0.181,0.857,-0.009,-0.279,0.262,0.9009,1.0216
CHC.11 & 9-Me-C23.f,CHC 11 & 9-Me-C23,Female,-0.025,-0.154,0.108,0.5507,-0.012,-0.196,0.174,0.8317,-0.039,-0.219,0.144,0.5218,0.028,-0.233,0.288,1.4028,1.0595
CHC.13- & 11-Me-C25.f,CHC 13- & 11-Me-C25,Female,0.019,-0.115,0.149,1.5865,0.062,-0.133,0.244,2.7718,-0.023,-0.204,0.157,0.6736,0.086,-0.178,0.347,2.7834,0.8322
CHC.2-Me-C22.f,CHC 2-Me-C22,Female,-0.125,-0.253,0.008,0.0337,-0.107,-0.289,0.086,0.1547,-0.145,-0.321,0.045,0.0707,0.039,-0.227,0.298,1.5886,4.4837
CHC.2-Me-C22.m,CHC 2-Me-C22,Male,-0.151,-0.28,-0.016,0.0142,-0.107,-0.29,0.091,0.1733,-0.198,-0.373,-0.008,0.0211,0.092,-0.181,0.351,2.999,5.1645
CHC.2-Me-C24.f,CHC 2-Me-C24,Female,-0.148,-0.279,-0.011,0.0176,-0.114,-0.299,0.082,0.1436,-0.185,-0.361,0.003,0.0274,0.072,-0.192,0.334,2.3698,5.8706
CHC.2-Me-C24.m,CHC 2-Me-C24,Male,-0.054,-0.183,0.077,0.2646,-0.025,-0.206,0.161,0.6572,-0.084,-0.262,0.105,0.2386,0.058,-0.207,0.318,1.9996,1.2914
CHC.2-Me-C25.f,CHC 2-Me-C25,Female,-0.008,-0.139,0.122,0.8263,-0.01,-0.195,0.176,0.8395,-0.006,-0.189,0.177,0.9139,-0.006,-0.269,0.261,0.9375,1.0079
CHC.2-Me-C25.m,CHC 2-Me-C25,Male,-0.105,-0.241,0.032,0.0706,-0.093,-0.283,0.103,0.2176,-0.12,-0.304,0.077,0.1332,0.026,-0.243,0.293,1.3354,2.9334
CHC.2-Me-C26.m,CHC 2-Me-C26,Male,-0.054,-0.194,0.088,0.2952,-0.02,-0.219,0.179,0.7245,-0.089,-0.279,0.108,0.2342,0.068,-0.214,0.346,2.1403,1.2201
CHC.2-Me-C27.m,CHC 2-Me-C27,Male,-0,-0.132,0.135,0.991,0.038,-0.154,0.228,1.8607,-0.038,-0.223,0.15,0.5251,0.076,-0.192,0.345,2.4298,0.8287
"CHC.2-Me-C28 & 7,11-C29:2.f","CHC 2-Me-C28 & 7,11-C29:2",Female,0.061,-0.069,0.188,4.5325,-0.035,-0.219,0.154,0.5614,0.158,-0.03,0.328,19.7523,-0.192,-0.446,0.073,0.0868,0.5951
CHC.2-Me-C28.m,CHC 2-Me-C28,Male,-0.017,-0.15,0.119,0.6782,-0.028,-0.217,0.165,0.64,-0.007,-0.193,0.183,0.9014,-0.02,-0.293,0.245,0.7827,1.023
"CHC.2-Me-C29 & 8,12-C30:2.f","CHC 2-Me-C29 & 8,12-C30:2",Female,0.049,-0.085,0.18,3.2452,-0.023,-0.208,0.166,0.6862,0.121,-0.066,0.297,8.9875,-0.144,-0.399,0.119,0.1706,0.7409
CHC.2-Me-C29.m,CHC 2-Me-C29,Male,0.096,-0.037,0.225,11.2605,0.067,-0.122,0.25,3.0486,0.126,-0.063,0.304,9.6952,-0.059,-0.319,0.207,0.4853,2.3978
CHC.2-Me-C30.f,CHC 2-Me-C30,Female,0.051,-0.077,0.177,3.5403,0.048,-0.136,0.231,2.2976,0.053,-0.122,0.23,2.5947,-0.006,-0.263,0.25,0.9305,1.423
CHC.3-Me-C23.m,CHC 3-Me-C23,Male,0.052,-0.081,0.181,3.561,0.102,-0.089,0.282,5.6834,0.003,-0.181,0.188,1.0571,0.097,-0.167,0.356,3.2183,1.0397
CHC.3-Me-C25 & 9-C26:1.f,CHC 3-Me-C25 & 9-C26:1,Female,0.025,-0.105,0.151,1.8309,0.125,-0.064,0.302,9.4235,-0.076,-0.252,0.108,0.2684,0.201,-0.063,0.454,14.5189,0.3642
CHC.3-Me-C25.m,CHC 3-Me-C25,Male,0.005,-0.131,0.143,1.1053,0.022,-0.17,0.215,1.4125,-0.012,-0.203,0.177,0.8209,0.034,-0.236,0.306,1.457,0.9669
"CHC.3-Me-C27 & 6,10-C28:2 & 9-C28:1.f","CHC 3-Me-C27 & 6,10-C28:2 & 9-C28:1",Female,0.059,-0.072,0.185,4.3174,0.055,-0.135,0.242,2.4919,0.064,-0.12,0.238,3.002,-0.01,-0.269,0.253,0.8933,1.5437
"CHC.5,9-C25:2 & 9-C25:1.f","CHC 5,9-C25:2 & 9-C25:1",Female,-0.087,-0.211,0.04,0.1012,0.038,-0.147,0.221,1.8674,-0.213,-0.377,-0.035,0.0106,0.25,-0.006,0.499,34.6347,0.543
"CHC.5,9-C27:2 & 9-C27:1.f","CHC 5,9-C27:2 & 9-C27:1",Female,0.05,-0.08,0.179,3.4469,0.13,-0.058,0.31,10.1654,-0.031,-0.211,0.157,0.5982,0.159,-0.108,0.419,7.5791,0.6579
CHC.5-C23:1.f,CHC 5-C23:1,Female,0.008,-0.116,0.132,1.2238,0.092,-0.087,0.267,5.4154,-0.076,-0.247,0.102,0.2536,0.169,-0.084,0.412,9.4987,0.4187
CHC.5-C23:1.m,CHC 5-C23:1,Male,-0.026,-0.153,0.104,0.5226,0.08,-0.103,0.257,3.952,-0.133,-0.303,0.051,0.0816,0.211,-0.049,0.461,17.0383,0.3279
CHC.5-C24:1.f,CHC 5-C24:1,Female,-0.067,-0.193,0.061,0.1814,0.046,-0.139,0.227,2.1527,-0.181,-0.349,0.001,0.0266,0.225,-0.036,0.476,21.3152,0.4851
CHC.5-C24:1.m,CHC 5-C24:1,Male,0.06,-0.075,0.191,4.328,0.087,-0.105,0.27,4.3245,0.034,-0.149,0.218,1.773,0.052,-0.212,0.315,1.8949,1.4214
CHC.5-C25:1.f,CHC 5-C25:1,Female,0.072,-0.056,0.194,6.5686,0.146,-0.035,0.316,16.8174,-0.001,-0.178,0.173,0.99,0.147,-0.1,0.391,7.0523,0.9912
CHC.5-C25:1.m,CHC 5-C25:1,Male,-0.012,-0.138,0.116,0.7303,0.069,-0.117,0.251,3.2306,-0.094,-0.27,0.089,0.1895,0.162,-0.104,0.421,7.9385,0.4714
CHC.5-C27:1.f,CHC 5-C27:1,Female,0.097,-0.027,0.218,14.9204,0.135,-0.044,0.306,13.3498,0.06,-0.116,0.229,2.9781,0.075,-0.174,0.317,2.5996,2.4962
CHC.5-Me-C25.f,CHC 5-Me-C25,Female,0.047,-0.086,0.177,3.0589,0.059,-0.135,0.246,2.6655,0.035,-0.149,0.218,1.8329,0.025,-0.239,0.284,1.3341,1.3084
"CHC.6,10-C25:2.f","CHC 6,10-C25:2",Female,-0.093,-0.223,0.042,0.1011,-0.042,-0.231,0.15,0.5116,-0.143,-0.32,0.046,0.0707,0.1,-0.168,0.363,3.3956,1.7794
"CHC.6,10-C25:2.m","CHC 6,10-C25:2",Male,0.073,-0.062,0.201,6.1846,0.051,-0.139,0.232,2.3592,0.096,-0.088,0.275,5.3116,-0.046,-0.309,0.221,0.5806,1.764
"CHC.6,10-C26:2.f","CHC 6,10-C26:2",Female,-0.128,-0.248,-0.003,0.0228,0.013,-0.171,0.193,1.225,-0.269,-0.422,-0.092,0.0013,0.28,0.028,0.518,65.39,0.8168
CHC.6-C23:1.f,CHC 6-C23:1,Female,-0.177,-0.3,-0.048,0.0033,-0.168,-0.342,0.019,0.0432,-0.189,-0.355,-0.006,0.0216,0.021,-0.234,0.275,1.2979,15.4287
CHC.6-C23:1.m,CHC 6-C23:1,Male,0.117,-0.018,0.247,22.3918,0.128,-0.066,0.309,9.6101,0.108,-0.083,0.29,6.1846,0.022,-0.25,0.286,1.2727,3.8262
CHC.6-C24:1.f,CHC 6-C24:1,Female,-0.052,-0.183,0.08,0.2837,0.007,-0.182,0.199,1.1069,-0.112,-0.289,0.077,0.1384,0.118,-0.153,0.383,4.1414,0.926
CHC.6-C24:1.m,CHC 6-C24:1,Male,0.101,-0.038,0.238,11.8514,0.129,-0.069,0.318,8.7859,0.073,-0.126,0.264,3.261,0.055,-0.218,0.333,1.8612,2.4613
CHC.6-C26:1 & i.m,CHC 6-C26:1 & i,Male,0.007,-0.13,0.145,1.1689,0.048,-0.149,0.243,2.1521,-0.035,-0.224,0.16,0.5697,0.082,-0.193,0.352,2.6413,0.8179
"CHC.7,11-C23:2.f","CHC 7,11-C23:2",Female,-0.106,-0.238,0.035,0.0732,-0.071,-0.261,0.131,0.3289,-0.142,-0.322,0.056,0.079,0.072,-0.205,0.339,2.252,2.5154
"CHC.7,11-C24:2.f","CHC 7,11-C24:2",Female,-0.13,-0.261,0.005,0.0322,-0.097,-0.288,0.098,0.1917,-0.163,-0.339,0.03,0.0533,0.063,-0.208,0.327,2.1098,4.1238
"CHC.7,11-C25:2.f","CHC 7,11-C25:2",Female,-0.011,-0.15,0.13,0.8018,-0.003,-0.207,0.2,0.9586,-0.019,-0.217,0.183,0.7505,0.014,-0.273,0.302,1.1721,1.006
"CHC.7,11-C26:2.f","CHC 7,11-C26:2",Female,-0.063,-0.19,0.068,0.2128,-0.035,-0.22,0.151,0.563,-0.089,-0.266,0.095,0.2014,0.053,-0.205,0.313,1.9059,1.4566
"CHC.7,11-C27:2 & 2-Me-C26.f","CHC 7,11-C27:2 & 2-Me-C26",Female,-0.1,-0.225,0.028,0.0672,-0.099,-0.273,0.087,0.1713,-0.103,-0.28,0.077,0.1462,0.005,-0.246,0.259,1.0624,3.2283
"CHC.7,11-C28:2 & 2-Me-C27.f","CHC 7,11-C28:2 & 2-Me-C27",Female,0.073,-0.059,0.2,6.2529,-0.02,-0.207,0.165,0.7131,0.167,-0.018,0.339,24.89,-0.188,-0.442,0.077,0.0898,0.7323
"CHC.7,11-C31:2.f","CHC 7,11-C31:2",Female,0.046,-0.086,0.175,3.0764,-0.05,-0.239,0.144,0.4437,0.143,-0.043,0.317,14.5491,-0.193,-0.451,0.08,0.0859,0.4972
CHC.7-C23:1.f,CHC 7-C23:1,Female,-0.018,-0.145,0.109,0.6345,0.047,-0.136,0.224,2.2415,-0.084,-0.258,0.098,0.2231,0.129,-0.124,0.382,5.2671,0.6086
CHC.7-C23:1.m,CHC 7-C23:1,Male,-0.017,-0.149,0.116,0.67,0.016,-0.172,0.204,1.3121,-0.05,-0.233,0.138,0.4279,0.066,-0.196,0.33,2.2271,0.8974
CHC.7-C24:1.m,CHC 7-C24:1,Male,-0.018,-0.154,0.119,0.658,-0.022,-0.213,0.172,0.7083,-0.015,-0.206,0.177,0.7931,-0.008,-0.282,0.268,0.9228,1.0402
CHC.7-C25:1.f,CHC 7-C25:1,Female,0.022,-0.106,0.146,1.7211,0.093,-0.088,0.267,5.5681,-0.05,-0.222,0.128,0.4059,0.142,-0.111,0.386,6.9208,0.5457
CHC.7-C25:1.m,CHC 7-C25:1,Male,0.054,-0.081,0.189,3.6729,0.031,-0.162,0.223,1.672,0.078,-0.113,0.263,3.745,-0.047,-0.317,0.223,0.5781,1.3405
CHC.7-C26:1.f,CHC 7-C26:1,Female,0.027,-0.107,0.159,1.9165,-0.084,-0.27,0.107,0.2367,0.139,-0.049,0.313,12.617,-0.221,-0.477,0.038,0.0508,0.3101
CHC.7-C26:1.m,CHC 7-C26:1,Male,0.025,-0.107,0.156,1.8834,0.002,-0.186,0.189,1.046,0.049,-0.135,0.229,2.3642,-0.046,-0.306,0.214,0.575,1.0184
CHC.7-C27:1.f,CHC 7-C27:1,Female,0.134,0.008,0.255,53.9828,0.192,0.01,0.358,54.1724,0.078,-0.1,0.249,4.0972,0.113,-0.133,0.359,4.3619,3.8262
CHC.7-C27:1.m,CHC 7-C27:1,Male,-0.012,-0.139,0.119,0.7483,0.037,-0.148,0.224,1.9202,-0.06,-0.239,0.12,0.3466,0.098,-0.16,0.356,3.3992,0.7347
CHC.7-C29:1.f,CHC 7-C29:1,Female,0.072,-0.06,0.203,5.9025,0.012,-0.178,0.203,1.2005,0.134,-0.056,0.312,10.9225,-0.12,-0.385,0.149,0.238,1.1641
CHC.7-C29:1.m,CHC 7-C29:1,Male,-0.07,-0.202,0.064,0.1804,-0.108,-0.291,0.086,0.1551,-0.034,-0.218,0.156,0.5812,-0.074,-0.34,0.192,0.4186,1.4806
"CHC.8,12-C26:2.f","CHC 8,12-C26:2",Female,-0.123,-0.252,0.01,0.036,-0.039,-0.224,0.148,0.5195,-0.209,-0.379,-0.02,0.0154,0.17,-0.095,0.423,8.4563,1.8845
"CHC.8,12-C28:2.f","CHC 8,12-C28:2",Female,0.012,-0.116,0.143,1.3498000000000001,-0.108,-0.286,0.08,0.1553,0.134,-0.051,0.306,11.6084,-0.241,-0.495,0.024,0.0398,0.2383
CHC.8-C25:1.f,CHC 8-C25:1,Female,-0.156,-0.28,-0.024,0.0093,-0.229,-0.392,-0.041,0.009,-0.085,-0.264,0.098,0.2167,-0.141,-0.39,0.112,0.1589,4.4384
"CHC.9,13-C25:2.f","CHC 9,13-C25:2",Female,-0.182,-0.309,-0.048,0.0045,-0.163,-0.344,0.032,0.0534,-0.203,-0.374,-0.017,0.0179,0.041,-0.222,0.303,1.614,14.0445
"CHC.9,13-C27:2.f","CHC 9,13-C27:2",Female,-0.069,-0.197,0.061,0.1738,-0.136,-0.313,0.056,0.0869,-0.003,-0.186,0.175,0.9493,-0.132,-0.384,0.129,0.1933,1.0447
CHC.9-C23:1.f,CHC 9-C23:1,Female,-0.026,-0.165,0.11,0.5385,0.024,-0.173,0.219,1.448,-0.079,-0.268,0.118,0.2699,0.103,-0.175,0.376,3.2039,0.8096
CHC.9-C23:1.m,CHC 9-C23:1,Male,0.021,-0.109,0.148,1.6547,0.032,-0.155,0.215,1.7082,0.009,-0.174,0.191,1.1721,0.023,-0.241,0.289,1.3313,1.0423
CHC.9-C25:1.m,CHC 9-C25:1,Male,0.121,-0.013,0.249,24.0784,0.122,-0.073,0.308,8.4787,0.12,-0.069,0.299,8.3132,0.003,-0.262,0.266,1.0408,4.2571
CHC.9-C27:1.m,CHC 9-C27:1,Male,-0.038,-0.169,0.094,0.3963,0.025,-0.164,0.213,1.493,-0.101,-0.28,0.086,0.1692,0.125,-0.138,0.39,4.6637,0.7536
"CHC.9-C29:1 & 5,9-C29:2.f","CHC 9-C29:1 & 5,9-C29:2",Female,0.091,-0.038,0.218,11.6984,0.074,-0.111,0.252,3.578,0.112,-0.069,0.283,7.6721,-0.038,-0.295,0.218,0.6282,2.5289
CHC.NI.20.f,CHC NI 20,Female,0.005,-0.126,0.136,1.1248,0.097,-0.093,0.279,5.4283,-0.088,-0.261,0.096,0.2136,0.183,-0.084,0.438,10.3636,0.3828
CHC.NI.33.f,CHC NI 33,Female,0.143,0.012,0.265,61.2568,0.188,0.002,0.36,40.5584,0.099,-0.083,0.276,5.8056,0.089,-0.172,0.34,2.995,5.1002
CHC.NI.34.f,CHC NI 34,Female,0.139,0.015,0.259,70.7489,0.13,-0.054,0.299,11.2511,0.152,-0.025,0.314,19.592,-0.02,-0.266,0.228,0.7648,7.1793
CHC.NI.54.f,CHC NI 54,Female,0.095,-0.037,0.224,11.5098,0.116,-0.074,0.295,7.8741,0.076,-0.11,0.254,3.6485,0.042,-0.221,0.301,1.6333,2.58
CHC.NI.54.m,CHC NI 54,Male,0.127,-0.008,0.254,30.0078,0.147,-0.046,0.328,13.9533,0.108,-0.085,0.289,6.4766,0.039,-0.227,0.305,1.5903,4.4724
CHC.NI.7.m,CHC NI 7,Male,0.005,-0.128,0.134,1.1047,-0.035,-0.223,0.15,0.5552,0.044,-0.141,0.226,2.0775,-0.078,-0.341,0.184,0.3861,0.818
CHC.n-C21.f,CHC n-C21,Female,-0.148,-0.272,-0.015,0.0139,-0.165,-0.338,0.027,0.0443,-0.13,-0.305,0.053,0.0887,-0.035,-0.285,0.217,0.6599,7.5494
CHC.n-C21.m,CHC n-C21,Male,-0.113,-0.24,0.017,0.0466,-0.147,-0.322,0.043,0.0679,-0.08,-0.26,0.108,0.2487,-0.068,-0.323,0.196,0.4392,3.2118
CHC.n-C22.f,CHC n-C22,Female,-0.106,-0.237,0.028,0.0644,-0.108,-0.292,0.087,0.1562,-0.106,-0.286,0.084,0.1551,-0.002,-0.267,0.267,0.9714,3.2901
CHC.n-C22.m,CHC n-C22,Male,-0.11,-0.238,0.026,0.0576,-0.163,-0.34,0.03,0.0492,-0.056,-0.239,0.132,0.3866,-0.106,-0.372,0.159,0.2711,2.338
CHC.n-C23.f,CHC n-C23,Female,-0.141,-0.263,-0.009,0.0188,-0.153,-0.325,0.037,0.0565,-0.129,-0.3,0.056,0.0925,-0.024,-0.279,0.233,0.7395,6.7475
CHC.n-C23.m,CHC n-C23,Male,-0.058,-0.186,0.073,0.2401,-0.102,-0.28,0.083,0.1638,-0.015,-0.196,0.171,0.7867,-0.087,-0.347,0.171,0.3439,1.1876
CHC.n-C24.f,CHC n-C24,Female,-0.066,-0.193,0.065,0.1959,-0.104,-0.285,0.085,0.1658,-0.029,-0.209,0.155,0.601,-0.075,-0.33,0.189,0.4003,1.4342
CHC.n-C24.m,CHC n-C24,Male,0.066,-0.069,0.195,4.7992,0.051,-0.14,0.234,2.3347,0.08,-0.104,0.263,3.8825,-0.029,-0.292,0.23,0.7171,1.6188
CHC.n-C25.m,CHC n-C25,Male,0.076,-0.059,0.208,6.533,0.068,-0.122,0.254,3.0619,0.084,-0.102,0.266,4.1331,-0.015,-0.279,0.246,0.8265,1.8979
CHC.n-C26.f,CHC n-C26,Female,0.145,0.021,0.267,81.4742,0.058,-0.126,0.237,2.7227,0.236,0.06,0.394,196.5309,-0.177,-0.424,0.077,0.091,2.6905
CHC.n-C26.m,CHC n-C26,Male,0.086,-0.046,0.213,8.9688,0.063,-0.127,0.246,2.9643,0.109,-0.075,0.285,7.0402,-0.043,-0.304,0.217,0.5779,2.186
CHC.n-C27.f,CHC n-C27,Female,0.093,-0.043,0.22,10.7561,0.035,-0.155,0.22,1.7672,0.151,-0.035,0.324,17.6916,-0.115,-0.375,0.145,0.2429,1.6581
CHC.n-C27.m,CHC n-C27,Male,0.09,-0.044,0.218,9.4507,0.039,-0.154,0.226,1.8986,0.142,-0.042,0.316,13.9953,-0.103,-0.366,0.162,0.2807,1.7347
CHC.n-C28.f,CHC n-C28,Female,0.115,-0.014,0.241,23.5776,0.047,-0.14,0.23,2.2245,0.182,0.004,0.349,43.1989,-0.135,-0.385,0.124,0.1774,2.1376
CHC.n-C28.m,CHC n-C28,Male,0.017,-0.116,0.144,1.4852,-0.02,-0.202,0.166,0.7169,0.053,-0.133,0.23,2.5149,-0.072,-0.329,0.19,0.4188,0.8673
CHC.n-C29.f,CHC n-C29,Female,0.093,-0.037,0.218,11.5885,0.003,-0.181,0.188,1.0568,0.185,0.001,0.35,39.3023,-0.18,-0.433,0.082,0.0964,1.0539
CHC.n-C29.m,CHC n-C29,Male,0.021,-0.11,0.151,1.6613,-0.038,-0.223,0.148,0.5321,0.079,-0.105,0.254,4.0063,-0.117,-0.372,0.143,0.2383,0.6901
CHC.n-C31.f,CHC n-C31,Female,0.045,-0.084,0.172,3.0414,-0.043,-0.225,0.146,0.4831,0.133,-0.051,0.304,12.4794,-0.174,-0.427,0.083,0.104,0.5423
CHC.n-C31.m,CHC n-C31,Male,-0.068,-0.192,0.06,0.1706,-0.08,-0.258,0.098,0.2304,-0.055,-0.228,0.122,0.3918,-0.027,-0.279,0.225,0.6971,1.7523
"CHC.x,y-C24:2.f","CHC x,y-C24:2",Female,-0.041,-0.176,0.095,0.3873,-0.018,-0.211,0.176,0.7486,-0.064,-0.249,0.125,0.3348,0.044,-0.226,0.314,1.722,1.1543
"CHC.x,y-C24:2.m","CHC x,y-C24:2",Male,-0.065,-0.194,0.065,0.2014,-0.019,-0.206,0.166,0.7301,-0.111,-0.29,0.074,0.1347,0.091,-0.174,0.352,3.0404,1.2701
CHC.x-C22:1a.m,CHC x-C22:1a,Male,0.031,-0.103,0.162,2.0757,0.05,-0.137,0.234,2.2956,0.012,-0.173,0.198,1.2136,0.036,-0.226,0.298,1.5486,1.0789
CHC.x-C22:1b.m,CHC x-C22:1b,Male,-0.07,-0.2,0.064,0.1842,-0.038,-0.222,0.151,0.534,-0.103,-0.28,0.091,0.1701,0.063,-0.203,0.326,2.1515,1.5492
CHC.x-C23:1.f,CHC x-C23:1,Female,-0.146,-0.273,-0.015,0.0156,-0.136,-0.311,0.052,0.0853,-0.159,-0.329,0.028,0.0477,0.023,-0.235,0.277,1.3351,7.5495
DDT.resistance.knockdown.f,DDT resistance knockdown,Female,0.024,-0.105,0.151,1.7967,-0.032,-0.21,0.153,0.5879,0.081,-0.105,0.256,4.0569,-0.112,-0.365,0.151,0.2503,0.7288
DDT.resistance.mortality.f,DDT resistance mortality,Female,0.035,-0.091,0.159,2.4072,-0.097,-0.274,0.089,0.1774,0.167,-0.013,0.334,27.6225,-0.262,-0.509,-0.004,0.024,0.2123
E.faecalis.resistance.m,E faecalis resistance,Male,0.051,-0.07,0.173,3.9829,0.114,-0.056,0.279,9.4371,-0.011,-0.18,0.159,0.8184,0.125,-0.117,0.361,5.4051,0.8506
L.monocytogenes.MTD.m,L. monocytogenes MTD,Male,-0.091,-0.24,0.062,0.1403,-0.049,-0.258,0.173,0.5049,-0.137,-0.334,0.081,0.1223,0.085,-0.214,0.384,2.4942,1.6929
L.monocytogenes.load.m,L. monocytogenes load,Male,-0.015,-0.17,0.143,0.7408,-0.12,-0.336,0.109,0.1786,0.089,-0.131,0.305,3.6404,-0.209,-0.514,0.107,0.1076,0.4321
M.anisopliae.resistance.f,M. anisopliae resistance,Female,0.232,0.109,0.348,7999,0.24,0.064,0.399,245.1538,0.226,0.054,0.381,176.7778,0.014,-0.221,0.252,1.2109,102.7151
M.anisopliae.resistance.m,M. anisopliae resistance,Male,0.232,0.106,0.347,7999,0.238,0.059,0.4,224.3521,0.228,0.047,0.388,124,0.01,-0.227,0.254,1.1313,79.8636
MPH.effect.on.activity.m,MPH effect on activity,Male,-0.019,-0.145,0.105,0.6193,-0.061,-0.234,0.12,0.339,0.021,-0.157,0.196,1.4465,-0.082,-0.326,0.168,0.3609,0.8347
MSB.resistance.f,MSB resistance,Female,-0.052,-0.185,0.081,0.2853,-0.023,-0.211,0.166,0.6801,-0.081,-0.259,0.105,0.2348,0.058,-0.204,0.314,2.0315,1.2675
MSB.resistance.m,MSB resistance,Male,0.004,-0.125,0.137,1.091,0.024,-0.163,0.213,1.4802,-0.014,-0.197,0.165,0.775,0.039,-0.222,0.302,1.6131,0.9521
P.aeruginosa.defecation.f,P. aeruginosa defecation,Female,-0.032,-0.163,0.098,0.4726,0.024,-0.166,0.21,1.4741,-0.087,-0.263,0.095,0.2127,0.109,-0.152,0.37,3.9922,0.7787
P.aeruginosa.fecal.pH.f,P. aeruginosa fecal pH,Female,-0.016,-0.146,0.118,0.696,-0.074,-0.265,0.123,0.3004,0.044,-0.14,0.221,2.1026,-0.117,-0.384,0.153,0.2463,0.679
P.aeruginosa.intestinal.mitosis.f,P. aeruginosa intestinal mitosis,Female,-0.053,-0.192,0.084,0.288,-0.01,-0.208,0.19,0.8482,-0.097,-0.282,0.095,0.1932,0.087,-0.189,0.36,2.7046,1.1176
P.aeruginosa.resistance.2017.f,P. aeruginosa resistance,Female,0.214,0.027,0.384,78.602,0.219,-0.059,0.456,15.684,0.214,-0.046,0.443,18.0476,0.003,-0.359,0.363,1.0323,8.4212
P.aeruginosa.resistance.2017.m,P. aeruginosa resistance,Male,0.233,0.051,0.395,163.9485,0.231,-0.036,0.455,21.6308,0.24,-0.016,0.455,29.8285,-0.009,-0.354,0.329,0.9224,12.5578
P.aeruginosa.resistance.2019.f,P. aeruginosa resistance,Female,0.068,-0.066,0.199,5.4026,0.06,-0.132,0.248,2.6917,0.077,-0.112,0.255,3.635,-0.016,-0.282,0.254,0.8284,1.7046
P.entomophila.resistance.f,P. entomophila resistance,Female,-0.004,-0.145,0.136,0.9164,-0.019,-0.217,0.178,0.7538,0.012,-0.187,0.208,1.2103,-0.03,-0.31,0.251,0.7208,0.9736
P.rettgeri.load.f,P. rettgeri load,Female,-0.074,-0.206,0.061,0.1636,-0.002,-0.194,0.192,0.961,-0.148,-0.325,0.04,0.0657,0.144,-0.122,0.411,6.1174,1.0355
P.rettgeri.load.high.glucose.diet.m,P. rettgeri load high glucose diet,Male,-0.216,-0.345,-0.077,0.0017,-0.164,-0.355,0.046,0.0643,-0.272,-0.438,-0.085,0.0032,0.108,-0.156,0.374,3.6825,14.8284
P.rettgeri.load.low.glucose.diet.m,P. rettgeri load low glucose diet,Male,-0.043,-0.182,0.098,0.3713,0.011,-0.193,0.214,1.1721,-0.096,-0.281,0.098,0.2006,0.106,-0.177,0.38,3.2701,0.8997
P.rettgeri.load.medium.glucose.diet.m,P. rettgeri load medium glucose diet,Male,-0.12,-0.257,0.018,0.0465,-0.069,-0.263,0.135,0.3382,-0.175,-0.355,0.024,0.043,0.105,-0.175,0.382,3.3549,2.661
P.rettgeri.resistance.f,P. rettgeri resistance,Female,0.115,-0.023,0.247,19.2532,0.061,-0.137,0.257,2.6756,0.171,-0.019,0.347,24.3566,-0.11,-0.374,0.162,0.2729,2.4478
P.rettgeri.tolerance.f,P. rettgeri tolerance,Female,0.11,-0.026,0.242,17.8235,0.092,-0.107,0.281,4.4256,0.131,-0.055,0.305,11.021,-0.04,-0.303,0.23,0.6305,3.2223
T1.femur.f,T1 femur,Female,0.086,-0.07,0.24,6.1685,0.146,-0.085,0.357,8.0652,0.03,-0.183,0.243,1.5389,0.115,-0.197,0.414,3.2228,1.3964
T1.femur.m,T1 femur,Male,0.086,-0.071,0.234,5.9535,0.137,-0.094,0.348,6.984,0.036,-0.175,0.246,1.668,0.1,-0.214,0.404,2.7515,1.462
T1.leg.length.f,T1 leg length,Female,0.072,-0.088,0.223,4.2753,0.099,-0.133,0.316,3.9322,0.044,-0.174,0.255,1.8664,0.055,-0.259,0.368,1.7346,1.4381
T1.leg.length.m,T1 leg length,Male,0.065,-0.094,0.219,3.7464,0.09,-0.148,0.31,3.3162,0.043,-0.17,0.251,1.8954,0.046,-0.272,0.351,1.6025,1.3979
T1.tarsus.f,T1 tarsus,Female,0.046,-0.114,0.203,2.3877,0.1,-0.135,0.323,4.0267,-0.01,-0.226,0.212,0.8635,0.109,-0.211,0.419,2.9438,0.9155
T1.tarsus.m,T1 tarsus,Male,0.038,-0.122,0.194,2.149,0.1,-0.132,0.322,3.908,-0.023,-0.237,0.194,0.7197,0.122,-0.196,0.435,3.3419,0.8239
T1.tibia.f,T1 tibia,Female,0.062,-0.098,0.216,3.4606,0.024,-0.206,0.249,1.3838,0.1,-0.114,0.304,4.4256,-0.077,-0.386,0.239,0.4676,1.2263
T1.tibia.m,T1 tibia,Male,0.056,-0.101,0.213,3.0963,0.01,-0.219,0.238,1.1279,0.105,-0.115,0.314,4.6697,-0.093,-0.41,0.225,0.394,1.081
T2.femur.f,T2 femur,Female,-0.007,-0.164,0.149,0.8694,0.023,-0.202,0.246,1.3721,-0.038,-0.249,0.176,0.5892,0.059,-0.25,0.369,1.8159,0.9221
T2.femur.m,T2 femur,Male,0.013,-0.147,0.168,1.2786,0.035,-0.196,0.261,1.6093,-0.01,-0.225,0.202,0.8689,0.043,-0.268,0.359,1.5126,0.9678
T2.leg.length.f,T2 leg length,Female,-0.015,-0.169,0.137,0.7427,0.016,-0.21,0.241,1.257,-0.045,-0.253,0.165,0.5193,0.06,-0.249,0.366,1.8465,0.9305
T2.leg.length.m,T2 leg length,Male,-0.006,-0.164,0.15,0.8801,0.017,-0.209,0.239,1.2519,-0.03,-0.241,0.185,0.6449,0.046,-0.262,0.353,1.5911,0.9528
T2.tarsus.f,T2 tarsus,Female,-0.039,-0.193,0.115,0.4465,0.026,-0.2,0.249,1.4309,-0.106,-0.312,0.111,0.2041,0.132,-0.179,0.439,3.8368,0.7903
T2.tarsus.m,T2 tarsus,Male,-0.035,-0.189,0.118,0.4807,0.026,-0.197,0.252,1.4162,-0.099,-0.304,0.116,0.2249,0.123,-0.192,0.43,3.5872,0.8034
T2.tibia.f,T2 tibia,Female,0.007,-0.149,0.165,1.1433,-0.012,-0.237,0.216,0.8516,0.026,-0.189,0.24,1.4246,-0.038,-0.351,0.274,0.6807,0.9723
T2.tibia.m,T2 tibia,Male,0.021,-0.133,0.18,1.5486,-0.009,-0.234,0.22,0.8906,0.052,-0.165,0.266,2.096,-0.06,-0.372,0.256,0.5519,0.9598
abdomen.length.18C.f,Abdomen length 18C,Female,0.003,-0.124,0.131,1.0844,0.048,-0.135,0.226,2.3202,-0.042,-0.214,0.136,0.4759,0.09,-0.163,0.339,3.1429,0.7525
abdomen.length.28C.f,Abdomen length 28C,Female,0.141,0.014,0.261,69.4846,0.126,-0.051,0.297,10.8782,0.156,-0.022,0.322,22.6337,-0.03,-0.272,0.21,0.68,7.3769
abdomen.length.thermal.plasticity.f,Abdomen length thermal plasticity,Female,-0.054,-0.178,0.074,0.2632,-0.039,-0.221,0.143,0.4993,-0.067,-0.24,0.113,0.3029,0.028,-0.225,0.284,1.3992,1.4351
acclimated.acute.cold.exposure.resistance.18C.f,Acclimated acute cold exposure resistance 18C,Female,0.044,-0.084,0.171,2.9526,0.014,-0.173,0.193,1.2564,0.076,-0.1,0.244,4.0394,-0.063,-0.313,0.192,0.4576,1.1471
acclimated.acute.cold.exposure.resistance.18C.m,Acclimated acute cold exposure resistance 18C,Male,-0.055,-0.179,0.07,0.2423,0.018,-0.161,0.196,1.3623,-0.128,-0.293,0.047,0.0794,0.146,-0.102,0.391,6.9444,0.7686
acclimated.acute.cold.exposure.resistance.25C.f,Acclimated acute cold exposure resistance 25C,Female,0.059,-0.072,0.183,4.4237,0.058,-0.127,0.234,2.7192,0.061,-0.12,0.235,2.9351,-0.002,-0.256,0.247,0.9753,1.5884
acclimated.acute.cold.exposure.resistance.25C.m,Acclimated acute cold exposure resistance 25C,Male,0.113,-0.012,0.236,25.1438,0.045,-0.137,0.225,2.1508,0.181,0.005,0.345,45.9208,-0.136,-0.382,0.114,0.167,2.0754
activity.MPH.m,Activity MPH,Male,0.139,0.01,0.262,56.971,0.085,-0.094,0.26,4.6597,0.193,0.012,0.356,56.3477,-0.107,-0.351,0.143,0.2561,4.3202
activity.m,Activity,Male,0.141,0.013,0.261,60.7761,0.107,-0.075,0.279,7.1218,0.175,-0.007,0.344,32.264,-0.068,-0.314,0.185,0.4288,5.8594
acute.cold.exposure.resistance.18C.-6.f,Acute cold exposure resistance 18C -6,Female,0.078,-0.045,0.198,8.5751,0.079,-0.096,0.248,4.1613,0.079,-0.094,0.245,4.4889,0.001,-0.241,0.238,1.0065,2.275
acute.cold.exposure.resistance.18C.-6.m,Acute cold exposure resistance 18C -6,Male,-0.084,-0.204,0.037,0.0969,-0.09,-0.261,0.085,0.1898,-0.079,-0.244,0.091,0.2263,-0.012,-0.255,0.236,0.8538,2.5065
acute.cold.exposure.resistance.18C.-8.f,Acute cold exposure resistance 18C -8,Female,-0.001,-0.13,0.128,0.9714,-0.031,-0.217,0.156,0.5954,0.029,-0.151,0.207,1.6828,-0.062,-0.317,0.198,0.4777,0.8787
acute.cold.exposure.resistance.18C.-8.m,Acute cold exposure resistance 18C -8,Male,0.004,-0.127,0.132,1.0967,-0.011,-0.193,0.175,0.833,0.019,-0.158,0.193,1.3916,-0.028,-0.282,0.225,0.6878,0.9706
acute.cold.exposure.resistance.25C.f,Acute cold exposure resistance 25C,Female,0.037,-0.089,0.161,2.5383,0.036,-0.145,0.215,1.848,0.04,-0.132,0.212,2.0092,-0.004,-0.254,0.243,0.9486,1.2219
acute.cold.exposure.resistance.25C.m,Acute cold exposure resistance 25C,Male,0.072,-0.054,0.194,6.5579,0.027,-0.152,0.202,1.6084,0.117,-0.063,0.284,9.1523,-0.091,-0.336,0.161,0.3109,1.4609
aggression.2015.m,Aggression,Male,0.034,-0.086,0.15,2.3748,0.025,-0.145,0.193,1.6148,0.042,-0.127,0.205,2.2258,-0.016,-0.251,0.222,0.8016,1.1962
anoxia.tolerance.adult.f,Anoxia tolerance adult,Female,-0.028,-0.155,0.099,0.4959,-0.072,-0.249,0.107,0.2823,0.015,-0.165,0.194,1.2818,-0.087,-0.337,0.17,0.3419,0.8707
anoxia.tolerance.adult.m,Anoxia tolerance adult,Male,0.032,-0.096,0.16,2.1752,-0.008,-0.185,0.173,0.8727,0.072,-0.11,0.247,3.4469,-0.079,-0.33,0.179,0.3717,0.9279
approach.female.m,Approach female,Male,0.029,-0.106,0.165,1.9564,0.012,-0.184,0.208,1.2051,0.048,-0.143,0.237,2.1521,-0.034,-0.307,0.239,0.6754,1.0704
attempted.copulation.frequency.m,Attempted copulation frequency,Male,-0.058,-0.185,0.072,0.2443,-0.165,-0.341,0.027,0.0476,0.048,-0.14,0.232,2.2888,-0.212,-0.466,0.058,0.062,0.4746
basal.activity.f,Basal activity,Female,0.114,-0.024,0.246,17.7354,0.147,-0.047,0.328,13.3113,0.082,-0.112,0.27,3.89,0.064,-0.203,0.329,2.1147,3.0684
basal.activity.m,Basal activity,Male,-0.072,-0.209,0.068,0.18,-0.125,-0.313,0.08,0.1264,-0.021,-0.212,0.176,0.7245,-0.103,-0.377,0.181,0.2978,1.2829
boric.acid.resistance.f,Boric acid resistance,Female,0.13,0.002,0.252,41.7807,0.137,-0.047,0.311,13.4014,0.121,-0.058,0.291,9.9664,0.016,-0.234,0.268,1.2093,5.7585
caffeine.resistance.f,Caffeine resistance,Female,0.034,-0.096,0.166,2.2996,-0.005,-0.19,0.18,0.9169,0.075,-0.111,0.255,3.6189,-0.08,-0.34,0.185,0.3803,0.952
chill.coma.recovery.f,Chill coma recovery,Female,-0.111,-0.237,0.02,0.0528,-0.095,-0.274,0.096,0.1942,-0.128,-0.303,0.054,0.0901,0.034,-0.221,0.292,1.5016,3.5784
chill.coma.recovery.m,Chill coma recovery,Male,-0.093,-0.224,0.04,0.0898,-0.066,-0.252,0.126,0.3342,-0.122,-0.301,0.068,0.1148,0.055,-0.216,0.318,1.9439,2.3124
chill.coma.recovery.variance.f,Chill coma recovery variance,Female,-0.064,-0.193,0.069,0.2057,-0.072,-0.256,0.118,0.2873,-0.055,-0.237,0.129,0.389,-0.017,-0.28,0.248,0.8178,1.6438
chill.coma.recovery.variance.m,Chill coma recovery variance,Male,-0.082,-0.213,0.049,0.1257,-0.042,-0.226,0.147,0.4884,-0.124,-0.304,0.064,0.1083,0.081,-0.183,0.341,2.6731,1.7647
chronic.cold.exposure.resistance.f,Chronic cold exposure resistance,Female,0.047,-0.09,0.181,3.0868,0.066,-0.126,0.25,2.9831,0.029,-0.158,0.215,1.6627,0.037,-0.228,0.296,1.5526,1.2829
chronic.cold.exposure.resistance.m,Chronic cold exposure resistance,Male,0.063,-0.068,0.194,4.7575,0.004,-0.179,0.193,1.0696,0.123,-0.065,0.297,9.1781,-0.118,-0.37,0.147,0.2296,1.0555
circadian.period.chi.f,Circadian period chi,Female,0.018,-0.132,0.166,1.4514,0.075,-0.14,0.281,2.9399,-0.038,-0.238,0.168,0.5523,0.112,-0.186,0.398,3.3632,0.7513
circadian.period.chi.m,Circadian period chi,Male,0.153,0.006,0.29,45.9208,0.194,-0.013,0.384,28.7398,0.113,-0.093,0.306,6.0859,0.081,-0.2,0.362,2.4745,5.0511
circadian.period.mesa.f,Circadian period mesa,Female,0.161,0.016,0.297,67.6695,0.241,0.037,0.42,104.2632,0.083,-0.119,0.276,3.6498,0.158,-0.124,0.43,6.3496,3.5356
circadian.period.mesa.m,Circadian period mesa,Male,0.16,0.025,0.289,106.3826,0.215,0.02,0.393,62.2411,0.109,-0.085,0.286,6.3971,0.106,-0.159,0.369,3.6866,5.8155
circadian.rythmicity.index.f,Circadian rythmicity index,Female,0.122,-0.013,0.245,25.4463,0.138,-0.053,0.316,11.7592,0.106,-0.078,0.282,6.6775,0.031,-0.235,0.289,1.4585,4.3133
circadian.rythmicity.index.m,Circadian rythmicity index,Male,0.085,-0.046,0.215,8.9813,0.086,-0.103,0.269,4.3227,0.085,-0.101,0.267,4.614,-0,-0.258,0.261,0.9983,2.3437
climbing.ability.f,Climbing ability,Female,0.138,-0.031,0.295,18.1617,0.068,-0.171,0.3,2.3684,0.21,-0.025,0.416,24.3566,-0.139,-0.462,0.187,0.2558,2.1959
climbing.ability.m,Climbing ability,Male,0.149,-0.022,0.311,21.567,0.107,-0.143,0.341,3.972,0.196,-0.046,0.411,17.0791,-0.089,-0.418,0.243,0.4382,3.2701
climbing.ability.paraquat.f,Climbing ability paraquat,Female,0.154,-0.013,0.313,27.6738,0.072,-0.17,0.302,2.5134,0.241,0.008,0.442,45.6472,-0.168,-0.489,0.164,0.1907,2.403
climbing.ability.paraquat.m,Climbing ability paraquat,Male,0.147,-0.024,0.304,20.5633,0.035,-0.213,0.274,1.5381,0.261,0.023,0.462,64.5738,-0.225,-0.551,0.11,0.1061,1.5174
climbing.age.decline.high.yeast.f,Climbing age decline high yeast,Female,-0.025,-0.158,0.109,0.5622,-0.004,-0.199,0.188,0.938,-0.045,-0.227,0.141,0.4707,0.04,-0.231,0.303,1.5769,1.0233
climbing.age.decline.low.yeast.f,Climbing age decline low yeast,Female,0.051,-0.085,0.185,3.329,0.012,-0.181,0.205,1.2201,0.092,-0.1,0.275,4.7451,-0.077,-0.347,0.19,0.3979,1.1382
cold.hardiness.f,Cold hardiness,Female,-0.018,-0.158,0.121,0.662,-0.054,-0.248,0.145,0.4263,0.017,-0.179,0.212,1.2877,-0.07,-0.346,0.211,0.4563,0.9037
cold.hardiness.m,Cold hardiness,Male,-0.064,-0.203,0.078,0.2274,-0.088,-0.278,0.113,0.2338,-0.043,-0.236,0.155,0.5226,-0.045,-0.316,0.232,0.6,1.4835
cold.shock.acclimated.old.f,Cold shock acclimated old,Female,-0.03,-0.186,0.13,0.5588,-0.082,-0.297,0.15,0.3255,0.022,-0.2,0.244,1.3385,-0.102,-0.409,0.217,0.355,0.8628
cold.shock.acclimated.old.m,Cold shock acclimated old,Male,-0.009,-0.162,0.143,0.83,-0.189,-0.393,0.036,0.0521,0.17,-0.049,0.371,15.5631,-0.358,-0.648,-0.042,0.0143,0.116
cold.shock.acclimated.young.f,Cold shock acclimated young,Female,-0.093,-0.25,0.068,0.1519,-0.125,-0.341,0.112,0.1799,-0.064,-0.278,0.16,0.4143,-0.061,-0.374,0.26,0.5511,1.8083
cold.shock.acclimated.young.m,Cold shock acclimated young,Male,-0.144,-0.298,0.019,0.0417,-0.204,-0.415,0.034,0.0465,-0.086,-0.301,0.138,0.297,-0.118,-0.432,0.202,0.3045,2.9512
cold.shock.old.f,Cold shock old,Female,-0.176,-0.331,-0.007,0.0203,-0.128,-0.351,0.12,0.184,-0.226,-0.433,0.004,0.0279,0.097,-0.222,0.421,2.5882,4.7414
cold.shock.old.m,Cold shock old,Male,-0.062,-0.227,0.106,0.3163,-0.008,-0.248,0.231,0.9075,-0.117,-0.334,0.113,0.2008,0.108,-0.228,0.436,2.7942,1.0667
cold.shock.young.f,Cold shock young,Female,-0.233,-0.382,-0.067,0.0029,-0.246,-0.453,-0.005,0.0239,-0.224,-0.424,0.007,0.0294,-0.021,-0.329,0.292,0.8079,18.785
cold.shock.young.m,Cold shock young,Male,-0.247,-0.393,-0.089,0.0011,-0.254,-0.455,-0.022,0.0154,-0.245,-0.438,-0.022,0.0163,-0.011,-0.309,0.293,0.8841,31.5075
critical.thermal.max.2020.f,Critical thermal max,Female,0.079,-0.078,0.236,5.0173,-0.129,-0.351,0.108,0.1706,0.289,0.061,0.482,124.9843,-0.415,-0.711,-0.084,0.0071,0.1784
critical.thermal.max.2020.m,Critical thermal max,Male,-0.002,-0.154,0.152,0.9605,-0.166,-0.372,0.062,0.0828,0.16,-0.064,0.37,11.4031,-0.324,-0.62,-0.009,0.0225,0.1693
critical.thermal.min.2020.f,Critical thermal min,Female,0.053,-0.111,0.215,2.8032,-0.04,-0.266,0.194,0.5979,0.149,-0.087,0.364,8.1481,-0.187,-0.499,0.142,0.1499,0.6714
critical.thermal.min.2020.m,Critical thermal min,Male,0.067,-0.094,0.223,3.878,-0.052,-0.279,0.179,0.4981,0.187,-0.047,0.393,16.8372,-0.237,-0.55,0.09,0.0875,0.5415
critical.thermal.min.23C.m,Critical thermal min 23C,Male,-0.011,-0.143,0.12,0.7685,-0.044,-0.223,0.142,0.482,0.022,-0.162,0.206,1.4461,-0.064,-0.324,0.199,0.4534,0.8802
critical.thermal.min.developmental.stability.m,Critical thermal min developmental stability,Male,-0.012,-0.141,0.116,0.7294,0.082,-0.099,0.256,4.2649,-0.107,-0.283,0.076,0.1417,0.187,-0.068,0.435,12.7339,0.3641
critical.thermal.min.plasticity.m,Critical thermal min plasticity,Male,-0.101,-0.228,0.03,0.0694,-0.164,-0.338,0.023,0.046,-0.04,-0.223,0.145,0.5216,-0.123,-0.383,0.135,0.2189,1.8041
critical.thermal.min.plasticity.variation.m,Critical thermal min plasticity variation,Male,-0.126,-0.257,0.008,0.0344,-0.096,-0.281,0.096,0.1992,-0.159,-0.336,0.035,0.0563,0.063,-0.204,0.324,2.0876,3.9573
critical.thermal.min.within.environment.variation.plasticity.m,Critical thermal min within environment variation plasticity,Male,-0.053,-0.178,0.075,0.2606,0.089,-0.095,0.266,4.8587,-0.194,-0.362,-0.012,0.018,0.282,0.027,0.532,66.2269,0.223
day.sleep.SD.f,Day sleep SD,Female,-0.055,-0.184,0.079,0.2661,-0.111,-0.292,0.081,0.144,0.002,-0.179,0.184,1.0292,-0.115,-0.368,0.152,0.2477,0.9787
day.sleep.SD.m,Day sleep SD,Male,-0.162,-0.284,-0.035,0.0067,-0.159,-0.33,0.026,0.0472,-0.167,-0.331,0.009,0.0332,0.009,-0.237,0.258,1.124,12.4604
day.sleep.bout.length.SD.f,Day sleep bout length SD,Female,-0.005,-0.131,0.121,0.8766,-0.194,-0.365,-0.005,0.0226,0.184,0.002,0.349,42.0108,-0.376,-0.619,-0.119,0.0019,0.0464
day.sleep.bout.length.SD.m,Day sleep bout length SD,Male,0.016,-0.116,0.143,1.4566,-0.177,-0.357,0.015,0.0374,0.208,0.019,0.376,61.7451,-0.383,-0.634,-0.114,0.0026,0.0536
day.sleep.bout.length.f,Day sleep bout length,Female,-0.05,-0.177,0.078,0.2856,-0.273,-0.435,-0.084,0.0034,0.173,-0.016,0.345,27.5714,-0.442,-0.683,-0.178,8e-4,0.0397
day.sleep.bout.length.m,Day sleep bout length,Male,0.014,-0.118,0.146,1.3995,-0.169,-0.352,0.031,0.0506,0.197,0.01,0.366,48.2308,-0.365,-0.615,-0.096,0.0043,0.0712
day.sleep.bouts.SD.f,Day sleep bouts SD,Female,-0.053,-0.183,0.075,0.2655,-0.005,-0.193,0.183,0.9231,-0.102,-0.275,0.078,0.1507,0.098,-0.167,0.352,3.3407,1.0608
day.sleep.bouts.SD.m,Day sleep bouts SD,Male,0.041,-0.094,0.17,2.7244,0.016,-0.177,0.206,1.3055,0.067,-0.118,0.245,3.1408,-0.05,-0.316,0.213,0.5478,1.1471
day.sleep.bouts.f,Day sleep bouts,Female,-0.023,-0.155,0.107,0.5703,0.08,-0.116,0.269,3.7904,-0.126,-0.301,0.055,0.0985,0.205,-0.06,0.459,14.5491,0.3532
day.sleep.bouts.m,Day sleep bouts,Male,-0.06,-0.191,0.072,0.2356,0.063,-0.133,0.253,2.7987,-0.184,-0.357,0.004,0.0284,0.244,-0.026,0.507,24.0391,0.3818
day.sleep.f,Day sleep,Female,-0.046,-0.179,0.087,0.3263,-0.133,-0.313,0.066,0.0998,0.039,-0.152,0.224,1.9059,-0.169,-0.432,0.1,0.1239,0.5934
day.sleep.m,Day sleep,Male,0.043,-0.094,0.177,2.7322,-0.095,-0.285,0.104,0.2084,0.18,-0.011,0.353,30.25,-0.273,-0.531,0.001,0.0257,0.2398
deltamethrin.resistance.m,Deltamethrin resistance,Male,-0.018,-0.138,0.107,0.6293,-0.095,-0.262,0.083,0.1683,0.058,-0.116,0.227,2.9293,-0.152,-0.39,0.097,0.1299,0.482
dessication.tolerance.f,Dessication tolerance,Female,0.134,0.009,0.257,57.8235,0.166,-0.019,0.339,24.6,0.104,-0.073,0.272,6.8547,0.064,-0.19,0.31,2.218,5.3927
dessication.tolerance.m,Dessication tolerance,Male,0.054,-0.071,0.178,3.9953,-0.005,-0.183,0.174,0.9256,0.115,-0.06,0.281,8.8522,-0.119,-0.365,0.126,0.2154,0.9403
developmental.acclimation.cold.exposure.f,Developmental acclimation cold exposure,Female,-0.001,-0.13,0.126,0.9639,0.045,-0.14,0.229,2.0882,-0.048,-0.224,0.132,0.4272,0.091,-0.166,0.35,3.091,0.7522
developmental.acclimation.cold.exposure.m,Developmental acclimation cold exposure,Male,-0.084,-0.208,0.04,0.104,-0.041,-0.216,0.14,0.498,-0.13,-0.297,0.048,0.0812,0.089,-0.159,0.336,3.0796,1.7963
drosophila.C.virus.resistance.m,Drosophila C virus resistance,Male,-0.061,-0.199,0.082,0.2531,-0.018,-0.222,0.187,0.7604,-0.102,-0.29,0.092,0.1768,0.083,-0.198,0.368,2.5266,1.2105
egg.adult.development.time.2016.f,Egg adult development time,Female,0.064,-0.06,0.188,5.5067,-0.003,-0.173,0.173,0.9586,0.131,-0.045,0.298,12.7575,-0.133,-0.372,0.114,0.1704,0.9645
egg.adult.development.time.2016.m,Egg adult development time,Male,0.069,-0.058,0.19,5.8729,-0.002,-0.18,0.179,0.9673,0.139,-0.039,0.309,14.5794,-0.139,-0.392,0.114,0.1593,0.9714
ethanol.sensitivity.first.exposure.f,Ethanol sensitivity first exposure,Female,-0.032,-0.156,0.091,0.4488,-0.059,-0.231,0.117,0.3412,-0.005,-0.181,0.17,0.9146,-0.053,-0.301,0.193,0.51,1.0448
ethanol.sensitivity.first.exposure.m,Ethanol sensitivity first exposure,Male,-0.04,-0.162,0.084,0.3535,0.009,-0.164,0.179,1.1695,-0.089,-0.258,0.087,0.1895,0.097,-0.146,0.337,3.5467,0.8989
ethanol.sensitivity.second.exposure.f,Ethanol sensitivity second exposure,Female,-0.074,-0.193,0.05,0.1361,-0.072,-0.238,0.106,0.2634,-0.076,-0.245,0.101,0.2493,0.004,-0.24,0.251,1.0571,2.0784
ethanol.sensitivity.second.exposure.m,Ethanol sensitivity second exposure,Male,-0.068,-0.184,0.051,0.1546,-0.051,-0.217,0.118,0.3801,-0.084,-0.245,0.08,0.1857,0.034,-0.201,0.266,1.5719,1.892
ethanol.tolerance.f,Ethanol tolerance,Female,-0.067,-0.187,0.058,0.1719,-0.028,-0.2,0.145,0.6061,-0.105,-0.275,0.072,0.1348,0.076,-0.17,0.322,2.7106,1.4599
ethanol.tolerance.m,Ethanol tolerance,Male,-0.06,-0.178,0.062,0.1997,-0.087,-0.254,0.087,0.2008,-0.034,-0.2,0.14,0.5423,-0.052,-0.296,0.188,0.4978,1.4923
exercise.induced.activity.f,Exercise induced activity,Female,0.111,-0.03,0.245,15.2767,0.146,-0.055,0.333,11.7694,0.077,-0.122,0.271,3.4346,0.068,-0.212,0.346,2.1256,2.7245
exercise.induced.activity.m,Exercise induced activity,Male,0.009,-0.13,0.149,1.2109,0.002,-0.199,0.203,1.0325,0.015,-0.178,0.211,1.2705,-0.012,-0.291,0.268,0.8751,1.0038
fecundity.f,Fecundity,Female,0.151,0.017,0.28,73.0741,0.19,-0.005,0.368,34.3201,0.114,-0.075,0.29,7.2051,0.078,-0.186,0.342,2.4912,5.979
fertilised.egg.retention.score.f,Fertilised egg retention score,Female,0.066,-0.103,0.232,3.4543,0.014,-0.228,0.25,1.1766,0.12,-0.118,0.344,4.9193,-0.108,-0.436,0.237,0.3665,1.1135
fertility.25C.m,Fertility 25C,Male,0.127,-0.048,0.292,11.5885,0,-0.243,0.246,1.0013,0.257,-0.004,0.474,36.123,-0.254,-0.588,0.099,0.0886,1.0012
fertility.27C.m,Fertility 27C,Male,0.103,-0.074,0.271,6.9523,-0.034,-0.279,0.211,0.6629,0.244,-0.02,0.467,28.7398,-0.276,-0.613,0.077,0.0689,0.6819
fertility.29C.m,Fertility 29C,Male,0.042,-0.106,0.188,2.4453,-0.002,-0.209,0.205,0.9753,0.085,-0.127,0.287,3.6056,-0.086,-0.379,0.216,0.3956,0.986
fertility.thermal.susceptibility.m,Fertility thermal susceptibility,Male,0.001,-0.146,0.145,1.0164,-0.021,-0.22,0.178,0.7241,0.023,-0.192,0.235,1.3981,-0.045,-0.341,0.251,0.623,0.9483
flight.performance.f,Flight performance,Female,0.097,-0.027,0.215,15.7015,0.094,-0.077,0.262,6.0985,0.098,-0.077,0.263,6.4977,-0.005,-0.244,0.239,0.9363,3.2253
flight.performance.m,Flight performance,Male,0.169,0.048,0.285,325.5306,0.191,0.019,0.35,67.0851,0.15,-0.026,0.313,19.6186,0.041,-0.197,0.284,1.7032,15.191
flock.house.virus.resistance.m,Flock house virus resistance,Male,-0.057,-0.179,0.067,0.2389,-0.116,-0.286,0.062,0.1103,0.003,-0.172,0.175,1.0558,-0.118,-0.365,0.13,0.214,0.9575
food.intake.f,Food intake,Female,0.106,-0.03,0.234,15.3767,0.129,-0.062,0.306,10.065,0.084,-0.11,0.264,4.0489,0.046,-0.215,0.307,1.7397,2.9582
food.intake.m,Food intake,Male,0.072,-0.057,0.199,5.9747,0.085,-0.098,0.26,4.5594,0.058,-0.123,0.233,2.7003,0.027,-0.23,0.274,1.4198,1.8336
foraging.survival.m,Foraging survival,Male,0.056,-0.065,0.175,4.4701,0.155,-0.02,0.319,23.5023,-0.041,-0.213,0.132,0.4695,0.196,-0.05,0.433,15.6147,0.502
genital.licking.frequency.m,Genital licking frequency,Male,-0.098,-0.226,0.035,0.0786,-0.059,-0.247,0.133,0.3778,-0.139,-0.314,0.047,0.0775,0.078,-0.186,0.34,2.5834,2.2608
glucose.2015.m,Glucose,Male,0.023,-0.124,0.167,1.6832,-0.042,-0.253,0.169,0.5304,0.09,-0.112,0.287,4.2545,-0.133,-0.421,0.163,0.2337,0.6806
glucose.anexic.m,Glucose anexic,Male,-0.082,-0.232,0.069,0.1675,-0.11,-0.322,0.111,0.1968,-0.053,-0.257,0.155,0.4477,-0.057,-0.354,0.244,0.5631,1.6883
glucose.gnotobiotic.m,Glucose gnotobiotic,Male,-0.053,-0.199,0.095,0.3154,0,-0.217,0.215,1.0043,-0.107,-0.306,0.102,0.1829,0.106,-0.192,0.402,3.0848,0.9971
glucose.high.glucose.diet.m,Glucose high glucose diet,Male,-0.002,-0.147,0.144,0.9637,-0.081,-0.289,0.141,0.3155,0.076,-0.129,0.271,3.2827,-0.153,-0.442,0.143,0.1818,0.5657
glucose.low.glucose.diet.m,Glucose low glucose diet,Male,0.162,0.016,0.297,66.5105,0.117,-0.095,0.311,6.1111,0.208,0.009,0.384,49.7937,-0.092,-0.366,0.185,0.3543,5.461
glucose.medium.glucose.diet.m,Glucose medium glucose diet,Male,0.056,-0.086,0.196,3.5236,-0.028,-0.234,0.181,0.6534,0.141,-0.056,0.327,11.6382,-0.168,-0.448,0.12,0.1419,0.7
glucose.microbiome.effect.m,Glucose microbiome effect,Male,0.041,-0.118,0.199,2.2448,0.062,-0.17,0.287,2.3065,0.021,-0.197,0.238,1.3293,0.04,-0.275,0.355,1.4684,1.1183
glucose.yeast.poor.diet.f,Glucose yeast poor diet,Female,-0.007,-0.132,0.118,0.8465,-0.015,-0.193,0.165,0.7776,0,-0.176,0.174,1.007,-0.015,-0.262,0.237,0.8252,0.9991
glucose.yeast.rich.diet.f,Glucose yeast rich diet,Female,0.007,-0.119,0.132,1.1897,-0.016,-0.195,0.16,0.7498,0.031,-0.145,0.205,1.7248000000000001,-0.049,-0.298,0.206,0.5376,0.9267
glycerol.2015.m,Glycerol,Male,0.014,-0.126,0.156,1.3481,-0.006,-0.214,0.202,0.921,0.034,-0.163,0.228,1.7229,-0.04,-0.326,0.246,0.6446,0.9784
glycerol.high.glucose.diet.m,Glycerol high glucose diet,Male,0.037,-0.108,0.178,2.2553,0.024,-0.183,0.232,1.4057,0.052,-0.148,0.241,2.1994,-0.026,-0.311,0.262,0.7528,1.135
glycerol.low.glucose.diet.m,Glycerol low glucose diet,Male,0.068,-0.074,0.208,4.9369,0.074,-0.13,0.275,3.0744,0.064,-0.134,0.25,2.796,0.013,-0.271,0.296,1.1578,1.6346
glycerol.medium.glucose.diet.m,Glycerol medium glucose diet,Male,0.077,-0.065,0.216,5.9747,0.072,-0.138,0.272,2.9761,0.084,-0.117,0.269,3.9566,-0.012,-0.293,0.272,0.8806,1.8428
glycogen.2015.m,Glycogen,Male,0.062,-0.086,0.205,3.8915,0.015,-0.198,0.226,1.2462,0.11,-0.097,0.304,5.8289,-0.095,-0.383,0.198,0.356,1.1681
glycogen.high.glucose.diet.m,Glycogen high glucose diet,Male,0.057,-0.086,0.198,3.6243,-0.031,-0.242,0.179,0.6235,0.149,-0.056,0.334,11.9032,-0.177,-0.462,0.117,0.1331,0.6723
glycogen.low.glucose.diet.m,Glycogen low glucose diet,Male,0.109,-0.035,0.246,13.3885,0.074,-0.135,0.276,3.0282,0.144,-0.052,0.328,12.4794,-0.072,-0.353,0.209,0.4535,2.5014
glycogen.medium.glucose.diet.m,Glycogen medium glucose diet,Male,0.098,-0.046,0.237,10.0497,0.031,-0.181,0.234,1.5453,0.167,-0.034,0.351,19.5656,-0.135,-0.421,0.147,0.2146,1.4796
gustatory.response.ethanol.f,Gustatory response ethanol,Female,0.03,-0.103,0.159,1.9985,0.051,-0.143,0.239,2.2686,0.006,-0.175,0.19,1.1203,0.045,-0.225,0.313,1.6569,1.045
gustatory.response.ethanol.m,Gustatory response ethanol,Male,0.016,-0.116,0.147,1.4688,-0.004,-0.192,0.185,0.9333,0.036,-0.151,0.22,1.786,-0.04,-0.306,0.233,0.6245,0.9807
gut.permeability.f,Gut permeability,Female,0.011,-0.118,0.139,1.2962,0.083,-0.108,0.263,3.9643,-0.06,-0.236,0.121,0.3416,0.141,-0.12,0.399,5.7883,0.5467
gut.permeability.radiation.f,Gut permeability radiation,Female,0.007,-0.127,0.142,1.1642,-0.034,-0.23,0.164,0.5754,0.048,-0.14,0.229,2.2226,-0.08,-0.349,0.19,0.3895,0.8145
hydrogen.peroxide.resistance.f,Hydrogen peroxide resistance,Female,0.057,-0.07,0.181,4.2305,0.142,-0.038,0.312,16.0032,-0.027,-0.205,0.155,0.6285,0.168,-0.091,0.418,9.2302,0.6649
interocular.distance.f,Interocular distance,Female,-0.002,-0.132,0.128,0.9553,0.049,-0.142,0.237,2.2773,-0.054,-0.233,0.13,0.399,0.103,-0.165,0.363,3.478,0.7131
interocular.distance.m,Interocular distance,Male,0.011,-0.124,0.144,1.2776,0.059,-0.135,0.244,2.6175,-0.037,-0.225,0.149,0.5386,0.097,-0.175,0.359,3.1237,0.7635
isolated.aggression.m,Isolated aggression,Male,0.076,-0.112,0.253,3.7421,0.04,-0.226,0.295,1.5978,0.114,-0.151,0.36,3.887,-0.071,-0.438,0.294,0.5354,1.3147
kallithea.resistance.LT50.f,Kallithea resistance LT50,Female,-0.039,-0.184,0.109,0.4395,-0.016,-0.221,0.19,0.7754,-0.059,-0.264,0.152,0.4098,0.042,-0.251,0.334,1.5457,1.1118
kallithea.resistance.LT50.m,Kallithea resistance LT50,Male,-0.032,-0.185,0.118,0.5153,-0.061,-0.269,0.153,0.4073,-0.003,-0.217,0.21,0.946,-0.059,-0.352,0.244,0.5507,1.0236
kallithea.viral.load.f,Kallithea viral load,Female,0.019,-0.129,0.166,1.4918,0.047,-0.165,0.257,1.9957,-0.008,-0.217,0.2,0.8852,0.054,-0.242,0.351,1.7667,0.9603
kujin.virus.resistance.f,Kujin virus resistance,Female,-0.126,-0.298,0.057,0.0946,-0.153,-0.4,0.125,0.1606,-0.103,-0.335,0.147,0.2574,-0.051,-0.401,0.314,0.6476,2.4914
lead.effect.development.time.f,Lead effect development time,Female,0.023,-0.102,0.147,1.7826,0.019,-0.155,0.192,1.397,0.028,-0.145,0.199,1.672,-0.01,-0.254,0.236,0.8742,1.0869
lead.effect.development.time.m,Lead effect development time,Male,0.019,-0.102,0.143,1.6217,0.001,-0.172,0.173,1.0164,0.039,-0.138,0.215,1.9851,-0.038,-0.281,0.212,0.6189,1.0054
lead.effect.locomotor.activity.f,Lead effect locomotor activity,Female,-0.071,-0.191,0.053,0.1427,-0.127,-0.292,0.046,0.0798,-0.016,-0.186,0.157,0.7475,-0.111,-0.355,0.134,0.2277,1.2808
lead.effect.locomotor.activity.m,Lead effect locomotor activity,Male,0.026,-0.094,0.148,1.9751,0.145,-0.032,0.308,17.8902,-0.091,-0.259,0.082,0.1804,0.234,-0.01,0.476,33.188,0.2339
lead.egg.adult.development.time.2016.f,Lead egg adult development time,Female,0.035,-0.09,0.158,2.4957,0.007,-0.168,0.177,1.1231,0.065,-0.112,0.24,3.2072,-0.058,-0.304,0.186,0.4668,1.0628
lead.egg.adult.development.time.2016.m,Lead egg adult development time,Male,0.046,-0.076,0.167,3.4407,-0.004,-0.175,0.171,0.9356,0.096,-0.08,0.263,6.0237,-0.099,-0.339,0.149,0.2814,0.9535
lead.locomotor.activity.2016.f,Lead locomotor activity,Female,0.037,-0.101,0.171,2.3202,0.087,-0.108,0.276,4.3458,-0.015,-0.205,0.178,0.7907,0.102,-0.169,0.373,3.2849,0.8637
lead.locomotor.activity.2016.m,Lead locomotor activity,Male,0.025,-0.109,0.157,1.7624,0.02,-0.168,0.21,1.3938,0.03,-0.158,0.218,1.6455,-0.009,-0.274,0.256,0.8993,1.0836
lifespan.18C.f,Lifespan 18C,Female,0.002,-0.122,0.125,1.0487,-0.111,-0.286,0.068,0.1289,0.115,-0.062,0.283,9.296,-0.225,-0.462,0.027,0.0408,0.2332
lifespan.18C.m,Lifespan 18C,Male,-0.009,-0.132,0.113,0.7963,-0.11,-0.282,0.067,0.1305,0.092,-0.08,0.257,5.5762,-0.2,-0.44,0.045,0.0569,0.3027
lifespan.2019.f,Lifespan,Female,0.008,-0.114,0.129,1.2356,-0.021,-0.194,0.146,0.6651,0.039,-0.133,0.207,2.0155,-0.06,-0.301,0.183,0.4518,0.8731
lifespan.25C.2014.f,Lifespan 25C,Female,0.055,-0.074,0.179,3.9307,0.041,-0.143,0.221,1.9493,0.07,-0.109,0.24,3.5083,-0.029,-0.28,0.224,0.6912,1.4363
lifespan.25C.2015.f,Lifespan 25C,Female,-0.049,-0.172,0.077,0.2859,-0.131,-0.3,0.05,0.0822,0.033,-0.146,0.209,1.752,-0.162,-0.407,0.091,0.1153,0.6237
lifespan.25C.2020.f,Lifespan 25C,Female,0.037,-0.086,0.161,2.5762,-0.054,-0.232,0.125,0.3773,0.131,-0.046,0.295,12.9738,-0.185,-0.425,0.068,0.0825,0.4415
lifespan.25C.2020.m,Lifespan 25C,Male,0.064,-0.061,0.184,5.4516,-0.026,-0.203,0.153,0.64,0.154,-0.021,0.315,23.3161,-0.179,-0.424,0.072,0.0883,0.6647
lifespan.25C.high.yeast.f,Lifespan 25C high yeast,Female,0.099,-0.032,0.223,13.3498,0.027,-0.16,0.21,1.5765,0.171,-0.011,0.338,30.3112,-0.143,-0.394,0.112,0.1552,1.5299
lifespan.25C.low.yeast.f,Lifespan 25C low yeast,Female,-0.033,-0.163,0.096,0.4522,-0.07,-0.253,0.12,0.312,0.002,-0.179,0.183,1.0419,-0.072,-0.33,0.193,0.4253,0.9787
lifespan.28C.f,Lifespan 28C,Female,0.058,-0.067,0.183,4.5517,-0.019,-0.2,0.162,0.711,0.136,-0.038,0.3,15.0966,-0.157,-0.4,0.095,0.1263,0.7423
lifespan.28C.m,Lifespan 28C,Male,0.112,-0.012,0.23,24.0784,-0.033,-0.213,0.145,0.5602,0.258,0.083,0.415,456.1429,-0.291,-0.53,-0.045,0.0109,0.5617
lifespan.following.diapause.2019.f,Lifespan following diapause,Female,-0.054,-0.174,0.069,0.2413,-0.007,-0.179,0.17,0.8768,-0.102,-0.269,0.076,0.145,0.095,-0.153,0.341,3.4334,1.1031
lifespan.high.sugar.diet.f,Lifespan high sugar diet,Female,0.071,-0.053,0.19,6.5865,0.045,-0.124,0.216,2.3174,0.096,-0.08,0.261,6.1492000000000004,-0.049,-0.287,0.193,0.5283,1.8012
lifetime.fecundity.25C.f,Lifetime fecundity 25C,Female,0.197,0.068,0.316,799,0.28,0.097,0.438,570.4286,0.116,-0.066,0.283,8.4062,0.163,-0.088,0.406,9.1394,8.2859
locomotor.activity.2016.f,Locomotor activity,Female,0.046,-0.09,0.179,2.9139,0.057,-0.135,0.242,2.5923,0.035,-0.155,0.224,1.7715,0.022,-0.248,0.288,1.2864,1.2815
locomotor.activity.2016.m,Locomotor activity,Male,-0.029,-0.157,0.102,0.506,-0.074,-0.251,0.113,0.2758,0.018,-0.17,0.201,1.3091,-0.09,-0.346,0.174,0.3306,0.8588
locomotor.activity.m,Locomotor activity,Male,0.082,-0.038,0.202,9.6171,-0.016,-0.187,0.158,0.7619,0.181,0.008,0.341,47.048,-0.195,-0.436,0.05,0.0638,0.7707
locomotor.frequency.f,Locomotor frequency,Female,0.254,0.071,0.413,346.8261,0.192,-0.088,0.432,10.2439,0.324,0.075,0.517,162.2653,-0.13,-0.47,0.207,0.296,9.6414
malathion.mortality.12hr.f,Malathion mortality 12hr,Female,-0.058,-0.183,0.07,0.2315,-0.076,-0.248,0.104,0.2523,-0.041,-0.217,0.141,0.5002,-0.035,-0.286,0.216,0.6456,1.4966
malathion.mortality.12hr.m,Malathion mortality 12hr,Male,-0.068,-0.192,0.059,0.1718,-0.095,-0.266,0.085,0.1685,-0.041,-0.214,0.135,0.4849,-0.054,-0.299,0.194,0.5039,1.6555
malathion.mortality.24hr.f,Malathion mortality 24hr,Female,-0.003,-0.124,0.119,0.9385,-0.028,-0.199,0.146,0.5987,0.022,-0.152,0.194,1.468,-0.051,-0.291,0.197,0.5242,0.9091
malathion.mortality.24hr.m,Malathion mortality 24hr,Male,-0.033,-0.156,0.09,0.426,-0.063,-0.237,0.112,0.3224,-0.003,-0.175,0.168,0.9441,-0.061,-0.308,0.189,0.4752,1.0299
malathion.mortality.3hr.f,Malathion mortality 3hr,Female,-0.085,-0.208,0.042,0.0999,-0.112,-0.284,0.064,0.1217,-0.059,-0.235,0.124,0.354,-0.053,-0.303,0.197,0.5032,2.1928
malathion.mortality.3hr.m,Malathion mortality 3hr,Male,-0.033,-0.157,0.091,0.4396,-0.075,-0.248,0.101,0.2556,0.01,-0.163,0.181,1.1903,-0.085,-0.33,0.163,0.338,0.902
malathion.mortality.6hr.f,Malathion mortality 6hr,Female,-0.038,-0.161,0.087,0.3765,-0.067,-0.234,0.109,0.2888,-0.009,-0.188,0.17,0.8501,-0.056,-0.302,0.192,0.482,1.0936
malathion.mortality.6hr.m,Malathion mortality 6hr,Male,-0.008,-0.134,0.117,0.8234,-0.038,-0.212,0.142,0.5206,0.022,-0.157,0.198,1.4806,-0.059,-0.305,0.196,0.479,0.8849
mass.yeast.poor.diet.f,Mass yeast poor diet,Female,-0.08,-0.202,0.046,0.1175,-0.078,-0.251,0.1,0.2457,-0.083,-0.251,0.094,0.2133,0.004,-0.241,0.249,1.0568,2.2927
mass.yeast.rich.diet.f,Mass yeast rich diet,Female,-0.059,-0.181,0.068,0.218,-0.076,-0.25,0.107,0.2611,-0.041,-0.212,0.132,0.476,-0.032,-0.276,0.214,0.6604,1.5252
mating.latency.2015.m,Mating latency,Male,-0.165,-0.29,-0.036,0.0062,-0.014,-0.206,0.174,0.7805,-0.317,-0.47,-0.144,5e-4,0.299,0.05,0.547,96.561,1.2808
micro.environmental.plasticity.lifespan.18C.f,Micro environmental plasticity lifespan 18C,Female,0.068,-0.059,0.192,5.7397,0.014,-0.166,0.191,1.2567,0.123,-0.053,0.294,10.611,-0.11,-0.355,0.143,0.2474,1.2079
micro.environmental.plasticity.lifespan.18C.m,Micro environmental plasticity lifespan 18C,Male,0.054,-0.072,0.178,3.893,0.059,-0.123,0.239,2.7322,0.05,-0.129,0.224,2.432,0.008,-0.243,0.265,1.0984,1.4803
micro.environmental.plasticity.lifespan.25C.f,Micro environmental plasticity lifespan 25C,Female,0.088,-0.034,0.208,11.4611,-0.015,-0.191,0.163,0.7629,0.191,0.019,0.351,63,-0.206,-0.441,0.04,0.0529,0.7694
micro.environmental.plasticity.lifespan.25C.m,Micro environmental plasticity lifespan 25C,Male,0.087,-0.034,0.208,11.6283,-0.024,-0.201,0.154,0.6537,0.202,0.03,0.357,93.1176,-0.224,-0.461,0.019,0.0377,0.6599
micro.environmental.plasticity.lifespan.28C.f,Micro environmental plasticity lifespan 28C,Female,0.064,-0.06,0.186,5.4516,-0.017,-0.194,0.161,0.7342,0.146,-0.031,0.31,19.2532,-0.162,-0.405,0.087,0.1055,0.7573
micro.environmental.plasticity.lifespan.28C.m,Micro environmental plasticity lifespan 28C,Male,0.009,-0.115,0.133,1.2481,-0.027,-0.202,0.149,0.6237,0.044,-0.13,0.215,2.2038,-0.071,-0.312,0.177,0.4024,0.8398
negative.geotaxis.f,Negative geotaxis,Female,0.113,-0.014,0.235,23.6914,0.101,-0.082,0.273,6.3026,0.126,-0.05,0.294,11.2324,-0.027,-0.274,0.226,0.7188,4.0943
negative.geotaxis.m,Negative geotaxis,Male,0.036,-0.089,0.159,2.525,0.044,-0.139,0.221,2.1627,0.029,-0.143,0.199,1.6756,0.013,-0.23,0.262,1.2054,1.2046
negative.geotaxis.msb.f,Negative geotaxis msb,Female,0.169,0.043,0.288,204.1282,0.156,-0.024,0.324,20.0526,0.184,0.011,0.348,50.2821,-0.029,-0.273,0.214,0.6814,14.3498
negative.geotaxis.msb.m,Negative geotaxis msb,Male,0.129,0.002,0.253,41.1053,0.099,-0.086,0.275,5.9444,0.159,-0.016,0.325,26.3973,-0.06,-0.31,0.19,0.4692,4.8828
negative.geotaxis.sensitivity.msb.f,Negative geotaxis sensitivity msb,Female,-0.054,-0.178,0.073,0.248,-0.052,-0.227,0.127,0.4033,-0.056,-0.226,0.117,0.3655,0.004,-0.245,0.25,1.0481,1.4925
negative.geotaxis.sensitivity.msb.m,Negative geotaxis sensitivity msb,Male,-0.099,-0.218,0.028,0.0655,-0.055,-0.232,0.123,0.3709,-0.142,-0.306,0.035,0.0621,0.086,-0.163,0.332,3.0661,2.3627
night.sleep.SD.f,Night sleep SD,Female,-0.029,-0.157,0.103,0.5019,0.033,-0.154,0.217,1.7304,-0.09,-0.266,0.09,0.2022,0.122,-0.139,0.377,4.6219,0.6985
night.sleep.SD.m,Night sleep SD,Male,-0.139,-0.265,-0.005,0.0213,-0.116,-0.293,0.073,0.1331,-0.162,-0.335,0.022,0.0452,0.046,-0.211,0.303,1.7383,5.6432
night.sleep.bout.length.SD.f,Night sleep bout length SD,Female,0.079,-0.053,0.209,7.1301,0.031,-0.164,0.217,1.6627,0.129,-0.056,0.304,10.7994,-0.1,-0.36,0.163,0.2963,1.5211
night.sleep.bout.length.SD.m,Night sleep bout length SD,Male,0.098,-0.035,0.227,12.2122,0.03,-0.162,0.22,1.6377,0.166,-0.019,0.34,24.4777,-0.135,-0.396,0.131,0.1877,1.5732
night.sleep.bout.length.f,Night sleep bout length,Female,0.019,-0.115,0.151,1.5882,-0.07,-0.257,0.118,0.3087,0.109,-0.076,0.283,6.9562,-0.178,-0.434,0.089,0.1018,0.4332
night.sleep.bout.length.m,Night sleep bout length,Male,0.088,-0.045,0.221,9.0756,0.02,-0.174,0.213,1.3746,0.158,-0.032,0.336,19.2788,-0.137,-0.403,0.135,0.191,1.3315
night.sleep.bouts.SD.f,Night sleep bouts SD,Female,0.087,-0.042,0.21,9.8992,0.162,-0.025,0.333,21.8245,0.012,-0.166,0.187,1.2378,0.15,-0.105,0.396,6.9247,1.2147
night.sleep.bouts.SD.m,Night sleep bouts SD,Male,-0.063,-0.188,0.064,0.2048,0.026,-0.16,0.21,1.5466,-0.153,-0.32,0.027,0.051,0.178,-0.083,0.43,9.877,0.6753
night.sleep.bouts.f,Night sleep bouts,Female,0.005,-0.129,0.142,1.124,0.036,-0.157,0.228,1.772,-0.025,-0.208,0.163,0.6616,0.061,-0.209,0.327,2.0326,0.8927
night.sleep.bouts.m,Night sleep bouts,Male,-0.096,-0.226,0.041,0.0913,-0.028,-0.217,0.17,0.6307,-0.164,-0.339,0.026,0.0465,0.134,-0.135,0.401,5.1491,1.5201
night.sleep.f,Night sleep,Female,0.051,-0.079,0.18,3.3537,-0.032,-0.222,0.161,0.6005,0.133,-0.05,0.309,11.432,-0.163,-0.425,0.103,0.1291,0.6536
night.sleep.m,Night sleep,Male,0.098,-0.037,0.228,12.7575,0.062,-0.129,0.247,2.8177,0.136,-0.049,0.308,12.6519,-0.074,-0.333,0.187,0.4063,2.3691
olfactory.response.1-hexanol.f,Olfactory response 1-hexanol,Female,0.069,-0.059,0.193,5.7682,0.028,-0.155,0.208,1.6127,0.111,-0.069,0.279,7.796,-0.082,-0.33,0.171,0.3549,1.4425
olfactory.response.1-hexanol.m,Olfactory response 1-hexanol,Male,0.092,-0.035,0.213,12.1471,0.063,-0.119,0.237,3.0272,0.122,-0.052,0.288,10.2835,-0.058,-0.304,0.187,0.4749,2.4139
olfactory.response.2-heptanone.f,Olfactory response 2-heptanone,Female,0.03,-0.094,0.154,2.1683,0.006,-0.172,0.182,1.12,0.055,-0.119,0.227,2.6397,-0.048,-0.298,0.201,0.5472,1.0524
olfactory.response.2-heptanone.m,Olfactory response 2-heptanone,Male,0.098,-0.028,0.221,15.8067,0.053,-0.123,0.228,2.5556,0.143,-0.033,0.305,17.3697,-0.089,-0.329,0.157,0.314,2.278
olfactory.response.2-phenyl.ethyl.alcohol.f,Olfactory response 2-phenyl ethyl alcohol,Female,-0.118,-0.238,0.006,0.0316,-0.069,-0.244,0.114,0.298,-0.168,-0.33,0.004,0.0281,0.098,-0.145,0.341,3.5898,3.0922
olfactory.response.2-phenyl.ethyl.alcohol.m,Olfactory response 2-phenyl ethyl alcohol,Male,0.037,-0.089,0.16,2.5211,0.091,-0.089,0.262,5.3241,-0.016,-0.193,0.161,0.7427,0.108,-0.147,0.355,3.9767,0.8166
olfactory.response.D-carvone.f,Olfactory response D-carvone,Female,-0.045,-0.167,0.076,0.3064,0.038,-0.137,0.214,1.9734,-0.131,-0.296,0.044,0.0757,0.169,-0.081,0.411,9.4712,0.5609
olfactory.response.D-carvone.m,Olfactory response D-carvone,Male,-0.122,-0.243,0.001,0.0276,-0.085,-0.257,0.097,0.2111,-0.159,-0.322,0.013,0.0353,0.076,-0.171,0.322,2.6224,4.088
olfactory.response.L-carvone.f,Olfactory response L-carvone,Female,-0.061,-0.184,0.063,0.2084,-0.025,-0.197,0.156,0.6515,-0.099,-0.269,0.076,0.1582,0.073,-0.174,0.324,2.602,1.3623
olfactory.response.L-carvone.m,Olfactory response L-carvone,Male,-0.048,-0.173,0.081,0.3054,-0.04,-0.216,0.141,0.5114,-0.055,-0.226,0.122,0.3678,0.014,-0.232,0.268,1.199,1.3513
olfactory.response.acetophenone.f,Olfactory response acetophenone,Female,-0.037,-0.158,0.089,0.3888,-0.03,-0.203,0.149,0.5881,-0.044,-0.211,0.131,0.4543,0.013,-0.234,0.26,1.1807,1.2157
olfactory.response.acetophenone.m,Olfactory response acetophenone,Male,-0.033,-0.16,0.093,0.4265,0.039,-0.145,0.219,1.9751,-0.107,-0.278,0.07,0.1318,0.146,-0.112,0.398,6.6665,0.5982
olfactory.response.benzaldehyde.2013.f,Olfactory response benzaldehyde,Female,-0.064,-0.195,0.072,0.2099,-0.156,-0.336,0.035,0.0592,0.029,-0.158,0.211,1.5844,-0.184,-0.443,0.082,0.0976,0.6655
olfactory.response.benzaldehyde.2013.m,Olfactory response benzaldehyde,Male,0.001,-0.13,0.134,1.031,-0.101,-0.286,0.093,0.1819,0.104,-0.083,0.281,6.1016,-0.205,-0.466,0.064,0.075,0.3357
olfactory.response.benzaldehyde.2015.f,Olfactory response benzaldehyde,Female,-0.002,-0.127,0.123,0.9443,0.022,-0.16,0.204,1.473,-0.026,-0.2,0.149,0.6278,0.048,-0.206,0.297,1.873,0.9162
olfactory.response.benzaldehyde.2015.m,Olfactory response benzaldehyde,Male,0.019,-0.108,0.147,1.605,0.013,-0.173,0.195,1.2381,0.027,-0.151,0.202,1.6174,-0.014,-0.266,0.243,0.844,1.0515
olfactory.response.citral.f,Olfactory response citral,Female,-0.064,-0.188,0.062,0.1895,-0.082,-0.259,0.101,0.2246,-0.044,-0.214,0.128,0.4547,-0.036,-0.287,0.209,0.6254,1.6224
olfactory.response.citral.m,Olfactory response citral,Male,-0.003,-0.125,0.122,0.93,-0.013,-0.19,0.163,0.7784,0.011,-0.164,0.182,1.2081,-0.025,-0.272,0.225,0.7217,0.9768
olfactory.response.ethanol.f,Olfactory response ethanol,Female,-0.049,-0.177,0.078,0.3053,-0.044,-0.229,0.141,0.4771,-0.055,-0.233,0.125,0.3811,0.01,-0.243,0.27,1.1212,1.3771
olfactory.response.ethanol.m,Olfactory response ethanol,Male,-0.04,-0.17,0.091,0.3799,-0.12,-0.302,0.067,0.1169,0.041,-0.145,0.222,1.9812,-0.16,-0.42,0.1,0.135,0.587
olfactory.response.ethylacetate.f,Olfactory response ethylacetate,Female,-0.101,-0.223,0.024,0.0603,-0.052,-0.228,0.124,0.3979,-0.15,-0.312,0.025,0.0508,0.096,-0.147,0.34,3.4556,2.2737
olfactory.response.ethylacetate.m,Olfactory response ethylacetate,Male,-0.175,-0.291,-0.051,0.0028,-0.143,-0.31,0.034,0.0597,-0.209,-0.367,-0.033,0.0103,0.066,-0.178,0.305,2.397,14.2873
olfactory.response.ethylbutyrate.f,Olfactory response ethylbutyrate,Female,0.016,-0.11,0.141,1.5498,0.005,-0.171,0.181,1.088,0.028,-0.146,0.202,1.6627,-0.024,-0.266,0.224,0.7386,1.0212
olfactory.response.ethylbutyrate.m,Olfactory response ethylbutyrate,Male,0.065,-0.058,0.189,6.0022,0.042,-0.132,0.213,2.1171,0.091,-0.083,0.261,5.5413,-0.05,-0.292,0.201,0.5229,1.6624
olfactory.response.eugenol.f,Olfactory response eugenol,Female,0.046,-0.081,0.17,3.2239,0.042,-0.139,0.224,2.0564,0.048,-0.122,0.221,2.4254,-0.008,-0.258,0.242,0.9077,1.336
olfactory.response.eugenol.m,Olfactory response eugenol,Male,-0.016,-0.136,0.11,0.6688,0.016,-0.162,0.189,1.3232,-0.046,-0.216,0.125,0.432,0.062,-0.182,0.306,2.2213,0.8954
olfactory.response.heliol.f,Olfactory response heliol,Female,-0.017,-0.139,0.106,0.6548,0.065,-0.11,0.239,3.2384,-0.1,-0.266,0.075,0.1536,0.162,-0.082,0.408,9.4439,0.4414
olfactory.response.heliol.m,Olfactory response heliol,Male,0.033,-0.098,0.159,2.2141,0.111,-0.078,0.285,7.3117,-0.047,-0.221,0.134,0.4511,0.156,-0.101,0.404,7.63,0.5537
olfactory.response.hexal.f,Olfactory response hexal,Female,-0.02,-0.143,0.104,0.6077,-0.034,-0.207,0.142,0.5463,-0.005,-0.176,0.166,0.91,-0.028,-0.27,0.213,0.6929,1.028
olfactory.response.hexal.m,Olfactory response hexal,Male,0.015,-0.108,0.141,1.4772,0.031,-0.143,0.204,1.7346,-0,-0.171,0.174,0.996,0.032,-0.214,0.273,1.5047,0.9989
olfactory.response.methylSalicylate.f,Olfactory response methylSalicylate,Female,-0.071,-0.192,0.054,0.1582,-0.052,-0.225,0.126,0.399,-0.09,-0.258,0.09,0.1914,0.036,-0.215,0.283,1.6033,1.8233
olfactory.response.methylSalicylate.m,Olfactory response methylSalicylate,Male,0.003,-0.122,0.126,1.0777,0.072,-0.112,0.244,3.5662,-0.065,-0.238,0.112,0.308,0.136,-0.118,0.383,5.8788,0.5417
orient.towards.female.m,Orient towards female,Male,-0.075,-0.202,0.056,0.1511,-0.015,-0.2,0.175,0.7941,-0.136,-0.308,0.05,0.08,0.122,-0.144,0.378,4.2493,1.2167
ovariole.asymmetry.f,Ovariole asymmetry,Female,-0.068,-0.19,0.058,0.1699,-0.045,-0.219,0.132,0.444,-0.089,-0.261,0.09,0.1907,0.043,-0.205,0.289,1.7706,1.7088
ovariole.number.f,Ovariole number,Female,0.11,-0.013,0.229,24.1969,0.032,-0.141,0.203,1.7879,0.191,0.017,0.35,63.257,-0.157,-0.396,0.088,0.11,1.7542
paraquat.resistance.2021.f,Paraquat resistance,Female,0.138,-0.034,0.294,16.1123,0.027,-0.22,0.268,1.4046,0.251,0.013,0.451,49.3145,-0.22,-0.543,0.113,0.1073,1.3854
paraquat.resistance.2021.m,Paraquat resistance,Male,-0.037,-0.199,0.126,0.4928,-0.215,-0.428,0.027,0.0433,0.14,-0.1,0.356,7.0931,-0.352,-0.662,-0.014,0.0209,0.1832
paraquat.resistance.f,Paraquat resistance,Female,0.034,-0.097,0.163,2.3452,-0.015,-0.204,0.173,0.7811,0.085,-0.098,0.258,4.5402,-0.098,-0.358,0.159,0.2936,0.8544
paraquat.resistance.m,Paraquat resistance,Male,0.01,-0.12,0.138,1.25,0.001,-0.189,0.19,1.0164,0.018,-0.162,0.199,1.3478,-0.017,-0.28,0.245,0.8126,1.0024
parathion.resistance.m,Parathion resistance,Male,0.153,0.026,0.272,111.6761,0.174,-0.003,0.34,34.8744,0.132,-0.045,0.3,12.913,0.043,-0.202,0.286,1.7393,9.4446
permethrin.knockdown.f,Permethrin knockdown,Female,-0.065,-0.188,0.059,0.1777,-0.066,-0.237,0.112,0.3036,-0.066,-0.237,0.113,0.299,0,-0.245,0.25,1.002,1.8102
permethrin.knockdown.m,Permethrin knockdown,Male,-0.07,-0.192,0.055,0.1578,-0.112,-0.278,0.066,0.1215,-0.03,-0.201,0.148,0.6051,-0.083,-0.328,0.171,0.341,1.4773
permethrin.mortality.24hr.f,Permethrin mortality 24hr,Female,-0.079,-0.202,0.049,0.1269,-0.082,-0.257,0.099,0.2247,-0.076,-0.249,0.102,0.2517,-0.007,-0.257,0.243,0.9187,2.2178
permethrin.mortality.24hr.m,Permethrin mortality 24hr,Male,-0.112,-0.233,0.012,0.0377,-0.161,-0.327,0.014,0.0376,-0.065,-0.239,0.11,0.2937,-0.095,-0.334,0.152,0.2856,3.052
phototaxis.mid.age.f,Phototaxis mid age,Female,0.168,0.044,0.286,224.3521,0.131,-0.052,0.303,12.0293,0.207,0.034,0.365,97.7654,-0.076,-0.315,0.171,0.3669,10.7205
phototaxis.mid.age.m,Phototaxis mid age,Male,0.042,-0.082,0.164,2.8204,0.12,-0.062,0.292,9.1911,-0.037,-0.208,0.136,0.5049,0.157,-0.094,0.4,8.2807,0.5817
phototaxis.old.f,Phototaxis old,Female,0.111,-0.012,0.23,24.9319,0.117,-0.062,0.284,9.2433,0.107,-0.068,0.27,7.6768,0.011,-0.239,0.254,1.1468,4.2529
phototaxis.old.m,Phototaxis old,Male,0.004,-0.121,0.126,1.1156,0.04,-0.139,0.216,1.9873,-0.031,-0.205,0.144,0.5759,0.071,-0.18,0.321,2.446,0.8366
phototaxis.young.f,Phototaxis young,Female,0.049,-0.075,0.17,3.5287,-0.018,-0.192,0.156,0.7227,0.118,-0.058,0.283,9.6525,-0.135,-0.375,0.111,0.1579,0.7687
phototaxis.young.m,Phototaxis young,Male,0.033,-0.097,0.156,2.262,-0.038,-0.219,0.143,0.5144,0.104,-0.077,0.274,6.7146,-0.141,-0.39,0.113,0.1595,0.6162
posterior.lobe.shape.PC1.m,Posterior lobe shape PC1,Male,-0.069,-0.197,0.06,0.1738,-0.161,-0.335,0.033,0.0533,0.021,-0.162,0.204,1.4301,-0.181,-0.435,0.087,0.0968,0.7255
posterior.lobe.shape.PC2.m,Posterior lobe shape PC2,Male,-0.008,-0.146,0.133,0.8203,0.015,-0.184,0.213,1.2535,-0.032,-0.222,0.162,0.5831,0.045,-0.232,0.32,1.6855,0.9424
posterior.lobe.size.m,Posterior lobe size,Male,0.018,-0.112,0.149,1.5257,0.06,-0.13,0.246,2.7192,-0.023,-0.205,0.158,0.675,0.084,-0.178,0.341,2.7612,0.8354
protein.2015.m,Protein,Male,-0.038,-0.181,0.105,0.4356,0.025,-0.182,0.23,1.4454,-0.101,-0.295,0.098,0.1871,0.125,-0.161,0.413,4.0537,0.7782
protein.anexic.m,Protein anexic,Male,-0.134,-0.306,0.051,0.086,-0.184,-0.431,0.099,0.1085,-0.088,-0.316,0.156,0.3174,-0.093,-0.444,0.267,0.4301,2.4288
protein.gnotobiotic.m,Protein gnotobiotic,Male,-0.188,-0.349,-0.011,0.0185,-0.284,-0.502,-0.014,0.0197,-0.095,-0.317,0.144,0.2812,-0.187,-0.514,0.164,0.1722,3.3415
protein.high.glucose.diet.m,Protein high glucose diet,Male,-0.009,-0.15,0.134,0.8124,0.055,-0.155,0.258,2.262,-0.073,-0.264,0.124,0.3069,0.126,-0.162,0.407,4.1086,0.6595
protein.low.glucose.diet.m,Protein low glucose diet,Male,-0.023,-0.162,0.115,0.5998,-0.033,-0.231,0.172,0.6129,-0.014,-0.204,0.175,0.7853,-0.018,-0.293,0.259,0.8155,1.0594
protein.medium.glucose.diet.m,Protein medium glucose diet,Male,-0.01,-0.146,0.129,0.7917,0.015,-0.19,0.213,1.2577,-0.035,-0.223,0.156,0.5598,0.05,-0.225,0.325,1.7525,0.9376
radiation.resistance.m,Radiation resistance,Male,0.022,-0.111,0.153,1.6508,-0.005,-0.194,0.186,0.92490000000000006,0.048,-0.136,0.233,2.252,-0.052,-0.318,0.212,0.5293,0.9704
rapid.cold.hardening.18C.f,Rapid cold hardening 18C,Female,0.024,-0.104,0.15,1.7691,0.036,-0.151,0.22,1.8334,0.011,-0.162,0.186,1.2167,0.023,-0.237,0.281,1.3344,1.0592
rapid.cold.hardening.18C.m,Rapid cold hardening 18C,Male,-0.032,-0.162,0.099,0.468,0.02,-0.17,0.204,1.3735,-0.085,-0.257,0.097,0.2255,0.1,-0.159,0.358,3.5364,0.8191
rapid.cold.hardening.25C.f,Rapid cold hardening 25C,Female,0.016,-0.111,0.141,1.5023,0.028,-0.153,0.202,1.5953,0.005,-0.168,0.176,1.1028,0.023,-0.229,0.265,1.3108,1.0227
rapid.cold.hardening.25C.m,Rapid cold hardening 25C,Male,0.017,-0.107,0.144,1.5453,0.009,-0.169,0.183,1.1701,0.028,-0.15,0.201,1.6161,-0.017,-0.266,0.229,0.8089,1.0376
rapid.cold.hardening.old.f,Rapid cold hardening old,Female,0.082,-0.082,0.237,5.0652,-0.014,-0.245,0.219,0.8315,0.176,-0.049,0.382,14.311,-0.187,-0.5,0.14,0.1442,0.8519
rapid.cold.hardening.old.m,Rapid cold hardening old,Male,0.042,-0.113,0.195,2.3452,-0.177,-0.39,0.064,0.0781,0.262,0.036,0.453,84.5615,-0.435,-0.73,-0.109,0.0052,0.0898
rapid.cold.hardening.young.f,Rapid cold hardening young,Female,0.115,-0.044,0.27,11.4031,0.097,-0.137,0.317,3.7059,0.136,-0.091,0.345,7.377,-0.039,-0.356,0.279,0.6677,2.5569
rapid.cold.hardening.young.m,Rapid cold hardening young,Male,0.121,-0.038,0.273,13.4274,0.083,-0.145,0.302,3.0868,0.162,-0.062,0.364,11.5589,-0.079,-0.386,0.236,0.452,2.5045
sigma.virus.sensitivity.f,Sigma virus sensitivity,Female,0.063,-0.067,0.188,4.9925,0.022,-0.165,0.206,1.4547,0.105,-0.077,0.279,6.7146,-0.083,-0.338,0.176,0.3633,1.3181
social.aggression.m,Social aggression,Male,0.042,-0.142,0.224,2.1002,0.065,-0.195,0.315,2.1521,0.024,-0.236,0.28,1.3058,0.041,-0.333,0.401,1.4198,1.1019
social.effect.aggression.m,Social effect aggression,Male,0.01,-0.183,0.198,1.1798,0.077,-0.196,0.339,2.4313,-0.057,-0.317,0.217,0.524,0.132,-0.257,0.502,3.001,0.7694
song.interpulse.interval.m,Song interpulse interval,Male,0.009,-0.122,0.141,1.2384,0.069,-0.121,0.256,3.1537,-0.051,-0.232,0.137,0.4167,0.119,-0.147,0.381,4.3583,0.6481
sprinter.marathoner.f,Sprinter marathoner,Female,-0.021,-0.163,0.119,0.6183,-0.233,-0.417,-0.025,0.0137,0.191,-0.009,0.372,30.9361,-0.422,-0.687,-0.133,0.0034,0.046
sprinter.marathoner.m,Sprinter marathoner,Male,0.028,-0.115,0.169,1.8607,-0.138,-0.336,0.076,0.1067,0.195,-0.008,0.382,31.9218,-0.331,-0.608,-0.039,0.0137,0.1375
startle.response.2012.f,Startle response,Female,0.14,0.015,0.26,74.4717,0.087,-0.095,0.26,4.8975,0.194,0.021,0.354,63,-0.107,-0.353,0.144,0.2438,4.559
startle.response.2012.m,Startle response,Male,0.091,-0.035,0.211,11.3172,0.046,-0.132,0.223,2.1834,0.136,-0.042,0.305,14.1229,-0.089,-0.338,0.161,0.3184,1.9524
startle.response.2012.msb.f,Startle response  msb,Female,0.142,0.016,0.261,67.6695,0.137,-0.04,0.305,14.1372,0.148,-0.029,0.315,18.7044,-0.012,-0.257,0.237,0.8683,8.0821
startle.response.2012.msb.m,Startle response  msb,Male,0.13,0.002,0.249,43.0771,0.086,-0.094,0.261,4.6417,0.174,-0.003,0.336,35.1174,-0.086,-0.334,0.162,0.3194,4.125
startle.response.f,Startle response,Female,0.044,-0.078,0.165,3.2083,0.026,-0.147,0.196,1.5898,0.064,-0.109,0.232,3.3752,-0.038,-0.277,0.204,0.6074,1.2822
startle.response.m,Startle response,Male,0.017,-0.102,0.137,1.5193,-0.027,-0.194,0.144,0.6189,0.06,-0.112,0.227,3.0527,-0.087,-0.326,0.158,0.3246,0.787
startle.response.variance.f,Startle response variance,Female,-0.049,-0.169,0.073,0.2699,-0.041,-0.209,0.128,0.4607,-0.056,-0.226,0.117,0.3516,0.014,-0.227,0.255,1.2032,1.4306
startle.response.variance.m,Startle response variance,Male,-0.06,-0.178,0.06,0.2051,-0.014,-0.185,0.158,0.7719,-0.105,-0.27,0.064,0.1295,0.091,-0.147,0.332,3.3267,1.2203
startle.sensitivity.msb.f,Startle sensitivity msb,Female,0.024,-0.1,0.148,1.8046,-0.039,-0.21,0.138,0.5004,0.086,-0.087,0.254,4.9791,-0.125,-0.367,0.126,0.1946,0.6372
startle.sensitivity.msb.m,Startle sensitivity msb,Male,-0.036,-0.161,0.093,0.4076,-0.044,-0.222,0.14,0.4652,-0.028,-0.203,0.149,0.6176,-0.017,-0.268,0.24,0.8102,1.1888
starvation.resistance.2012.f,Starvation resistance,Female,-0.032,-0.15,0.089,0.4408,-0.031,-0.198,0.138,0.5706,-0.032,-0.202,0.14,0.5691,0,-0.234,0.238,1.0053,1.1623000000000001
starvation.resistance.2012.m,Starvation resistance,Male,0.01,-0.113,0.135,1.2776,0.072,-0.101,0.243,3.7833,-0.052,-0.226,0.124,0.3894,0.125,-0.122,0.368,5.1397,0.5927
starvation.resistance.2017.m,Starvation resistance,Male,-0.009,-0.128,0.11,0.7835,0.014,-0.155,0.181,1.3008,-0.031,-0.2,0.139,0.5535,0.044,-0.196,0.288,1.7904,0.9276
starvation.resistance.2019.f,Starvation resistance,Female,-0.044,-0.171,0.086,0.3358,-0.097,-0.273,0.091,0.1823,0.008,-0.171,0.187,1.1477,-0.104,-0.359,0.152,0.2745,0.9092
starvation.resistance.2019.m,Starvation resistance,Male,-0.044,-0.171,0.089,0.3379,-0.079,-0.262,0.113,0.2564,-0.009,-0.184,0.173,0.8583,-0.072,-0.33,0.188,0.4242,1.0945
starvation.resistance.high.carb.diet.m,Starvation resistance high carb diet,Male,0.071,-0.052,0.191,6.7183,0.078,-0.099,0.25,4.1216,0.065,-0.113,0.235,3.2872,0.013,-0.232,0.259,1.1789,1.9637
starvation.resistance.high.fat.diet.m,Starvation resistance high fat diet,Male,0.089,-0.034,0.207,12.1904,0.149,-0.025,0.311,20.534300000000002,0.029,-0.142,0.199,1.7041,0.12,-0.123,0.361,4.9457,1.6185
starvation.resistance.high.protein.diet.m,Starvation resistance high protein diet,Male,0.126,0.002,0.244,42.1267,0.179,0.003,0.342,43.0771,0.074,-0.101,0.244,3.952,0.105,-0.14,0.344,3.9969,3.6412
starvation.resistance.old.f,Starvation resistance old,Female,-0.005,-0.141,0.129,0.8886,-0.017,-0.209,0.171,0.7627,0.007,-0.186,0.199,1.117,-0.024,-0.293,0.247,0.7664,0.9852
starvation.resistance.old.m,Starvation resistance old,Male,0.048,-0.087,0.18,3.008,0.091,-0.1,0.276,4.7225,0.005,-0.185,0.195,1.0918,0.086,-0.182,0.35,2.7331,1.0588
starvation.resistance.standard.diet.m,Starvation resistance standard diet,Male,0.019,-0.102,0.142,1.6059,0.102,-0.076,0.271,6.7071,-0.064,-0.235,0.112,0.3126,0.165,-0.083,0.41,9.4371,0.4411
starvation.resistance.variance.f,Starvation resistance variance,Female,-0.081,-0.199,0.043,0.113,-0.18,-0.339,-0.003,0.0228,0.018,-0.155,0.194,1.3849,-0.198,-0.435,0.05,0.0604,0.7328
starvation.resistance.variance.m,Starvation resistance variance,Male,0.012,-0.113,0.135,1.355,0.058,-0.117,0.23,2.8948,-0.034,-0.215,0.145,0.5477,0.092,-0.156,0.347,3.2161,0.751
starvation.resistance.yeast.poor.diet.f,Starvation resistance yeast poor diet,Female,0.011,-0.116,0.138,1.3165,0.015,-0.167,0.2,1.2929,0.005,-0.172,0.182,1.0896,0.011,-0.245,0.266,1.1529,1.011
starvation.resistance.yeast.rich.diet.f,Starvation resistance yeast rich diet,Female,-0.06,-0.185,0.07,0.2236,-0.064,-0.242,0.123,0.3326,-0.056,-0.233,0.121,0.3818,-0.008,-0.268,0.25,0.9077,1.5776
starvation.resistance.young.f,Starvation resistance young,Female,-0.002,-0.136,0.129,0.9577,-0.017,-0.206,0.173,0.7579,0.012,-0.179,0.2,1.2207,-0.027,-0.297,0.243,0.7318,0.973
starvation.resistance.young.m,Starvation resistance young,Male,0.025,-0.108,0.154,1.7672,0.016,-0.173,0.202,1.2975,0.033,-0.15,0.219,1.729,-0.018,-0.278,0.248,0.8136,1.0717
tergite5.f,Tergite5,Female,0.109,-0.021,0.235,18.7531,0.14,-0.047,0.313,12.9738,0.08,-0.103,0.253,4.0505,0.06,-0.194,0.311,2.1416,3.1455
tergite6.f,Tergite6,Female,0.041,-0.085,0.17,2.8122,0.079,-0.106,0.257,3.8915,0.005,-0.174,0.183,1.0858,0.074,-0.184,0.323,2.495,1.0498
thorax.length.18C.f,Thorax length 18C,Female,-0.085,-0.205,0.038,0.0913,-0.144,-0.304,0.033,0.0583,-0.029,-0.202,0.143,0.5951,-0.113,-0.353,0.137,0.225,1.5837
thorax.length.28C.f,Thorax length 28C,Female,0.022,-0.103,0.144,1.736,0.032,-0.144,0.203,1.7787,0.012,-0.164,0.189,1.2431,0.021,-0.229,0.266,1.2779,1.0626
thorax.length.thermal.plasticity.f,Thorax length thermal plasticity,Female,-0.104,-0.229,0.022,0.06,-0.189,-0.358,-0.001,0.0248,-0.022,-0.201,0.163,0.6926,-0.165,-0.416,0.097,0.1183,1.4179
triglyceride.2015.m,Triglyceride,Male,-0.073,-0.214,0.071,0.1899,-0.164,-0.361,0.047,0.0667,0.018,-0.184,0.214,1.3032,-0.179,-0.463,0.108,0.1271,0.7934
triglyceride.gnotobiotic.m,Triglyceride gnotobiotic,Male,-0.229,-0.397,-0.037,0.0091,-0.174,-0.424,0.116,0.1337,-0.288,-0.496,-0.033,0.0128,0.112,-0.245,0.471,2.6605,6.8379
triglyceride.high.glucose.diet.m,Triglyceride high glucose diet,Male,0.114,-0.029,0.251,15.684,0.101,-0.11,0.296,4.9041,0.129,-0.069,0.316,9.0503,-0.027,-0.311,0.247,0.7391,3.2523
triglyceride.low.glucose.diet.m,Triglyceride low glucose diet,Male,0.005,-0.131,0.143,1.1382,0.122,-0.086,0.315,6.8818,-0.11,-0.292,0.086,0.1525,0.23,-0.052,0.497,17.54,0.2913
triglyceride.medium.glucose.diet.m,Triglyceride medium glucose diet,Male,0.074,-0.067,0.208,5.5147,0.134,-0.069,0.325,9.1846,0.014,-0.179,0.205,1.2605,0.119,-0.159,0.389,3.9276,1.2041
triglyceride.poor.diet.f,Triglyceride poor diet,Female,0.027,-0.103,0.158,1.917,-0.042,-0.227,0.146,0.4889,0.099,-0.088,0.274,5.6445,-0.14,-0.395,0.123,0.1776,0.613
triglyceride.yeast.rich.diet.f,Triglyceride yeast rich diet,Female,0.004,-0.124,0.131,1.1091,-0.007,-0.187,0.174,0.8875,0.015,-0.165,0.191,1.3168,-0.022,-0.27,0.226,0.766,0.9838
tunicamycin.ER.stress.m,Tunicamycin ER stress,Male,0.118,-0.037,0.266,13.8699,0.183,-0.047,0.385,16.4482,0.056,-0.162,0.264,2.2841,0.125,-0.18,0.422,3.7548,2.059
tunicamycin.LT50.m,Tunicamycin LT50,Male,-0.001,-0.16,0.158,0.99,0.054,-0.179,0.28,2.064,-0.055,-0.272,0.167,0.4552,0.109,-0.211,0.419,2.9732,0.7699
virgin.egg.retention.f,Virgin egg retention,Female,-0.035,-0.201,0.133,0.5251,-0.101,-0.34,0.15,0.2662,0.03,-0.201,0.256,1.5114,-0.133,-0.467,0.211,0.2939,0.7889
waking.activity.SD.f,Waking activity SD,Female,-0.175,-0.313,-0.033,0.0088,-0.188,-0.379,0.021,0.0411,-0.166,-0.351,0.037,0.0575,-0.021,-0.305,0.261,0.7982,10.1633
waking.activity.SD.m,Waking activity SD,Male,-0.025,-0.171,0.123,0.5933,-0.051,-0.26,0.164,0.4723,0.002,-0.201,0.203,1.0292,-0.052,-0.344,0.245,0.5631,0.9897
waking.activity.f,Waking activity,Female,-0.138,-0.265,-0.003,0.023,-0.226,-0.398,-0.03,0.0132,-0.052,-0.236,0.137,0.4194,-0.171,-0.432,0.094,0.1132,2.3243
waking.activity.m,Waking activity,Male,-0.056,-0.19,0.082,0.2731,-0.155,-0.337,0.042,0.0656,0.042,-0.145,0.228,2.0286,-0.196,-0.455,0.076,0.0854,0.5411
week1.fecundity.25C.f,Week1 fecundity 25C,Female,0.182,0.058,0.301,456.1429,0.267,0.087,0.427,499,0.097,-0.082,0.27,5.9505,0.168,-0.074,0.411,10.0193,5.8823
week3.fecundity.25C.f,Week3 fecundity 25C,Female,0.157,0.033,0.277,129.0813,0.226,0.048,0.391,130.1475,0.09,-0.086,0.257,5.233,0.135,-0.105,0.374,6.3496,5.0381
week5.fecundity.25C.f,Week5 fecundity 25C,Female,0.036,-0.094,0.165,2.3992,0.136,-0.056,0.317,11.3457,-0.063,-0.244,0.124,0.3363,0.197,-0.069,0.455,13.0105,0.4123
week7.fecundity.25C.f,Week7 fecundity 25C,Female,-0.044,-0.195,0.111,0.3903,-0.013,-0.232,0.206,0.818,-0.076,-0.28,0.143,0.3334,0.06,-0.248,0.368,1.8684,1.1054
weight.anexic.m,Weight anexic,Male,-0.026,-0.21,0.164,0.6473,0.027,-0.253,0.308,1.3412,-0.082,-0.312,0.168,0.3546,0.107,-0.271,0.474,2.479,0.8701
weight.gnotobiotic.m,Weight gnotobiotic,Male,-0.067,-0.234,0.108,0.2914,-0.076,-0.319,0.189,0.4061,-0.059,-0.282,0.173,0.448,-0.014,-0.357,0.336,0.879,1.3839
weight.high.glucose.diet.m,Weight high glucose diet,Male,0.049,-0.093,0.186,3.0465,0.021,-0.188,0.224,1.3676,0.078,-0.119,0.267,3.5377,-0.054,-0.341,0.224,0.5373,1.1902
weight.low.glucose.diet.m,Weight low glucose diet,Male,0.105,-0.038,0.241,12.2122,0.052,-0.157,0.254,2.2,0.158,-0.039,0.338,17.0383,-0.105,-0.385,0.176,0.2922,2.0004
weight.medium.glucose.diet.m,Weight medium glucose diet,Male,0.095,-0.046,0.233,9.4099,0.048,-0.157,0.25,2.099,0.141,-0.053,0.327,11.945,-0.093,-0.368,0.183,0.3471,1.8565
weight.microbiome.effect.m,Weight microbiome effect,Male,0.007,-0.177,0.193,1.1339,-0.039,-0.309,0.237,0.6452,0.054,-0.189,0.29,2.003,-0.094,-0.453,0.275,0.4512,0.8656
wet.weight.m,Wet weight,Male,0.058,-0.089,0.199,3.5558,0.016,-0.192,0.221,1.2504,0.1,-0.101,0.291,5.3017,-0.085,-0.367,0.2,0.3865,1.1644
wing.centroid.size.2019_Dworkin.f,Wing centroid size _Dworkin,Female,0.054,-0.077,0.182,3.8251,0.124,-0.064,0.299,9.2498,-0.014,-0.196,0.169,0.7988,0.137,-0.127,0.395,5.5333,0.8348
wing.centroid.size.2019_Dworkin.m,Wing centroid size _Dworkin,Male,0.077,-0.052,0.206,7.2517,0.159,-0.027,0.333,19.5392,-0.004,-0.189,0.178,0.9451,0.161,-0.096,0.418,7.9037,0.9503
wing.centroid.size.2019_Houle.f,Wing centroid size _Houle,Female,-0.033,-0.157,0.092,0.4223,0.054,-0.125,0.227,2.6372,-0.12,-0.29,0.053,0.096,0.174,-0.077,0.418,11.021,0.4585
wing.centroid.size.2019_Houle.m,Wing centroid size _Houle,Male,-0.018,-0.141,0.104,0.6252,0.083,-0.095,0.253,4.4072,-0.119,-0.288,0.058,0.0978,0.2,-0.051,0.445,16.7187,0.3177
wing.centroid.size.f,Wing centroid size,Female,0.045,-0.093,0.178,2.9409,0.12,-0.08,0.304,7.6768,-0.029,-0.216,0.162,0.61240000000000006,0.148,-0.129,0.416,6.0516,0.6878
wing.centroid.size.m,Wing centroid size,Male,0.034,-0.102,0.167,2.2713,0.116,-0.078,0.299,7.2517,-0.046,-0.234,0.142,0.4647,0.163,-0.111,0.428,7.3247,0.5663
wing.display.frequency.m,Wing display frequency,Male,-0.095,-0.229,0.044,0.1038,-0.052,-0.251,0.151,0.4422,-0.137,-0.32,0.057,0.0892,0.084,-0.191,0.358,2.6496,1.956
