Batch,LH_code,DGRP,Temperature,Vial,Larvae
1,low,21,29,1,1
1,low,21,29,2,0
1,low,21,29,3,1
1,low,21,29,4,0
1,low,21,29,5,1
1,low,21,29,6,1
1,low,21,29,7,1
1,low,21,27,1,0
1,low,21,27,3,1
1,low,21,27,4,1
1,low,21,27,5,1
1,low,21,27,6,0
1,low,21,27,7,1
1,low,21,27,8,0
1,low,21,27,9,0
1,low,21,27,10,0
1,low,21,27,11,1
1,low,21,27,12,0
1,low,21,27,13,1
1,low,21,27,14,1
1,low,21,27,15,1
1,low,21,27,17,1
1,low,21,27,18,1
1,low,21,27,19,1
1,low,21,27,20,1
1,low,21,27,21,1
1,low,21,27,22,1
1,low,21,27,23,1
1,low,21,27,24,1
1,low,21,27,25,1
1,low,21,27,26,1
1,low,21,27,27,1
1,low,21,27,28,1
1,low,21,27,29,1
1,low,21,27,30,1
1,low,21,29,8,1
1,low,21,29,9,1
1,low,21,29,10,1
1,low,21,29,11,1
1,low,21,29,12,1
1,low,21,29,13,1
1,low,21,29,14,1
1,low,21,29,15,1
1,low,21,29,16,0
1,low,21,29,17,1
1,low,21,29,18,1
1,low,21,29,19,1
1,low,21,29,20,0
1,low,21,29,21,1
1,low,21,29,22,1
1,low,21,29,23,1
1,low,21,29,24,1
1,low,21,29,25,0
1,low,21,29,26,1
1,low,21,29,27,1
1,low,21,29,28,1
1,low,21,29,29,1
1,low,21,29,30,1
1,low,21,25,1,1
1,low,21,25,2,1
1,low,21,25,4,1
1,low,21,25,5,1
1,low,21,25,6,1
1,low,21,25,8,1
1,low,21,25,9,1
1,low,21,25,10,1
1,low,21,25,11,1
1,low,21,25,12,1
1,low,21,25,13,1
1,low,21,25,14,1
1,low,21,25,15,1
1,low,21,25,16,1
1,low,21,25,17,1
1,low,21,25,18,1
1,low,21,25,19,1
1,low,21,25,20,1
1,low,21,25,21,1
1,low,21,25,22,1
1,low,21,25,23,1
1,low,21,25,24,1
1,low,21,25,25,1
1,low,21,25,26,1
1,low,21,25,27,1
1,low,21,25,28,1
1,low,21,25,29,1
1,low,21,25,30,1
1,high,59,29,1,1
1,high,59,29,2,0
1,high,59,27,1,1
1,high,59,27,2,1
1,high,59,27,3,1
1,high,59,27,4,1
1,high,59,27,5,1
1,high,59,27,6,1
1,high,59,27,7,1
1,high,59,27,8,1
1,high,59,27,9,1
1,high,59,27,10,1
1,high,59,27,11,1
1,high,59,27,12,1
1,high,59,27,13,1
1,high,59,27,15,1
1,high,59,27,16,1
1,high,59,27,17,1
1,high,59,27,18,1
1,high,59,27,19,1
1,high,59,27,20,1
1,high,59,27,21,0
1,high,59,27,22,0
1,high,59,27,23,1
1,high,59,27,25,1
1,high,59,27,26,1
1,high,59,27,27,1
1,high,59,27,28,1
1,high,59,29,3,1
1,high,59,29,4,1
1,high,59,29,5,1
1,high,59,29,6,1
1,high,59,29,7,0
1,high,59,29,8,0
1,high,59,29,9,1
1,high,59,29,10,0
1,high,59,29,11,1
1,high,59,29,12,1
1,high,59,29,13,1
1,high,59,29,14,1
1,high,59,25,1,1
1,high,59,25,2,1
1,high,59,25,3,1
1,high,59,25,4,1
1,high,59,25,5,1
1,high,59,25,6,1
1,high,59,25,8,1
1,high,59,25,9,1
1,high,59,25,10,1
1,high,59,25,11,1
1,high,59,25,12,1
1,high,59,25,13,1
1,high,59,25,14,1
1,high,59,25,15,1
1,high,59,25,16,1
1,high,59,25,17,1
1,high,59,25,18,1
1,high,59,25,19,1
1,high,59,25,20,1
1,high,59,25,21,1
1,high,59,25,22,1
1,high,59,25,23,1
1,high,59,25,24,1
1,high,59,25,25,1
1,high,59,25,26,1
1,high,59,25,27,1
1,high,59,25,28,1
1,high,59,25,29,1
1,high,59,25,30,1
1,high,59,27,29,1
1,high,59,27,30,1
1,high,59,29,16,1
1,high,59,29,17,1
1,high,59,29,18,1
1,high,59,29,19,1
1,high,59,29,20,1
1,high,59,29,21,1
1,high,59,29,23,1
1,high,59,29,24,1
1,high,59,29,26,1
1,high,59,29,27,1
1,high,59,29,28,1
1,high,59,29,30,1
1,high,59,29,15,1
3,high,75,29,1,1
3,high,75,29,2,1
3,high,75,29,3,1
3,high,75,29,4,1
3,high,75,29,5,1
3,high,75,27,1,1
3,high,75,27,2,1
3,high,75,27,3,1
3,high,75,27,4,1
3,high,75,27,5,1
3,high,75,27,6,1
3,high,75,27,7,1
3,high,75,27,8,1
3,high,75,27,9,1
3,high,75,27,10,1
3,high,75,27,11,1
3,high,75,27,12,1
3,high,75,27,13,1
3,high,75,27,14,0
3,high,75,27,15,1
3,high,75,27,16,1
3,high,75,27,17,1
3,high,75,27,18,1
3,high,75,27,19,1
3,high,75,27,20,1
3,high,75,27,21,1
3,high,75,27,22,1
3,high,75,27,23,1
3,high,75,27,24,1
3,high,75,27,25,1
3,high,75,27,26,1
3,high,75,27,27,1
3,high,75,27,28,1
3,high,75,27,29,1
3,high,75,27,30,1
3,high,75,29,6,1
3,high,75,29,7,1
3,high,75,29,9,1
3,high,75,29,10,1
3,high,75,29,11,1
3,high,75,29,12,1
3,high,75,29,13,1
3,high,75,29,14,1
3,high,75,29,15,1
3,high,75,29,16,1
3,high,75,29,17,1
3,high,75,29,18,1
3,high,75,29,19,1
3,high,75,29,20,1
3,high,75,29,22,1
3,high,75,29,23,1
3,high,75,29,24,1
3,high,75,29,25,1
3,high,75,29,26,1
3,high,75,29,27,1
3,high,75,29,28,1
3,high,75,29,29,1
3,high,75,25,1,1
3,high,75,25,2,1
3,high,75,25,3,1
3,high,75,25,4,1
3,high,75,25,5,1
3,high,75,25,6,1
3,high,75,25,7,1
3,high,75,25,8,1
3,high,75,25,9,1
3,high,75,25,10,1
3,high,75,25,11,1
3,high,75,25,12,1
3,high,75,25,13,1
3,high,75,25,14,1
3,high,75,25,15,1
3,high,75,25,16,1
3,high,75,25,17,1
3,high,75,25,18,0
3,high,75,25,20,1
3,high,75,25,21,1
3,high,75,25,22,1
3,high,75,25,23,1
3,high,75,25,24,0
3,high,75,25,25,1
3,high,75,25,26,1
3,high,75,25,27,1
3,high,75,25,28,1
3,high,75,25,29,1
3,high,75,25,30,1
2,low,109,27,1,1
2,low,109,27,2,1
2,low,109,27,3,1
2,low,109,27,4,1
2,low,109,27,5,1
2,low,109,27,6,1
2,low,109,27,7,0
2,low,109,27,8,1
2,low,109,27,9,1
2,low,109,27,10,1
2,low,109,29,1,1
2,low,109,29,2,1
2,low,109,29,3,1
2,low,109,29,4,1
2,low,109,29,5,1
2,low,109,29,6,1
2,low,109,29,7,1
2,low,109,29,9,1
2,low,109,29,10,1
2,low,109,29,11,1
2,low,109,29,12,1
2,low,109,29,13,1
2,low,109,29,14,1
2,low,109,29,15,1
2,low,109,29,16,1
2,low,109,29,17,1
2,low,109,29,18,1
2,low,109,29,19,1
2,low,109,25,28,1
2,low,109,25,29,1
2,low,109,25,30,1
2,low,109,27,11,1
2,low,109,27,13,1
2,low,109,27,14,1
2,low,109,27,15,1
2,low,109,27,16,1
2,low,109,27,17,1
2,low,109,27,18,1
2,low,109,27,19,1
2,low,109,27,20,1
2,low,109,27,21,1
2,low,109,27,22,1
2,low,109,27,23,1
2,low,109,27,24,1
2,low,109,27,25,1
2,low,109,27,26,1
2,low,109,27,27,0
2,low,109,27,29,1
2,low,109,27,30,1
2,low,109,29,20,1
2,low,109,29,21,1
2,low,109,29,22,1
2,low,109,29,23,1
2,low,109,29,24,1
2,low,109,29,25,0
2,low,109,29,26,1
2,low,109,29,27,1
2,low,109,29,28,1
2,low,109,29,29,1
2,low,109,29,30,1
2,low,109,25,1,1
2,low,109,25,2,1
2,low,109,25,3,1
2,low,109,25,4,1
2,low,109,25,5,1
2,low,109,25,7,1
2,low,109,25,8,1
2,low,109,25,9,1
2,low,109,25,10,1
2,low,109,25,11,1
2,low,109,25,12,1
2,low,109,25,13,1
2,low,109,25,14,1
2,low,109,25,15,1
2,low,109,25,16,1
2,low,109,25,17,1
2,low,109,25,18,0
3,low,138,27,1,1
3,low,138,29,1,1
3,low,138,25,1,1
3,low,138,25,2,1
3,low,138,25,3,1
3,low,138,25,4,1
3,low,138,25,5,1
3,low,138,25,6,0
3,low,138,29,2,0
3,low,149,27,1,1
3,low,149,27,2,1
3,low,149,27,4,1
3,low,149,27,5,1
3,low,149,27,6,1
3,low,149,27,7,1
3,low,149,27,8,1
3,low,149,27,10,1
3,low,149,29,1,1
3,low,149,29,3,1
3,low,149,29,4,1
3,low,149,29,5,0
3,low,149,29,6,1
3,low,149,29,7,1
3,low,149,29,8,1
3,low,149,29,9,1
3,low,149,29,10,1
3,low,149,29,11,1
3,low,149,29,12,1
3,low,149,29,13,1
3,low,149,29,14,0
3,low,149,29,15,1
3,low,149,29,16,1
3,low,149,29,18,1
3,low,149,29,20,1
3,low,149,29,21,1
3,low,149,29,23,1
3,low,149,29,24,1
3,low,149,29,25,1
3,low,149,29,26,0
3,low,149,29,27,1
3,low,149,29,28,1
3,low,149,29,29,1
3,low,149,29,30,1
3,low,149,25,1,1
3,low,149,25,2,1
3,low,149,25,3,0
3,low,149,25,4,1
3,low,149,25,5,1
3,low,149,25,6,1
3,low,149,27,11,1
3,low,149,27,13,1
3,low,149,27,14,1
3,low,149,27,15,1
3,low,149,27,16,1
3,low,149,27,17,1
3,low,149,27,18,1
3,low,149,27,19,0
3,low,149,27,20,1
3,low,149,27,21,0
3,low,149,27,23,1
3,low,149,27,24,1
3,low,149,27,25,1
3,low,149,27,26,1
3,low,149,27,27,1
3,low,149,27,28,1
3,low,149,27,29,1
3,low,149,27,30,1
3,low,149,25,7,1
3,low,149,25,8,1
3,low,149,25,9,1
3,low,149,25,10,1
3,low,149,25,11,1
3,low,149,25,12,1
3,low,149,25,13,1
3,low,149,25,14,1
3,low,149,25,15,1
3,low,149,25,16,1
3,low,149,25,17,1
3,low,149,25,18,1
3,low,149,25,19,1
3,low,149,25,20,1
3,low,149,25,21,1
3,low,149,25,22,1
3,low,149,25,23,1
3,low,149,25,24,1
3,low,149,25,25,1
3,low,149,25,26,1
3,low,149,25,27,1
3,low,149,25,28,0
3,low,149,25,29,1
3,low,149,25,30,1
3,low,195,29,1,0
3,low,195,29,2,1
3,low,195,29,4,1
3,low,195,27,1,1
3,low,195,27,2,1
3,low,195,27,3,1
3,low,195,27,4,1
3,low,195,27,5,1
3,low,195,27,6,1
3,low,195,27,7,1
3,low,195,27,8,1
3,low,195,27,9,1
3,low,195,27,10,1
3,low,195,27,11,1
3,low,195,27,12,1
3,low,195,29,6,1
3,low,195,29,7,1
3,low,195,29,9,1
3,low,195,29,10,1
3,low,195,29,11,1
3,low,195,29,12,1
3,low,195,29,13,1
3,low,195,29,14,1
3,low,195,29,15,1
3,low,195,29,16,1
3,low,195,29,17,1
3,low,195,29,18,1
3,low,195,29,19,1
3,low,195,29,20,1
3,low,195,29,21,1
3,low,195,29,23,1
3,low,195,29,24,1
3,low,195,29,25,1
3,low,195,29,27,1
3,low,195,29,28,1
3,low,195,29,29,1
3,low,195,29,30,1
3,low,195,25,1,1
3,low,195,25,2,1
3,low,195,25,3,1
3,low,195,25,4,1
3,low,195,25,5,1
3,low,195,25,6,1
3,low,195,25,7,1
3,low,195,25,8,1
3,low,195,25,9,1
3,low,195,25,10,1
3,low,195,25,11,1
3,low,195,25,12,1
3,low,195,25,13,1
3,low,195,25,14,1
3,low,195,25,15,1
3,low,195,25,16,1
3,low,195,25,17,1
3,low,195,25,18,1
3,low,195,25,19,1
3,low,195,25,20,1
3,low,195,25,21,1
3,low,195,25,22,1
3,low,195,27,13,1
3,low,195,27,14,1
3,low,195,27,15,1
3,low,195,27,16,1
3,low,195,27,17,1
3,low,195,27,18,1
3,low,195,27,19,1
3,low,195,27,20,1
3,low,195,27,21,1
3,low,195,27,22,1
3,low,195,27,23,1
3,low,195,27,24,1
3,low,195,27,25,1
3,low,195,27,27,1
3,low,195,27,29,1
3,low,195,27,30,1
3,low,195,25,23,1
3,low,195,25,24,1
3,low,195,25,25,1
3,low,195,25,26,1
3,low,195,25,27,1
3,low,195,25,28,1
3,low,195,25,29,1
3,low,195,25,30,1
3,high,208,27,1,0
3,high,208,29,1,1
3,high,208,29,2,1
3,high,208,29,3,1
3,high,208,29,4,1
3,high,208,29,5,1
3,high,208,29,6,1
3,high,208,29,7,1
3,high,208,29,8,1
3,high,208,25,1,1
3,high,208,27,2,1
3,high,208,27,3,1
3,high,208,27,4,1
3,high,208,27,5,1
3,high,208,27,6,1
3,high,208,27,7,1
3,high,208,27,8,1
3,high,208,27,9,1
3,high,208,27,10,1
3,high,208,27,11,1
3,high,208,27,12,1
3,high,208,27,13,1
3,high,208,27,14,1
3,high,208,27,15,1
3,high,208,27,16,1
3,high,208,27,17,1
3,high,208,27,18,1
3,high,208,27,19,1
3,high,208,27,20,1
3,high,208,27,21,1
3,high,208,27,22,1
3,high,208,27,23,1
3,high,208,27,24,1
3,high,208,27,25,1
3,high,208,27,26,1
3,high,208,27,27,1
3,high,208,27,28,1
3,high,208,27,29,1
3,high,208,27,30,1
3,high,208,29,9,1
3,high,208,29,10,1
3,high,208,29,11,1
3,high,208,29,12,1
3,high,208,29,13,1
3,high,208,29,14,1
3,high,208,29,15,1
3,high,208,29,16,1
3,high,208,29,17,1
3,high,208,29,18,1
3,high,208,29,19,1
3,high,208,29,20,1
3,high,208,29,21,1
3,high,208,29,22,1
3,high,208,29,25,1
3,high,208,29,26,1
3,high,208,29,27,1
3,high,208,29,28,1
3,high,208,29,29,1
3,high,208,29,30,1
3,high,208,25,2,1
3,high,208,25,3,1
3,high,208,25,4,1
3,high,208,25,5,1
3,high,208,25,7,1
3,high,208,25,9,1
3,high,208,25,10,1
3,high,208,25,11,1
3,high,208,25,12,1
3,high,208,25,13,1
3,high,208,25,14,1
3,high,208,25,15,1
3,high,208,25,16,1
3,high,208,25,17,1
3,high,208,25,18,1
3,high,208,25,19,1
3,high,208,25,20,1
3,high,208,25,21,1
3,high,208,25,22,1
3,high,208,25,23,1
3,high,208,25,24,1
3,high,208,25,25,1
3,high,208,25,26,1
3,high,208,25,27,1
3,high,208,25,28,0
3,high,208,25,29,1
3,high,208,25,30,1
3,high,228,27,1,1
3,high,228,27,4,1
3,high,228,29,1,1
3,high,228,29,2,1
3,high,228,29,3,1
3,high,228,29,4,1
3,high,228,29,5,1
3,high,228,29,6,1
3,high,228,29,7,1
3,high,228,29,8,1
3,high,228,29,9,1
3,high,228,29,10,1
3,high,228,29,11,1
3,high,228,29,12,1
3,high,228,29,13,1
3,high,228,29,15,1
3,high,228,29,16,1
3,high,228,29,17,1
3,high,228,29,18,1
3,high,228,29,19,1
3,high,228,29,20,0
3,high,228,29,21,1
3,high,228,29,22,1
3,high,228,29,23,1
3,high,228,29,24,1
3,high,228,29,25,1
3,high,228,29,26,1
3,high,228,29,27,0
3,high,228,29,28,0
3,high,228,29,29,1
3,high,228,29,30,1
3,high,228,25,1,1
3,high,228,25,2,1
3,high,228,25,3,1
3,high,228,25,4,1
3,high,228,25,5,1
3,high,228,27,5,1
3,high,228,27,6,1
3,high,228,27,7,1
3,high,228,27,8,1
3,high,228,27,9,1
3,high,228,27,10,1
3,high,228,27,11,1
3,high,228,27,12,1
3,high,228,27,13,1
3,high,228,27,14,1
3,high,228,27,15,1
3,high,228,27,16,0
3,high,228,27,17,1
3,high,228,27,18,1
3,high,228,27,19,1
3,high,228,27,20,1
3,high,228,27,21,1
3,high,228,27,22,1
3,high,228,27,23,1
3,high,228,27,24,1
3,high,228,27,25,1
3,high,228,27,26,1
3,high,228,27,27,1
3,high,228,27,28,1
3,high,228,27,29,0
3,high,228,27,30,1
3,high,228,25,6,0
3,high,228,25,7,1
3,high,228,25,8,1
3,high,228,25,9,1
3,high,228,25,10,1
3,high,228,25,11,1
3,high,228,25,12,1
3,high,228,25,13,1
3,high,228,25,14,1
3,high,228,25,15,1
3,high,228,25,16,1
3,high,228,25,17,1
3,high,228,25,18,1
3,high,228,25,19,1
3,high,228,25,20,1
3,high,228,25,21,1
3,high,228,25,22,1
3,high,228,25,23,1
3,high,228,25,24,1
3,high,228,25,25,1
3,high,228,25,26,1
3,high,228,25,27,1
3,high,228,25,28,1
3,high,228,25,29,1
3,high,228,25,30,1
3,low,229,27,1,1
3,low,229,27,2,1
3,low,229,27,3,1
3,low,229,27,4,1
3,low,229,27,5,1
3,low,229,27,6,1
3,low,229,27,7,1
3,low,229,27,8,1
3,low,229,27,9,1
3,low,229,29,2,1
3,low,229,29,3,0
3,low,229,29,5,1
3,low,229,29,6,1
3,low,229,29,8,1
3,low,229,29,10,1
3,low,229,29,11,1
3,low,229,29,12,0
3,low,229,29,13,1
3,low,229,29,14,1
3,low,229,29,15,1
3,low,229,25,1,1
3,low,229,25,2,1
3,low,229,25,3,1
3,low,229,25,4,1
3,low,229,25,5,1
3,low,229,25,6,1
3,low,229,25,7,1
3,low,229,27,10,0
3,low,229,27,11,1
3,low,229,27,12,1
3,low,229,27,13,1
3,low,229,27,14,1
3,low,229,27,16,1
3,low,229,27,19,1
3,low,229,27,20,1
3,low,229,27,22,1
3,low,229,27,23,1
3,low,229,27,28,1
3,low,229,27,30,0
3,low,229,29,16,0
3,low,229,29,17,1
3,low,229,29,20,1
3,low,229,29,23,1
3,low,229,29,24,0
3,low,229,29,26,0
3,low,229,25,9,1
3,low,229,25,12,1
3,low,229,25,13,1
3,low,229,25,14,1
3,low,229,25,15,1
3,low,229,25,16,1
3,low,229,25,17,1
3,low,229,25,18,1
3,low,229,25,20,1
3,low,229,25,21,1
3,low,229,25,23,1
3,low,229,25,24,1
3,low,229,25,25,1
3,low,229,25,27,1
3,low,229,25,28,1
3,low,229,25,29,1
3,low,229,25,30,1
3,low,229,25,19,1
3,low,229,25,11,1
3,low,229,29,30,0
2,low,235,29,1,1
2,low,235,29,2,1
2,low,235,29,3,1
2,low,235,29,4,1
2,low,235,29,5,1
2,low,235,29,6,1
2,low,235,29,7,1
2,low,235,29,8,1
2,low,235,29,9,1
2,low,235,27,1,1
2,low,235,27,2,0
2,low,235,27,3,1
2,low,235,27,4,1
2,low,235,27,5,1
2,low,235,27,6,1
2,low,235,27,7,1
2,low,235,27,9,1
2,low,235,27,10,1
2,low,235,27,11,1
2,low,235,27,12,0
2,low,235,27,13,1
2,low,235,27,14,1
2,low,235,27,15,1
2,low,235,27,16,1
2,low,235,27,17,1
2,low,235,29,10,1
2,low,235,29,11,0
2,low,235,29,12,1
2,low,235,29,13,0
2,low,235,29,14,1
2,low,235,29,15,1
2,low,235,29,16,0
2,low,235,29,17,1
2,low,235,29,18,1
2,low,235,29,19,1
2,low,235,29,20,1
2,low,235,29,21,1
2,low,235,29,22,1
2,low,235,29,24,1
2,low,235,29,25,1
2,low,235,29,26,1
2,low,235,29,27,1
2,low,235,29,28,1
2,low,235,29,29,1
2,low,235,29,30,1
2,low,235,25,1,1
2,low,235,25,2,1
2,low,235,25,4,1
2,low,235,25,5,1
2,low,235,25,6,1
2,low,235,25,7,0
2,low,235,25,8,1
2,low,235,25,9,1
2,low,235,25,10,0
2,low,235,25,11,1
2,low,235,25,12,1
2,low,235,25,13,1
2,low,235,25,14,1
2,low,235,25,15,1
2,low,235,25,16,1
2,low,235,25,17,1
2,low,235,25,18,1
2,low,235,25,19,1
2,low,235,25,20,1
2,low,235,25,21,1
2,low,235,25,22,1
2,low,235,25,23,1
2,low,235,25,24,1
2,low,235,25,25,1
2,low,235,25,26,1
2,low,235,25,27,1
2,low,235,25,28,1
2,low,235,25,29,0
2,low,235,25,30,0
2,low,235,27,18,1
2,low,235,27,20,1
2,low,235,27,21,0
2,low,235,27,22,1
2,low,235,27,23,1
2,low,235,27,24,1
2,low,235,27,25,1
2,low,235,27,26,1
2,low,235,27,27,1
2,low,235,27,28,1
2,low,235,27,29,1
1,high,237,27,1,1
1,high,237,27,2,1
1,high,237,29,1,0
1,high,237,29,2,1
1,high,237,29,3,1
1,high,237,29,4,1
1,high,237,29,5,1
1,high,237,29,6,1
1,high,237,29,7,1
1,high,237,29,8,1
1,high,237,29,9,1
1,high,237,29,10,1
1,high,237,29,11,1
1,high,237,29,12,0
1,high,237,29,13,1
1,high,237,29,14,0
1,high,237,29,15,1
1,high,237,29,17,1
1,high,237,29,18,1
1,high,237,25,1,1
1,high,237,25,2,1
1,high,237,27,3,0
1,high,237,27,4,1
1,high,237,27,5,1
1,high,237,27,6,1
1,high,237,27,7,1
1,high,237,27,8,1
1,high,237,27,9,1
1,high,237,27,10,0
1,high,237,27,11,1
1,high,237,27,12,1
1,high,237,27,13,1
1,high,237,27,14,1
1,high,237,27,15,0
1,high,237,27,16,1
1,high,237,27,17,0
1,high,237,27,18,1
1,high,237,27,19,1
1,high,237,27,20,1
1,high,237,27,21,1
1,high,237,27,22,1
1,high,237,27,23,1
1,high,237,27,24,1
1,high,237,29,19,0
1,high,237,29,20,1
1,high,237,29,21,0
1,high,237,29,22,0
1,high,237,29,23,1
1,high,237,29,24,1
1,high,237,25,3,1
1,high,237,25,4,1
1,high,237,25,5,1
1,high,237,25,6,1
1,high,237,25,7,1
1,high,237,25,8,1
1,high,237,25,9,1
1,high,237,25,10,1
1,high,237,25,11,1
1,high,237,25,12,1
1,high,237,25,13,1
1,high,237,25,14,1
1,high,237,25,15,0
1,high,237,25,16,1
1,high,237,25,17,1
1,high,237,25,18,1
1,high,237,25,19,1
1,high,237,25,20,1
1,high,237,25,21,1
1,high,237,25,22,1
1,high,237,25,23,0
1,high,237,25,24,1
1,high,237,27,25,1
1,high,237,27,26,1
1,high,237,27,27,1
1,high,237,27,28,1
1,high,237,27,29,1
1,high,237,29,25,1
1,high,237,29,26,1
1,high,237,29,27,1
1,high,237,29,28,1
1,high,237,29,29,1
1,high,237,29,30,1
1,high,237,25,26,1
1,high,237,25,27,0
1,high,237,25,29,1
1,high,237,25,30,1
1,high,256,27,1,1
1,high,256,27,2,1
1,high,256,27,3,1
1,high,256,27,4,1
1,high,256,27,5,1
1,high,256,27,6,0
1,high,256,27,8,1
1,high,256,27,9,1
1,high,256,27,10,1
1,high,256,27,11,1
1,high,256,27,12,1
1,high,256,27,13,1
1,high,256,27,14,1
1,high,256,27,15,1
1,high,256,27,16,1
1,high,256,27,17,1
1,high,256,27,18,1
1,high,256,27,19,1
1,high,256,27,20,1
1,high,256,27,21,1
1,high,256,27,22,1
1,high,256,27,23,1
1,high,256,27,24,1
1,high,256,27,25,1
1,high,256,27,26,1
1,high,256,27,27,1
1,high,256,27,28,1
1,high,256,27,29,1
1,high,256,27,30,1
1,high,256,29,1,1
1,high,256,29,2,1
1,high,256,29,3,1
1,high,256,29,4,1
1,high,256,29,5,1
1,high,256,29,6,1
1,high,256,29,7,1
1,high,256,29,8,1
1,high,256,29,9,1
1,high,256,29,10,1
1,high,256,29,11,1
1,high,256,29,12,1
1,high,256,29,13,1
1,high,256,29,14,1
1,high,256,29,15,1
1,high,256,29,16,1
1,high,256,29,17,1
1,high,256,29,18,1
1,high,256,29,19,1
1,high,256,29,20,1
1,high,256,29,21,1
1,high,256,29,22,1
1,high,256,29,23,1
1,high,256,29,24,1
1,high,256,29,25,1
1,high,256,29,26,1
1,high,256,29,27,1
1,high,256,29,28,1
1,high,256,29,29,1
1,high,256,29,30,1
1,high,256,25,1,1
1,high,256,25,3,1
1,high,256,25,4,1
1,high,256,25,5,1
1,high,256,25,6,1
1,high,256,25,7,1
1,high,256,25,8,1
1,high,256,25,9,0
1,high,256,25,10,1
1,high,256,25,11,1
1,high,256,25,12,1
1,high,256,25,13,1
1,high,256,25,14,1
1,high,256,25,15,1
1,high,256,25,16,1
1,high,256,25,17,1
1,high,256,25,18,1
1,high,256,25,19,0
1,high,256,25,20,1
1,high,256,25,21,1
1,high,256,25,22,1
1,high,256,25,23,1
1,high,256,25,24,1
1,high,256,25,25,1
1,high,256,25,26,1
1,high,256,25,27,1
1,high,256,25,28,1
1,high,256,25,29,1
1,high,256,25,30,1
3,low,280,27,1,1
3,low,280,29,1,1
3,low,280,29,3,1
3,low,280,29,5,1
3,low,280,29,6,1
3,low,280,25,1,1
3,low,280,25,2,1
3,low,280,25,3,1
3,low,280,27,2,1
3,low,280,27,3,1
3,low,280,27,4,1
3,low,280,27,5,1
3,low,280,27,6,1
3,low,280,27,7,1
3,low,280,27,8,1
3,low,280,27,9,1
3,low,280,27,10,1
3,low,280,27,11,1
3,low,280,27,12,1
3,low,280,27,13,1
3,low,280,27,14,1
3,low,280,27,15,1
3,low,280,27,17,1
3,low,280,27,18,1
3,low,280,29,9,1
3,low,280,29,10,1
3,low,280,29,11,1
3,low,280,29,12,1
3,low,280,29,14,1
3,low,280,29,15,1
3,low,280,29,16,1
3,low,280,29,18,1
3,low,280,29,19,1
3,low,280,25,4,0
3,low,280,25,5,1
3,low,280,25,6,1
3,low,280,25,7,1
3,low,280,25,8,1
3,low,280,25,9,1
3,low,280,25,10,1
3,low,280,25,11,1
3,low,280,25,12,1
3,low,280,25,13,1
3,low,280,25,14,1
3,low,280,25,15,1
3,low,280,25,16,1
3,low,280,25,17,1
3,low,280,25,18,1
3,low,280,25,19,1
3,low,280,25,20,1
3,low,280,25,21,1
3,low,280,25,22,0
3,low,280,25,23,1
3,low,280,25,24,1
3,low,280,25,25,1
3,low,280,25,26,1
3,low,280,25,27,0
3,low,280,25,28,1
3,low,280,27,20,0
3,low,280,27,21,1
3,low,280,27,22,1
3,low,280,27,23,1
3,low,280,27,24,1
3,low,280,27,25,1
3,low,280,27,26,1
3,low,280,27,27,1
3,low,280,27,28,1
3,low,280,27,29,1
3,low,280,27,30,1
3,low,280,29,26,1
3,low,280,29,27,0
3,low,280,29,28,1
3,low,280,29,29,0
3,low,280,29,30,1
3,low,280,25,29,1
3,low,280,25,30,1
3,low,301,29,1,1
3,low,301,27,1,1
3,low,301,27,2,1
3,low,301,27,5,1
3,low,301,27,6,1
3,low,301,27,7,1
3,low,301,27,8,1
3,low,301,27,10,1
3,low,301,27,11,1
3,low,301,27,12,1
3,low,301,27,14,1
3,low,301,27,15,1
3,low,301,27,16,1
3,low,301,27,18,1
3,low,301,29,4,1
3,low,301,29,5,1
3,low,301,29,7,1
3,low,301,29,8,1
3,low,301,29,9,1
3,low,301,29,12,1
3,low,301,29,13,1
3,low,301,29,15,1
3,low,301,29,16,1
3,low,301,29,17,1
3,low,301,29,20,1
3,low,301,29,21,1
3,low,301,29,22,1
3,low,301,29,23,1
3,low,301,29,25,1
3,low,301,29,26,1
3,low,301,29,27,1
3,low,301,29,28,1
3,low,301,29,30,1
3,low,301,25,1,1
3,low,301,25,2,1
3,low,301,25,3,1
3,low,301,25,4,1
3,low,301,25,5,1
3,low,301,25,6,1
3,low,301,25,7,1
3,low,301,25,8,1
3,low,301,25,9,1
3,low,301,25,10,1
3,low,301,25,11,1
3,low,301,25,12,1
3,low,301,25,13,1
3,low,301,25,14,1
3,low,301,25,15,1
3,low,301,25,16,1
3,low,301,27,19,1
3,low,301,27,21,1
3,low,301,27,22,1
3,low,301,27,23,0
3,low,301,27,24,1
3,low,301,27,25,1
3,low,301,27,26,1
3,low,301,27,27,1
3,low,301,27,28,1
3,low,301,27,29,1
3,low,301,27,30,0
3,low,301,25,17,1
3,low,301,25,18,1
3,low,301,25,19,1
3,low,301,25,20,1
3,low,301,25,21,1
3,low,301,25,22,1
3,low,301,25,23,1
3,low,301,25,25,1
3,low,301,25,26,1
3,low,301,25,27,1
3,low,301,25,28,1
3,low,301,25,29,1
3,low,301,25,30,1
2,low,319,27,1,1
2,low,319,29,1,1
2,low,319,29,2,1
2,low,319,29,3,1
2,low,319,29,4,1
2,low,319,29,5,1
2,low,319,29,6,1
2,low,319,29,7,1
2,low,319,29,8,1
2,low,319,25,1,1
2,low,319,27,2,1
2,low,319,27,3,1
2,low,319,27,4,1
2,low,319,27,5,1
2,low,319,27,6,1
2,low,319,27,7,1
2,low,319,27,8,1
2,low,319,27,9,1
2,low,319,27,10,1
2,low,319,27,11,1
2,low,319,27,12,1
2,low,319,27,13,0
2,low,319,27,14,1
2,low,319,27,15,1
2,low,319,27,16,1
2,low,319,27,17,1
2,low,319,27,18,1
2,low,319,27,19,1
2,low,319,27,20,1
2,low,319,27,21,1
2,low,319,27,22,1
2,low,319,27,23,1
2,low,319,27,24,1
2,low,319,27,25,1
2,low,319,27,26,1
2,low,319,27,27,1
2,low,319,27,28,1
2,low,319,27,29,1
2,low,319,27,30,1
2,low,319,29,9,1
2,low,319,29,12,1
2,low,319,29,13,1
2,low,319,29,14,1
2,low,319,29,15,1
2,low,319,29,16,1
2,low,319,29,17,1
2,low,319,29,18,1
2,low,319,29,19,1
2,low,319,29,20,1
2,low,319,29,21,1
2,low,319,25,2,1
2,low,319,25,3,1
2,low,319,25,4,1
2,low,319,25,5,1
2,low,319,25,6,1
2,low,319,25,7,1
2,low,319,25,8,1
2,low,319,25,9,1
2,low,319,25,10,1
2,low,319,25,11,1
2,low,319,25,12,1
2,low,319,25,13,1
2,low,319,25,14,1
2,low,319,25,15,1
2,low,319,25,16,1
2,low,319,25,17,1
2,low,319,29,22,1
2,low,319,29,23,1
2,low,319,25,18,1
2,low,319,25,19,1
2,low,319,25,20,1
2,low,319,25,21,1
2,low,319,25,22,1
2,low,319,25,23,1
2,low,319,25,24,1
2,low,319,25,25,1
2,low,319,25,26,1
2,low,319,25,27,1
2,low,319,25,28,1
2,low,319,25,29,1
2,low,319,25,30,1
2,low,319,29,25,1
1,high,320,27,1,1
1,high,320,27,2,1
1,high,320,27,3,1
1,high,320,27,4,1
1,high,320,27,5,1
1,high,320,27,6,0
1,high,320,27,7,0
1,high,320,27,8,1
1,high,320,27,9,1
1,high,320,27,10,1
1,high,320,27,11,1
1,high,320,27,12,1
1,high,320,29,2,1
1,high,320,29,3,0
1,high,320,29,4,0
1,high,320,29,5,0
1,high,320,29,6,1
1,high,320,29,7,1
1,high,320,29,8,0
1,high,320,29,9,0
1,high,320,29,10,0
1,high,320,29,12,1
1,high,320,29,13,1
1,high,320,29,14,1
1,high,320,29,15,1
1,high,320,29,16,1
1,high,320,29,17,1
1,high,320,29,18,1
1,high,320,29,19,1
1,high,320,29,20,1
1,high,320,29,21,0
1,high,320,29,22,1
1,high,320,29,23,1
1,high,320,29,24,1
1,high,320,29,25,1
1,high,320,29,26,1
1,high,320,29,27,0
1,high,320,25,2,1
1,high,320,25,3,1
1,high,320,25,4,1
1,high,320,25,5,1
1,high,320,25,6,1
1,high,320,25,7,0
1,high,320,25,9,1
1,high,320,25,10,1
1,high,320,25,11,1
1,high,320,25,12,1
1,high,320,25,13,1
1,high,320,25,15,1
1,high,320,25,16,0
1,high,320,25,18,1
1,high,320,25,19,1
1,high,320,25,20,1
1,high,320,25,21,0
1,high,320,25,22,1
1,high,320,25,23,1
1,high,320,25,24,1
1,high,320,25,25,0
1,high,320,25,27,1
1,high,320,25,28,1
1,high,320,25,29,1
1,high,320,25,30,1
1,high,320,25,1,1
1,high,320,25,14,1
1,high,320,25,17,1
1,high,320,25,26,1
1,high,320,27,18,1
1,high,320,27,13,1
1,high,320,27,14,1
1,high,320,27,15,1
1,high,320,27,16,1
1,high,320,27,17,1
1,high,320,27,19,1
1,high,320,27,20,1
1,high,320,27,21,1
1,high,320,27,22,0
1,high,320,27,23,1
1,high,320,27,24,1
1,high,320,27,26,1
1,high,320,27,27,1
1,high,320,27,28,1
1,high,320,27,29,1
1,high,320,27,30,1
1,high,320,29,29,1
1,high,320,29,30,1
1,low,338,29,1,1
1,low,338,29,1,1
1,low,338,29,2,1
1,low,338,29,2,1
1,low,338,29,5,1
1,low,338,29,6,1
1,low,338,27,1,1
1,low,338,27,2,1
1,low,338,27,3,1
1,low,338,27,4,1
1,low,338,27,5,1
1,low,338,27,6,1
1,low,338,27,7,1
1,low,338,27,8,1
1,low,338,27,9,1
1,low,338,29,4,1
1,low,338,29,5,1
1,low,338,29,6,1
1,low,338,29,7,1
1,low,338,29,7,1
1,low,338,29,8,1
1,low,338,29,8,1
1,low,338,29,9,1
1,low,338,29,9,1
1,low,338,29,10,1
1,low,338,29,10,1
1,low,338,29,11,1
1,low,338,29,11,1
1,low,338,29,12,1
1,low,338,29,12,1
1,low,338,29,13,1
1,low,338,29,13,1
1,low,338,29,14,1
1,low,338,29,14,1
1,low,338,29,15,1
1,low,338,29,15,1
1,low,338,29,16,1
1,low,338,29,16,1
1,low,338,29,17,1
1,low,338,29,17,1
1,low,338,29,18,1
1,low,338,29,18,1
1,low,338,29,19,1
1,low,338,29,19,1
1,low,338,29,20,1
1,low,338,29,21,1
1,low,338,29,22,1
1,low,338,29,23,1
1,low,338,29,24,0
1,low,338,25,1,1
1,low,338,25,2,1
1,low,338,25,3,1
1,low,338,25,4,1
1,low,338,25,5,1
1,low,338,25,6,0
1,low,338,25,7,1
1,low,338,25,8,0
1,low,338,25,9,1
1,low,338,25,10,0
1,low,338,25,11,1
1,low,338,25,12,1
1,low,338,25,13,1
1,low,338,25,14,1
1,low,338,25,15,1
1,low,338,25,16,1
1,low,338,27,20,1
1,low,338,27,21,1
1,low,338,27,22,1
1,low,338,27,23,1
1,low,338,27,24,1
1,low,338,27,25,1
1,low,338,27,26,1
1,low,338,27,27,1
1,low,338,27,28,1
1,low,338,27,29,1
1,low,338,27,30,1
1,low,338,27,10,1
1,low,338,27,11,1
1,low,338,27,12,1
1,low,338,27,13,1
1,low,338,27,14,1
1,low,338,27,15,1
1,low,338,27,17,1
1,low,338,27,18,1
1,low,338,27,19,1
1,low,338,29,20,1
1,low,338,29,21,1
1,low,338,29,22,1
1,low,338,29,23,1
1,low,338,29,24,1
1,low,338,29,25,1
1,low,338,29,25,0
1,low,338,29,26,1
1,low,338,29,26,1
1,low,338,29,27,1
1,low,338,29,27,1
1,low,338,29,28,1
1,low,338,29,28,1
1,low,338,29,29,1
1,low,338,29,29,1
1,low,338,29,30,1
1,low,338,29,30,1
1,low,338,25,18,1
1,low,338,25,19,1
1,low,338,25,20,1
1,low,338,25,21,1
1,low,338,25,22,1
1,low,338,25,23,1
1,low,338,25,24,1
1,low,338,25,25,1
1,low,338,25,26,1
1,low,338,25,27,1
1,low,338,25,28,1
1,low,338,25,28,1
1,low,338,25,29,1
1,low,338,25,30,1
2,high,356,29,20,1
2,high,356,29,1,1
2,high,356,29,2,1
2,high,356,29,3,1
2,high,356,29,4,1
2,high,356,29,5,1
2,high,356,29,6,1
2,high,356,29,7,1
2,high,356,29,8,1
2,high,356,29,9,1
2,high,356,29,10,1
2,high,356,29,11,1
2,high,356,29,12,1
2,high,356,29,13,1
2,high,356,29,14,1
2,high,356,29,15,1
2,high,356,29,16,1
2,high,356,29,17,1
2,high,356,29,18,1
2,high,356,29,19,0
2,high,356,29,21,1
2,high,356,29,22,1
2,high,356,29,23,1
2,high,356,29,24,1
2,high,356,29,25,1
2,high,356,29,26,1
2,high,356,29,27,1
2,high,356,29,28,1
2,high,356,29,29,1
2,high,356,29,30,0
2,high,356,27,1,1
2,high,356,27,2,0
2,high,356,27,3,1
2,high,356,27,4,1
2,high,356,27,5,1
2,high,356,27,6,1
2,high,356,27,7,1
2,high,356,27,8,0
2,high,356,27,9,1
2,high,356,27,10,1
2,high,356,27,11,1
2,high,356,27,12,1
2,high,356,27,13,1
2,high,356,27,14,1
2,high,356,27,15,1
2,high,356,27,16,1
2,high,356,27,17,1
2,high,356,27,18,1
2,high,356,27,19,1
2,high,356,27,20,1
2,high,356,27,21,1
2,high,356,27,22,1
2,high,356,27,23,1
2,high,356,27,1,1
2,high,356,27,2,1
2,high,356,27,3,1
2,high,356,27,4,1
2,high,356,27,5,1
2,high,356,27,6,1
2,high,356,27,7,1
2,high,356,27,9,1
2,high,356,27,10,1
2,high,356,27,11,1
2,high,356,27,12,1
2,high,356,27,13,1
2,high,356,27,14,1
2,high,356,27,15,1
2,high,356,29,1,1
2,high,356,29,2,1
2,high,356,29,3,1
2,high,356,29,4,1
2,high,356,29,5,0
2,high,356,29,7,1
2,high,356,29,8,1
2,high,356,29,9,1
2,high,356,29,10,1
2,high,356,29,11,1
2,high,356,29,12,1
2,high,356,29,13,1
2,high,356,29,14,1
2,high,356,29,15,1
2,high,356,29,16,1
2,high,356,29,17,0
2,high,356,29,18,1
2,high,356,29,19,1
2,high,356,29,20,1
2,high,356,29,21,1
2,high,356,29,22,1
2,high,356,29,23,1
2,high,356,29,24,1
2,high,356,29,25,1
2,high,356,29,26,1
2,high,356,29,28,1
2,high,356,29,29,1
2,high,356,29,30,1
2,high,356,29,6,0
2,high,356,25,1,1
2,high,356,25,2,1
2,high,356,25,3,1
2,high,356,25,4,1
2,high,356,25,5,1
2,high,356,25,6,1
2,high,356,25,7,1
2,high,356,25,8,1
2,high,356,25,9,1
2,high,356,25,10,1
2,high,356,25,11,1
2,high,356,25,12,1
2,high,356,25,13,1
2,high,356,25,14,1
2,high,356,25,15,1
2,high,356,25,16,1
2,high,356,25,17,1
2,high,356,25,18,1
2,high,356,25,19,1
2,high,356,25,20,1
2,high,356,25,21,1
2,high,356,25,22,0
2,high,356,25,23,1
2,high,356,25,24,1
2,high,356,25,25,1
2,high,356,25,26,1
2,high,356,25,27,1
2,high,356,25,28,1
2,high,356,25,29,1
2,high,356,25,30,1
2,high,356,27,24,1
2,high,356,27,26,1
2,high,356,27,27,1
2,high,356,27,28,1
2,high,356,27,29,1
2,high,356,27,30,0
2,high,356,27,16,1
2,high,356,27,17,1
2,high,356,27,18,1
2,high,356,27,19,1
2,high,356,27,20,1
2,high,356,27,21,1
2,high,356,27,22,1
2,high,356,27,23,1
2,high,356,27,24,1
2,high,356,27,25,1
2,high,356,27,26,1
2,high,356,27,27,0
2,high,356,27,28,1
2,high,356,27,29,1
2,high,356,27,30,1
2,high,356,25,1,1
2,high,356,25,2,1
2,high,356,25,3,1
2,high,356,25,4,1
2,high,356,25,5,1
2,high,356,25,6,1
2,high,356,25,7,1
2,high,356,25,8,0
2,high,356,25,9,1
2,high,356,25,10,1
2,high,356,25,11,1
2,high,356,25,12,1
2,high,356,25,13,1
2,high,356,25,14,1
2,high,356,25,15,1
2,high,356,25,16,1
2,high,356,25,17,1
2,high,356,25,18,1
2,high,356,25,19,1
2,high,356,25,20,1
2,high,356,25,21,1
2,high,356,25,22,1
2,high,356,25,23,1
2,high,356,25,24,1
2,high,356,25,25,1
2,high,356,25,26,1
2,high,356,25,27,0
2,high,356,25,28,1
2,high,356,25,29,0
2,high,356,25,30,0
3,high,360,29,1,1
3,high,360,29,2,1
3,high,360,29,3,1
3,high,360,29,4,1
3,high,360,29,5,1
3,high,360,29,6,1
3,high,360,29,7,1
3,high,360,29,9,1
3,high,360,29,10,1
3,high,360,29,13,1
3,high,360,29,14,1
3,high,360,29,15,1
3,high,360,29,16,1
3,high,360,29,17,1
3,high,360,29,19,1
3,high,360,29,20,1
3,high,360,29,21,1
3,high,360,29,22,1
3,high,360,27,1,1
3,high,360,27,2,1
3,high,360,27,3,1
3,high,360,27,4,1
3,high,360,27,5,1
3,high,360,27,6,1
3,high,360,27,7,1
3,high,360,27,8,1
3,high,360,27,9,1
3,high,360,27,10,0
3,high,360,27,11,1
3,high,360,27,12,1
3,high,360,27,13,1
3,high,360,27,14,1
3,high,360,27,15,1
3,high,360,27,16,1
3,high,360,27,17,1
3,high,360,27,18,1
3,high,360,27,19,1
3,high,360,27,20,1
3,high,360,27,21,1
3,high,360,27,22,1
3,high,360,27,23,1
3,high,360,27,24,1
3,high,360,29,23,1
3,high,360,29,24,1
3,high,360,29,25,1
3,high,360,29,26,1
3,high,360,29,27,1
3,high,360,29,28,1
3,high,360,29,29,1
3,high,360,29,30,1
3,high,360,25,1,1
3,high,360,25,2,1
3,high,360,25,3,1
3,high,360,25,4,1
3,high,360,25,5,1
3,high,360,25,6,1
3,high,360,25,7,1
3,high,360,25,8,1
3,high,360,25,9,1
3,high,360,25,10,1
3,high,360,25,11,1
3,high,360,25,12,1
3,high,360,25,13,1
3,high,360,25,14,1
3,high,360,27,25,1
3,high,360,27,26,1
3,high,360,27,27,1
3,high,360,27,28,1
3,high,360,27,29,1
3,high,360,27,30,1
3,high,360,25,15,1
3,high,360,25,16,1
3,high,360,25,17,0
3,high,360,25,18,1
3,high,360,25,19,1
3,high,360,25,20,1
3,high,360,25,21,1
3,high,360,25,22,1
3,high,360,25,23,1
3,high,360,25,24,1
3,high,360,25,25,1
3,high,360,25,26,1
3,high,360,25,27,1
3,high,360,25,28,1
3,high,360,25,29,1
3,high,360,25,30,1
1,high,362,27,1,1
1,high,362,27,2,1
1,high,362,27,3,1
1,high,362,27,4,1
1,high,362,29,1,1
1,high,362,29,2,1
1,high,362,29,3,0
1,high,362,29,5,1
1,high,362,29,6,1
1,high,362,25,1,1
1,high,362,25,2,1
1,high,362,25,3,1
1,high,362,25,4,1
1,high,362,25,5,1
1,high,362,25,6,1
1,high,362,25,7,1
1,high,362,25,8,1
1,high,362,25,9,1
1,high,362,25,10,1
1,high,362,25,11,1
1,high,362,25,12,1
1,high,362,25,13,1
1,high,362,25,14,1
1,high,362,25,15,1
1,high,362,25,16,1
1,high,362,25,17,1
1,high,362,25,18,1
1,high,362,25,19,1
1,high,362,25,20,1
1,high,362,25,21,1
1,high,362,25,22,1
1,high,362,25,23,1
1,high,362,25,24,1
1,high,362,25,25,1
1,high,362,27,26,0
1,high,362,27,5,1
1,high,362,27,6,1
1,high,362,27,7,1
1,high,362,27,8,1
1,high,362,27,9,1
1,high,362,27,10,1
1,high,362,27,11,1
1,high,362,27,12,0
1,high,362,27,13,1
1,high,362,27,14,1
1,high,362,27,15,1
1,high,362,27,16,1
1,high,362,27,17,1
1,high,362,27,18,1
1,high,362,27,19,1
1,high,362,27,21,1
1,high,362,27,22,1
1,high,362,27,23,1
1,high,362,27,24,1
1,high,362,27,25,1
1,high,362,27,27,1
1,high,362,27,28,1
1,high,362,27,29,1
1,high,362,27,30,1
1,high,362,29,7,0
1,high,362,29,8,1
1,high,362,29,9,0
1,high,362,29,10,1
1,high,362,29,11,1
1,high,362,29,12,1
1,high,362,29,13,1
1,high,362,29,14,0
1,high,362,29,15,1
1,high,362,29,16,1
1,high,362,29,17,1
1,high,362,29,19,1
1,high,362,29,20,1
1,high,362,29,21,1
1,high,362,29,22,0
1,high,362,29,23,1
1,high,362,29,24,1
1,high,362,29,25,1
1,high,362,29,27,1
1,high,362,29,28,1
1,high,362,29,29,1
1,high,362,29,30,1
1,high,362,25,26,1
1,high,362,25,27,0
1,high,362,25,28,1
1,high,362,25,29,1
1,high,362,25,30,1
3,low,365,27,1,1
3,low,365,25,1,1
3,low,365,25,2,1
3,low,365,27,2,1
3,low,365,27,4,1
3,low,365,27,5,1
3,low,365,27,6,1
3,low,365,27,7,1
3,low,365,27,8,1
3,low,365,27,10,1
3,low,365,27,12,0
3,low,365,27,13,1
3,low,365,27,14,1
3,low,365,27,15,1
3,low,365,27,16,1
3,low,365,25,3,1
3,low,365,25,4,1
3,low,365,25,5,1
3,low,365,25,6,1
3,low,365,25,7,1
3,low,365,25,8,1
3,low,365,25,9,1
3,low,365,25,10,1
3,low,365,27,17,1
3,low,365,27,18,1
3,low,365,27,20,1
3,low,365,27,21,1
3,low,365,27,22,1
3,low,365,27,23,1
3,low,365,27,24,1
3,low,365,27,25,1
3,low,365,27,26,1
3,low,365,27,27,1
3,low,365,27,28,1
3,low,365,29,1,1
3,low,365,29,2,1
3,low,365,29,3,1
3,low,365,25,11,1
3,low,365,25,12,1
3,low,365,25,13,1
3,low,365,25,14,1
3,low,365,25,16,1
3,low,365,25,17,1
3,low,365,25,18,1
3,low,365,25,19,1
3,low,365,25,20,0
3,low,365,25,21,1
3,low,365,25,22,1
3,low,365,25,24,1
3,low,365,25,25,1
3,low,365,25,26,1
3,low,365,25,27,1
3,low,365,25,28,1
3,low,365,25,29,1
3,low,365,25,30,1
1,high,374,27,1,1
1,high,374,27,2,1
1,high,374,29,1,1
1,high,374,29,2,1
1,high,374,29,4,1
1,high,374,29,5,1
1,high,374,29,6,1
1,high,374,29,7,1
1,high,374,29,8,1
1,high,374,29,9,1
1,high,374,29,10,1
1,high,374,29,11,1
1,high,374,29,12,1
1,high,374,29,13,1
1,high,374,29,14,1
1,high,374,25,1,1
1,high,374,27,4,1
1,high,374,27,5,1
1,high,374,27,7,1
1,high,374,27,8,1
1,high,374,27,9,1
1,high,374,27,10,1
1,high,374,27,11,1
1,high,374,27,12,1
1,high,374,27,13,1
1,high,374,27,14,1
1,high,374,27,15,1
1,high,374,27,16,1
1,high,374,27,17,1
1,high,374,27,18,1
1,high,374,27,20,1
1,high,374,27,21,1
1,high,374,27,22,1
1,high,374,27,23,1
1,high,374,27,24,1
1,high,374,27,25,1
1,high,374,29,15,1
1,high,374,29,16,1
1,high,374,29,17,1
1,high,374,29,19,1
1,high,374,29,20,1
1,high,374,29,21,1
1,high,374,29,22,1
1,high,374,29,23,1
1,high,374,29,24,1
1,high,374,29,26,1
1,high,374,29,27,1
1,high,374,29,28,1
1,high,374,29,29,1
1,high,374,29,30,1
1,high,374,25,2,1
1,high,374,25,3,1
1,high,374,25,4,1
1,high,374,25,5,1
1,high,374,25,6,1
1,high,374,25,7,1
1,high,374,25,8,1
1,high,374,25,9,1
1,high,374,25,12,1
1,high,374,25,13,1
1,high,374,25,15,1
1,high,374,25,16,1
1,high,374,25,17,1
1,high,374,25,18,1
1,high,374,25,19,1
1,high,374,25,20,1
1,high,374,25,21,1
1,high,374,25,22,1
1,high,374,25,23,1
1,high,374,25,25,1
1,high,374,25,26,1
1,high,374,25,27,1
1,high,374,25,28,1
1,high,374,25,29,1
1,high,374,25,10,1
1,high,374,25,11,1
1,high,374,25,24,1
1,high,374,25,30,1
1,high,374,27,27,1
1,high,374,27,28,1
1,high,374,27,29,1
1,high,374,27,30,0
2,high,390,29,1,1
2,high,390,29,2,1
2,high,390,29,3,1
2,high,390,29,4,1
2,high,390,25,1,1
2,high,390,27,1,1
2,high,390,27,2,1
2,high,390,27,3,1
2,high,390,27,4,1
2,high,390,27,6,1
2,high,390,27,7,1
2,high,390,27,8,1
2,high,390,29,5,1
2,high,390,29,6,1
2,high,390,29,7,1
2,high,390,29,8,1
2,high,390,29,9,1
2,high,390,29,10,1
2,high,390,29,12,1
2,high,390,29,13,1
2,high,390,29,14,1
2,high,390,29,15,1
2,high,390,29,16,1
2,high,390,29,17,1
2,high,390,29,18,1
2,high,390,29,19,1
2,high,390,29,20,1
2,high,390,29,21,1
2,high,390,29,22,1
2,high,390,29,23,1
2,high,390,29,24,0
2,high,390,29,25,1
2,high,390,29,26,1
2,high,390,29,27,1
2,high,390,25,2,1
2,high,390,25,3,1
2,high,390,25,4,1
2,high,390,25,5,1
2,high,390,25,6,1
2,high,390,25,7,1
2,high,390,25,8,1
2,high,390,25,9,1
2,high,390,25,10,1
2,high,390,25,11,1
2,high,390,25,12,1
2,high,390,27,9,1
2,high,390,27,10,1
2,high,390,27,11,1
2,high,390,27,12,1
2,high,390,27,13,1
2,high,390,27,14,1
2,high,390,27,15,1
2,high,390,27,16,1
2,high,390,27,17,1
2,high,390,27,18,1
2,high,390,27,19,1
2,high,390,27,20,0
2,high,390,27,21,0
2,high,390,27,22,1
2,high,390,27,23,1
2,high,390,29,28,0
2,high,390,29,30,0
2,high,390,25,13,1
2,high,390,25,14,1
2,high,390,25,15,1
2,high,390,25,16,1
2,high,390,25,17,1
2,high,390,25,18,1
2,high,390,25,19,1
2,high,390,25,21,1
2,high,390,25,22,0
2,high,390,25,23,1
2,high,390,25,24,0
2,high,390,25,25,1
2,high,390,25,26,1
2,high,390,25,27,0
2,high,390,25,28,1
2,high,390,27,24,1
2,high,390,27,25,1
2,high,390,27,27,1
2,high,390,27,28,1
2,high,390,27,29,1
2,high,390,27,30,1
2,high,390,25,29,1
2,high,390,25,30,1
3,low,409,27,1,1
3,low,409,27,2,1
3,low,409,27,3,1
3,low,409,27,4,1
3,low,409,27,5,1
3,low,409,29,1,1
3,low,409,29,2,1
3,low,409,29,3,1
3,low,409,29,4,1
3,low,409,29,6,1
3,low,409,29,7,0
3,low,409,29,8,1
3,low,409,29,9,1
3,low,409,29,12,1
3,low,409,25,1,1
3,low,409,25,2,1
3,low,409,25,3,1
3,low,409,25,4,1
3,low,409,25,5,1
3,low,409,27,6,1
3,low,409,27,7,1
3,low,409,27,8,1
3,low,409,27,9,1
3,low,409,27,10,1
3,low,409,27,11,1
3,low,409,27,14,1
3,low,409,27,15,1
3,low,409,27,16,1
3,low,409,27,17,1
3,low,409,29,13,0
3,low,409,29,14,1
3,low,409,29,25,1
3,low,409,29,26,0
3,low,409,29,30,1
3,low,409,25,6,1
3,low,409,25,7,1
3,low,409,25,9,1
3,low,409,25,10,1
3,low,409,25,11,1
3,low,409,27,18,1
3,low,409,27,19,1
3,low,409,27,20,1
3,low,409,27,21,1
3,low,409,27,24,1
3,low,409,27,25,1
3,low,409,27,26,1
3,low,409,27,27,1
3,low,409,27,28,0
3,low,409,27,29,1
3,low,409,25,12,1
3,low,409,25,13,1
3,low,409,25,14,0
3,low,409,25,15,1
3,high,439,27,1,1
3,high,439,27,2,1
3,high,439,27,3,1
3,high,439,29,2,1
3,high,439,29,4,1
3,high,439,29,5,1
3,high,439,29,6,1
3,high,439,29,7,1
3,high,439,29,9,1
3,high,439,29,10,1
3,high,439,29,11,0
3,high,439,29,13,1
3,high,439,29,15,1
3,high,439,25,1,1
3,high,439,27,4,1
3,high,439,27,5,1
3,high,439,27,6,1
3,high,439,27,7,1
3,high,439,27,8,1
3,high,439,27,9,1
3,high,439,27,10,1
3,high,439,27,11,1
3,high,439,27,12,1
3,high,439,27,13,1
3,high,439,27,14,0
3,high,439,27,15,1
3,high,439,29,16,1
3,high,439,29,18,1
3,high,439,29,19,1
3,high,439,29,20,1
3,high,439,29,21,1
3,high,439,29,22,1
3,high,439,29,23,1
3,high,439,29,24,1
3,high,439,25,2,1
3,high,439,25,3,1
3,high,439,25,4,1
3,high,439,25,5,1
3,high,439,25,6,1
3,high,439,25,7,1
3,high,439,25,8,1
3,high,439,25,9,1
3,high,439,25,10,1
3,high,439,25,11,1
3,high,439,25,12,1
3,high,439,25,13,1
3,high,439,25,14,1
3,high,439,25,15,1
3,high,439,25,16,1
3,high,439,25,17,1
3,high,439,25,19,1
3,high,439,25,20,1
3,high,439,25,21,1
3,high,439,25,22,1
3,high,439,25,23,1
3,high,439,25,24,1
3,high,439,25,25,1
3,high,439,25,26,1
3,high,439,25,27,1
3,high,439,25,28,1
3,high,439,27,16,1
3,high,439,27,17,1
3,high,439,27,18,1
3,high,439,27,19,1
3,high,439,27,20,1
3,high,439,27,21,1
3,high,439,27,22,1
3,high,439,27,23,1
3,high,439,27,24,1
3,high,439,27,25,1
3,high,439,27,26,1
3,high,439,27,27,1
3,high,439,27,28,0
3,high,439,27,29,1
3,high,439,29,26,1
2,low,502,27,1,1
2,low,502,27,2,1
2,low,502,29,1,1
2,low,502,29,2,1
2,low,502,29,3,1
2,low,502,29,4,1
2,low,502,29,5,1
2,low,502,29,6,1
2,low,502,29,7,1
2,low,502,29,8,1
2,low,502,29,9,1
2,low,502,29,10,1
2,low,502,29,11,1
2,low,502,29,12,1
2,low,502,29,13,1
2,low,502,29,14,1
2,low,502,29,15,1
2,low,502,29,16,1
2,low,502,29,17,1
2,low,502,29,18,1
2,low,502,29,19,1
2,low,502,29,20,1
2,low,502,29,21,1
2,low,502,29,22,1
2,low,502,29,23,1
2,low,502,29,24,1
2,low,502,29,25,1
2,low,502,29,26,1
2,low,502,29,27,1
2,low,502,29,28,1
2,low,502,29,30,1
2,low,502,25,1,0
2,low,502,25,2,1
2,low,502,25,3,1
2,low,502,25,4,1
2,low,502,25,5,1
2,low,502,25,6,1
2,low,502,25,7,1
2,low,502,27,3,1
2,low,502,27,4,1
2,low,502,27,5,1
2,low,502,27,7,1
2,low,502,27,8,1
2,low,502,27,9,0
2,low,502,27,10,1
2,low,502,27,12,1
2,low,502,27,13,1
2,low,502,27,14,1
2,low,502,27,15,1
2,low,502,27,16,1
2,low,502,27,17,1
2,low,502,27,18,1
2,low,502,27,19,1
2,low,502,27,20,1
2,low,502,27,21,1
2,low,502,27,22,1
2,low,502,27,23,1
2,low,502,27,24,1
2,low,502,27,25,1
2,low,502,27,26,1
2,low,502,27,27,1
2,low,502,27,28,1
2,low,502,27,29,1
2,low,502,25,8,1
2,low,502,25,9,1
2,low,502,25,10,1
2,low,502,25,11,1
2,low,502,25,12,1
2,low,502,25,13,1
2,low,502,25,14,1
2,low,502,25,15,1
2,low,502,25,16,1
2,low,502,25,17,1
2,low,502,25,18,1
2,low,502,25,19,1
2,low,502,25,20,1
2,low,502,25,21,1
2,low,502,25,22,0
2,low,502,25,23,1
2,low,502,25,24,1
2,low,502,25,25,1
2,low,502,25,26,1
2,low,502,25,27,1
2,low,502,25,28,1
2,low,502,25,29,1
2,low,502,25,30,1
2,low,502,27,30,1
2,low,530,29,1,1
2,low,530,29,2,1
2,low,530,29,3,1
2,low,530,25,1,1
2,low,530,25,2,1
2,low,530,27,1,1
2,low,530,27,2,1
2,low,530,27,3,1
2,low,530,27,4,1
2,low,530,27,5,1
2,low,530,27,6,1
2,low,530,27,7,1
2,low,530,27,8,1
2,low,530,29,4,0
2,low,530,29,5,1
2,low,530,29,6,1
2,low,530,29,7,1
2,low,530,29,8,1
2,low,530,29,11,1
2,low,530,29,12,1
2,low,530,29,13,1
2,low,530,29,14,1
2,low,530,29,15,1
2,low,530,29,16,1
2,low,530,29,17,1
2,low,530,29,18,1
2,low,530,25,3,1
2,low,530,25,4,1
2,low,530,25,5,1
2,low,530,25,6,1
2,low,530,25,7,1
2,low,530,25,8,1
2,low,530,25,9,1
2,low,530,25,10,0
2,low,530,25,11,1
2,low,530,25,12,1
2,low,530,25,13,1
2,low,530,25,14,1
2,low,530,25,15,1
2,low,530,25,16,1
2,low,530,27,9,0
2,low,530,27,10,1
2,low,530,27,11,1
2,low,530,27,12,1
2,low,530,27,13,1
2,low,530,27,14,1
2,low,530,27,15,1
2,low,530,27,16,1
2,low,530,27,17,1
2,low,530,27,18,1
2,low,530,27,19,0
2,low,530,27,20,1
2,low,530,27,21,1
2,low,530,27,22,1
2,low,530,27,23,1
2,low,530,27,24,1
2,low,530,27,25,1
2,low,530,29,19,0
2,low,530,29,20,0
2,low,530,29,22,1
2,low,530,29,24,1
2,low,530,29,25,0
2,low,530,29,26,0
2,low,530,29,27,1
2,low,530,29,28,1
2,low,530,29,29,1
2,low,530,29,30,1
2,low,530,25,17,1
2,low,530,25,18,1
2,low,530,25,20,1
2,low,530,27,26,1
2,low,530,27,27,1
2,low,530,27,29,1
2,low,530,27,30,1
2,high,559,27,1,1
2,high,559,27,2,0
2,high,559,27,3,1
2,high,559,27,4,1
2,high,559,27,5,1
2,high,559,27,6,1
2,high,559,27,8,1
2,high,559,27,9,1
2,high,559,27,10,1
2,high,559,27,11,1
2,high,559,27,12,1
2,high,559,27,13,0
2,high,559,27,14,1
2,high,559,27,15,1
2,high,559,27,16,1
2,high,559,27,17,1
2,high,559,27,19,1
2,high,559,27,20,1
2,high,559,29,1,1
2,high,559,29,2,1
2,high,559,29,3,1
2,high,559,29,4,1
2,high,559,29,5,0
2,high,559,29,6,1
2,high,559,29,7,1
2,high,559,29,8,1
2,high,559,29,9,1
2,high,559,29,10,1
2,high,559,29,11,1
2,high,559,29,12,1
2,high,559,29,13,1
2,high,559,29,14,1
2,high,559,29,15,1
2,high,559,29,16,1
2,high,559,29,17,1
2,high,559,29,18,0
2,high,559,29,19,1
2,high,559,29,20,0
2,high,559,29,21,1
2,high,559,29,22,0
2,high,559,29,23,0
2,high,559,29,24,1
2,high,559,29,25,0
2,high,559,29,26,1
2,high,559,29,27,1
2,high,559,29,28,1
2,high,559,29,29,1
2,high,559,29,30,1
2,high,559,25,1,1
2,high,559,25,2,1
2,high,559,27,21,1
2,high,559,27,22,1
2,high,559,27,23,1
2,high,559,27,24,1
2,high,559,27,25,1
2,high,559,27,26,1
2,high,559,27,27,1
2,high,559,27,28,1
2,high,559,27,29,1
2,high,559,27,30,1
2,high,559,25,3,1
2,high,559,25,4,1
2,high,559,25,5,1
2,high,559,25,6,1
2,high,559,25,7,1
2,high,559,25,8,1
2,high,559,25,9,1
2,high,559,25,10,1
2,high,559,25,11,1
2,high,559,25,13,1
2,high,559,25,14,1
2,high,559,25,15,1
2,high,559,25,16,1
2,high,559,25,17,0
2,high,559,25,19,1
2,high,559,25,20,1
2,high,559,25,21,1
2,high,559,25,12,0
2,high,559,25,18,0
2,high,559,25,22,1
2,high,559,25,23,1
2,high,559,25,24,1
2,high,559,25,25,1
2,high,559,25,26,1
2,high,559,25,27,1
3,high,584,27,1,1
3,high,584,27,2,1
3,high,584,29,1,1
3,high,584,29,2,1
3,high,584,29,3,1
3,high,584,29,4,1
3,high,584,29,5,1
3,high,584,29,6,1
3,high,584,29,7,1
3,high,584,29,8,1
3,high,584,29,9,1
3,high,584,29,10,1
3,high,584,29,11,1
3,high,584,29,12,1
3,high,584,29,13,1
3,high,584,29,14,1
3,high,584,29,15,1
3,high,584,29,16,1
3,high,584,29,17,1
3,high,584,29,18,1
3,high,584,29,19,1
3,high,584,29,20,1
3,high,584,29,21,1
3,high,584,29,22,1
3,high,584,29,23,1
3,high,584,29,25,1
3,high,584,29,26,0
3,high,584,29,27,1
3,high,584,29,29,1
3,high,584,29,30,1
3,high,584,25,1,1
3,high,584,25,2,1
3,high,584,25,3,1
3,high,584,27,4,1
3,high,584,27,5,1
3,high,584,27,6,1
3,high,584,27,8,1
3,high,584,27,9,1
3,high,584,27,12,1
3,high,584,27,13,1
3,high,584,27,14,1
3,high,584,27,15,1
3,high,584,27,17,1
3,high,584,27,18,1
3,high,584,27,19,1
3,high,584,27,20,1
3,high,584,27,21,1
3,high,584,27,22,1
3,high,584,27,23,1
3,high,584,27,24,1
3,high,584,27,25,1
3,high,584,27,26,1
3,high,584,27,27,1
3,high,584,25,4,1
3,high,584,25,5,1
3,high,584,25,6,1
3,high,584,25,7,0
3,high,584,25,8,1
3,high,584,25,9,1
3,high,584,25,10,1
3,high,584,25,11,1
3,high,584,25,12,1
3,high,584,25,13,1
3,high,584,25,14,1
3,high,584,25,15,1
3,high,584,25,16,1
3,high,584,25,17,1
3,high,584,25,18,1
3,high,584,25,19,0
3,high,584,25,20,1
3,high,584,25,21,1
3,high,584,25,22,1
3,high,584,25,23,1
3,high,584,25,24,1
3,high,584,25,25,1
3,high,584,25,27,1
3,high,584,25,28,1
3,high,584,25,29,1
3,high,584,25,30,1
3,high,584,27,28,0
3,high,584,27,29,1
3,high,584,27,30,1
2,low,627,25,1,1
2,low,627,25,2,1
2,low,627,25,3,1
2,low,627,25,4,1
2,low,627,25,5,1
2,low,627,25,6,1
2,low,627,25,7,1
2,low,627,27,1,1
2,low,627,27,2,1
2,low,627,27,3,1
2,low,627,27,5,1
2,low,627,27,6,1
2,low,627,27,7,1
2,low,627,27,8,1
2,low,627,27,9,1
2,low,627,27,10,1
2,low,627,27,12,1
2,low,627,27,13,1
2,low,627,27,14,1
2,low,627,27,15,1
2,low,627,27,16,1
2,low,627,27,17,0
2,low,627,27,18,1
2,low,627,27,19,1
2,low,627,27,20,1
2,low,627,27,21,1
2,low,627,27,22,1
2,low,627,27,23,1
2,low,627,27,24,1
2,low,627,27,25,1
2,low,627,27,26,1
2,low,627,27,27,1
2,low,627,27,28,1
2,low,627,27,29,1
2,low,627,27,30,1
2,low,627,29,1,1
2,low,627,29,2,1
2,low,627,29,3,0
2,low,627,29,4,1
2,low,627,29,5,1
2,low,627,29,6,1
2,low,627,29,7,1
2,low,627,25,8,1
2,low,627,25,9,1
2,low,627,25,10,1
2,low,627,25,12,1
2,low,627,25,13,1
2,low,627,25,14,1
2,low,627,25,15,1
2,low,627,25,16,1
2,low,627,25,17,1
2,low,627,25,18,1
2,low,627,25,19,1
2,low,627,25,20,1
2,low,627,25,21,1
2,low,627,25,22,1
2,low,627,25,23,1
2,low,627,25,24,0
2,low,627,25,25,1
2,low,627,25,26,1
2,low,627,25,27,1
2,low,627,25,28,1
2,low,627,25,29,1
2,low,627,25,30,0
2,high,630,29,1,1
2,high,630,29,2,1
2,high,630,29,3,1
2,high,630,29,4,1
2,high,630,29,5,1
2,high,630,27,1,1
2,high,630,27,2,1
2,high,630,27,4,1
2,high,630,27,5,1
2,high,630,27,6,1
2,high,630,27,7,1
2,high,630,27,8,1
2,high,630,29,6,0
2,high,630,29,7,1
2,high,630,29,8,1
2,high,630,29,9,0
2,high,630,29,10,1
2,high,630,29,11,1
2,high,630,29,12,1
2,high,630,29,13,1
2,high,630,29,14,0
2,high,630,29,15,0
2,high,630,29,16,0
2,high,630,29,17,1
2,high,630,29,18,0
2,high,630,29,19,1
2,high,630,29,20,1
2,high,630,29,22,1
2,high,630,29,23,0
2,high,630,29,24,0
2,high,630,29,25,1
2,high,630,29,26,1
2,high,630,29,27,1
2,high,630,29,28,0
2,high,630,29,29,1
2,high,630,29,30,1
2,high,630,25,1,1
2,high,630,25,2,1
2,high,630,25,3,1
2,high,630,25,4,1
2,high,630,25,5,1
2,high,630,25,6,1
2,high,630,25,7,1
2,high,630,25,8,1
2,high,630,25,9,1
2,high,630,25,10,1
2,high,630,25,11,1
2,high,630,25,12,1
2,high,630,25,13,0
2,high,630,25,14,1
2,high,630,25,15,1
2,high,630,25,16,1
2,high,630,25,18,1
2,high,630,25,19,1
2,high,630,25,20,1
2,high,630,25,21,1
2,high,630,25,22,1
2,high,630,25,23,1
2,high,630,25,24,1
2,high,630,27,9,0
2,high,630,27,10,1
2,high,630,27,11,1
2,high,630,27,12,1
2,high,630,27,13,1
2,high,630,27,14,1
2,high,630,27,15,1
2,high,630,27,16,1
2,high,630,27,17,1
2,high,630,27,18,1
2,high,630,27,20,1
2,high,630,27,21,1
2,high,630,27,22,1
2,high,630,27,23,1
2,high,630,27,24,1
2,high,630,27,25,1
2,high,630,27,26,1
2,high,630,27,27,1
2,high,630,25,25,1
2,high,630,25,26,1
2,high,630,25,27,1
2,high,630,25,28,1
2,high,630,25,29,1
2,high,630,25,30,1
2,high,630,27,28,0
2,high,630,27,29,1
2,high,732,29,1,1
2,high,732,29,2,1
2,high,732,29,3,1
2,high,732,29,4,1
2,high,732,29,5,1
2,high,732,29,6,1
2,high,732,29,7,1
2,high,732,29,8,1
2,high,732,27,1,1
2,high,732,27,2,1
2,high,732,27,3,1
2,high,732,27,4,0
2,high,732,27,5,1
2,high,732,27,6,1
2,high,732,27,7,1
2,high,732,27,8,1
2,high,732,27,9,1
2,high,732,27,10,1
2,high,732,27,11,1
2,high,732,27,12,1
2,high,732,27,13,1
2,high,732,29,9,1
2,high,732,29,10,1
2,high,732,29,11,1
2,high,732,29,12,1
2,high,732,29,13,1
2,high,732,29,14,1
2,high,732,29,16,1
2,high,732,29,17,1
2,high,732,29,18,1
2,high,732,29,19,1
2,high,732,29,20,1
2,high,732,29,21,1
2,high,732,29,22,1
2,high,732,29,23,1
2,high,732,29,24,1
2,high,732,29,25,1
2,high,732,29,26,1
2,high,732,29,27,1
2,high,732,29,28,1
2,high,732,29,29,1
2,high,732,29,30,1
2,high,732,25,1,1
2,high,732,25,2,1
2,high,732,25,3,1
2,high,732,25,4,1
2,high,732,25,5,1
2,high,732,27,14,1
2,high,732,27,15,1
2,high,732,27,16,1
2,high,732,27,17,1
2,high,732,27,18,1
2,high,732,27,19,1
2,high,732,27,20,1
2,high,732,27,21,1
2,high,732,27,22,1
2,high,732,27,23,1
2,high,732,27,24,1
2,high,732,27,25,1
2,high,732,27,26,1
2,high,732,27,27,1
2,high,732,27,28,1
2,high,732,27,29,1
2,high,732,27,30,1
2,high,732,25,6,1
2,high,732,25,7,1
2,high,732,25,8,1
2,high,732,25,9,1
2,high,732,25,10,1
2,high,732,25,11,1
2,high,732,25,12,1
2,high,732,25,13,1
2,high,732,25,14,1
2,high,732,25,15,1
2,high,732,25,16,1
2,high,732,25,17,1
2,high,732,25,18,1
2,high,732,25,19,1
2,high,732,25,20,1
2,high,732,25,21,1
2,high,732,25,22,0
2,high,732,25,23,1
2,high,732,25,24,1
2,high,732,25,25,1
2,high,732,25,26,1
2,high,732,25,28,1
2,high,732,25,29,1
2,high,732,25,30,1
1,low,808,25,1,1
1,low,808,27,1,0
1,low,808,27,2,1
1,low,808,27,3,1
1,low,808,27,4,1
1,low,808,27,5,1
1,low,808,27,6,1
1,low,808,27,7,1
1,low,808,27,8,1
1,low,808,29,1,1
1,low,808,29,2,1
1,low,808,29,3,1
1,low,808,29,4,1
1,low,808,29,5,1
1,low,808,29,6,1
1,low,808,29,7,0
1,low,808,29,9,1
1,low,808,25,2,1
1,low,808,25,3,1
1,low,808,25,4,1
1,low,808,25,5,1
1,low,808,25,6,1
1,low,808,25,7,1
1,low,808,25,8,1
1,low,808,25,10,0
1,low,808,25,11,1
1,low,808,25,12,0
1,low,808,27,12,1
1,low,808,27,18,1
1,low,808,27,19,1
1,low,808,27,20,1
1,low,808,27,21,1
1,low,808,27,22,1
1,low,808,27,23,0
1,low,808,27,24,1
1,low,808,27,25,0
1,low,808,27,26,1
1,low,808,27,27,0
1,low,808,27,9,1
1,low,808,27,10,1
1,low,808,27,11,1
1,low,808,27,13,1
1,low,808,27,14,1
1,low,808,27,15,1
1,low,808,27,16,0
1,low,808,27,17,1
1,low,808,29,10,1
1,low,808,29,11,1
1,low,808,29,12,0
1,low,808,29,13,1
1,low,808,29,14,1
1,low,808,29,15,1
1,low,808,29,16,1
1,low,808,29,17,1
1,low,808,29,18,0
1,low,808,29,19,0
1,low,808,29,21,0
1,low,808,29,22,0
1,low,808,29,23,1
1,low,808,29,24,0
1,low,808,29,25,1
1,low,808,29,26,1
1,low,808,29,27,1
1,low,808,29,28,1
1,low,808,29,29,1
1,low,808,29,30,1
1,low,808,25,13,1
1,low,808,25,14,0
1,low,808,25,15,1
1,low,808,25,16,1
1,low,808,25,17,1
1,low,808,25,19,0
1,low,808,25,20,1
1,low,808,25,21,1
1,low,808,25,22,1
1,low,808,25,23,1
1,low,808,25,24,1
1,low,808,25,25,1
1,low,808,25,26,1
1,low,808,25,27,1
1,low,808,25,28,1
1,low,808,25,29,0
1,low,808,25,30,1
1,low,808,27,28,0
1,low,808,27,29,1
1,low,808,27,30,1
2,low,818,27,1,1
2,low,818,27,2,1
2,low,818,27,3,1
2,low,818,27,4,1
2,low,818,29,2,1
2,low,818,29,3,1
2,low,818,29,4,1
2,low,818,29,5,1
2,low,818,29,6,1
2,low,818,29,8,0
2,low,818,29,9,1
2,low,818,29,10,1
2,low,818,29,11,1
2,low,818,29,12,0
2,low,818,29,13,0
2,low,818,29,14,1
2,low,818,25,1,1
2,low,818,25,2,1
2,low,818,25,3,1
2,low,818,25,4,1
2,low,818,27,5,1
2,low,818,27,6,1
2,low,818,27,7,1
2,low,818,27,8,1
2,low,818,27,9,1
2,low,818,27,10,1
2,low,818,27,11,1
2,low,818,27,12,1
2,low,818,27,13,1
2,low,818,27,14,1
2,low,818,27,15,1
2,low,818,27,16,0
2,low,818,27,17,1
2,low,818,27,18,0
2,low,818,27,20,1
2,low,818,27,22,1
2,low,818,27,23,1
2,low,818,27,24,0
2,low,818,29,15,1
2,low,818,29,16,1
2,low,818,29,17,1
2,low,818,29,20,1
2,low,818,29,21,0
2,low,818,29,22,1
2,low,818,29,23,1
2,low,818,29,24,0
2,low,818,29,25,1
2,low,818,29,26,1
2,low,818,29,27,0
2,low,818,29,28,1
2,low,818,29,30,1
2,low,818,25,5,1
2,low,818,25,6,0
2,low,818,25,7,0
2,low,818,25,8,0
2,low,818,25,9,1
2,low,818,25,10,1
2,low,818,25,11,1
2,low,818,25,13,1
2,low,818,25,14,1
2,low,818,25,15,1
2,low,818,25,16,1
2,low,818,25,17,1
2,low,818,25,18,1
2,low,818,25,19,1
2,low,818,25,20,1
2,low,818,25,22,1
2,low,818,25,23,1
2,low,818,25,24,1
2,low,818,25,25,0
2,low,818,25,26,1
2,low,818,25,27,1
2,low,818,25,28,1
2,low,818,25,29,1
2,low,818,25,30,1
2,low,818,25,12,0
2,low,818,27,25,1
2,low,818,27,26,0
2,low,818,27,28,0
2,low,818,27,29,0
1,low,819,27,1,1
1,low,819,27,2,1
1,low,819,27,4,1
1,low,819,27,5,1
1,low,819,27,6,1
1,low,819,27,7,1
1,low,819,27,8,1
1,low,819,27,9,1
1,low,819,27,10,1
1,low,819,27,11,1
1,low,819,27,12,1
1,low,819,27,13,1
1,low,819,27,14,1
1,low,819,27,15,1
1,low,819,27,16,1
1,low,819,27,17,1
1,low,819,27,18,0
1,low,819,27,19,1
1,low,819,27,20,1
1,low,819,27,21,1
1,low,819,27,22,1
1,low,819,27,23,1
1,low,819,29,1,1
1,low,819,29,2,0
1,low,819,29,3,1
1,low,819,29,4,1
1,low,819,29,5,1
1,low,819,29,6,1
1,low,819,29,7,1
1,low,819,29,8,1
1,low,819,29,9,0
1,low,819,29,10,1
1,low,819,25,1,1
1,low,819,25,2,1
1,low,819,25,3,1
1,low,819,25,4,0
1,low,819,25,5,1
1,low,819,25,6,0
1,low,819,25,7,1
1,low,819,25,8,1
1,low,819,25,9,0
1,low,819,25,10,1
1,low,819,25,11,1
1,low,819,25,12,1
1,low,819,25,13,1
1,low,819,25,14,1
1,low,819,25,15,1
1,low,819,25,16,1
1,low,819,25,17,1
1,low,819,25,18,1
1,low,819,25,19,0
1,low,819,25,20,1
1,low,819,25,21,1
1,low,819,25,22,1
1,low,819,25,24,1
1,low,819,25,25,1
1,low,819,25,26,1
1,low,819,25,27,1
1,low,819,25,28,1
1,low,819,25,29,1
1,low,819,27,25,0
1,low,819,27,26,1
1,low,819,27,27,1
1,low,819,27,28,1
1,low,819,27,29,1
1,low,819,27,30,1
1,low,819,29,12,1
1,low,819,29,13,1
1,low,819,29,14,1
1,low,819,29,15,1
1,low,819,29,17,1
1,low,819,29,18,1
1,low,819,29,19,1
1,low,819,29,20,1
1,low,819,29,21,1
1,low,819,29,22,1
1,low,819,29,24,1
1,low,819,29,25,1
1,low,819,29,26,1
1,low,819,29,27,1
1,low,819,29,28,1
1,low,819,29,29,1
1,low,819,29,30,0
1,low,819,25,30,1
1,low,820,29,1,1
1,low,820,29,2,1
1,low,820,29,3,1
1,low,820,29,4,1
1,low,820,29,5,1
1,low,820,29,6,1
1,low,820,29,7,1
1,low,820,27,1,1
1,low,820,27,2,1
1,low,820,29,8,0
1,low,820,29,9,1
1,low,820,29,10,0
1,low,820,29,11,1
1,low,820,29,13,1
1,low,820,29,14,1
1,low,820,29,15,1
1,low,820,29,16,1
1,low,820,29,17,1
1,low,820,29,18,1
1,low,820,29,19,1
1,low,820,29,20,1
1,low,820,29,21,1
1,low,820,29,22,1
1,low,820,29,23,1
1,low,820,29,24,1
1,low,820,25,2,1
1,low,820,25,25,0
1,low,820,27,26,0
1,low,820,27,5,0
1,low,820,27,7,1
1,low,820,27,8,1
1,low,820,27,9,1
1,low,820,27,10,1
1,low,820,27,11,1
1,low,820,27,12,1
1,low,820,27,13,1
1,low,820,27,14,1
1,low,820,27,15,1
1,low,820,27,16,1
1,low,820,27,17,1
1,low,820,27,18,1
1,low,820,27,19,1
1,low,820,27,20,1
1,low,820,27,21,0
1,low,820,27,22,1
1,low,820,27,23,1
1,low,820,27,24,1
1,low,820,27,25,1
1,low,820,27,27,1
1,low,820,27,28,1
1,low,820,27,29,1
1,low,820,27,30,1
1,low,820,29,25,1
1,low,820,29,26,0
1,low,820,29,27,1
1,low,820,29,28,1
1,low,820,29,29,1
1,low,820,29,30,1
1,low,820,25,3,1
1,low,820,25,4,1
1,low,820,25,5,1
1,low,820,25,6,1
1,low,820,25,7,1
1,low,820,25,8,1
1,low,820,25,9,1
1,low,820,25,10,1
1,low,820,25,11,1
1,low,820,25,12,1
1,low,820,25,13,1
1,low,820,25,14,1
1,low,820,25,15,1
1,low,820,25,16,1
1,low,820,25,17,1
1,low,820,25,18,1
1,low,820,25,19,1
1,low,820,25,20,1
1,low,820,25,21,1
1,low,820,25,22,1
1,low,820,25,23,0
1,low,820,25,24,1
1,low,820,25,25,1
1,low,820,25,26,1
1,low,820,25,27,1
1,low,820,25,28,1
1,low,820,25,29,1
1,low,820,25,30,0
2,high,855,27,1,1
2,high,855,27,2,1
2,high,855,29,1,1
2,high,855,29,2,1
2,high,855,29,3,1
2,high,855,29,4,1
2,high,855,29,5,1
2,high,855,29,6,1
2,high,855,29,8,0
2,high,855,29,9,1
2,high,855,29,10,1
2,high,855,29,11,1
2,high,855,29,12,1
2,high,855,29,13,1
2,high,855,29,14,1
2,high,855,29,15,1
2,high,855,29,16,1
2,high,855,29,17,0
2,high,855,29,18,1
2,high,855,29,19,1
2,high,855,29,20,1
2,high,855,29,21,1
2,high,855,29,22,1
2,high,855,29,23,1
2,high,855,29,24,1
2,high,855,29,25,1
2,high,855,25,1,1
2,high,855,25,2,1
2,high,855,25,3,1
2,high,855,25,4,1
2,high,855,25,5,1
2,high,855,27,3,1
2,high,855,27,4,1
2,high,855,27,5,1
2,high,855,27,6,1
2,high,855,27,7,1
2,high,855,27,8,1
2,high,855,27,9,1
2,high,855,27,11,0
2,high,855,27,12,1
2,high,855,27,13,1
2,high,855,27,14,1
2,high,855,27,15,1
2,high,855,27,16,1
2,high,855,27,17,1
2,high,855,27,18,1
2,high,855,27,19,1
2,high,855,27,20,1
2,high,855,27,21,1
2,high,855,27,22,1
2,high,855,27,23,1
2,high,855,27,24,1
2,high,855,27,25,1
2,high,855,27,26,1
2,high,855,27,27,1
2,high,855,27,28,1
2,high,855,27,29,1
2,high,855,27,30,1
2,high,855,29,26,1
2,high,855,29,27,0
2,high,855,29,28,1
2,high,855,29,29,1
2,high,855,29,30,1
2,high,855,25,6,1
2,high,855,25,7,1
2,high,855,25,8,1
2,high,855,25,9,1
2,high,855,25,10,1
2,high,855,25,11,1
2,high,855,25,12,1
2,high,855,25,13,1
2,high,855,25,14,1
2,high,855,25,15,1
2,high,855,25,16,1
2,high,855,25,17,1
2,high,855,25,18,1
2,high,855,25,19,1
2,high,855,25,20,1
2,high,855,25,21,1
2,high,855,25,22,1
2,high,855,25,23,1
2,high,855,25,24,1
2,high,855,25,25,1
2,high,855,25,26,1
2,high,855,25,27,1
2,high,855,25,28,1
2,high,855,25,29,1
2,high,855,25,30,1
3,high,859,29,1,1
3,high,859,29,2,1
3,high,859,29,3,1
3,high,859,29,4,1
3,high,859,29,5,1
3,high,859,29,6,1
3,high,859,29,7,1
3,high,859,29,8,1
3,high,859,29,9,1
3,high,859,29,10,1
3,high,859,29,11,1
3,high,859,29,12,1
3,high,859,29,13,1
3,high,859,29,14,1
3,high,859,29,15,1
3,high,859,29,16,1
3,high,859,29,17,1
3,high,859,29,18,1
3,high,859,29,19,1
3,high,859,29,21,1
3,high,859,29,22,1
3,high,859,29,23,1
3,high,859,29,24,1
3,high,859,29,25,1
3,high,859,29,26,1
3,high,859,29,27,1
3,high,859,29,28,1
3,high,859,29,29,1
3,high,859,29,30,1
3,high,859,27,1,1
3,high,859,27,3,1
3,high,859,27,5,1
3,high,859,27,6,1
3,high,859,27,7,1
3,high,859,27,8,1
3,high,859,27,9,0
3,high,859,27,10,1
3,high,859,27,12,1
3,high,859,27,13,1
3,high,859,27,14,1
3,high,859,27,15,1
3,high,859,27,16,1
3,high,859,27,17,1
3,high,859,27,18,0
3,high,859,27,19,1
3,high,859,27,20,1
3,high,859,27,21,1
3,high,859,27,22,1
3,high,859,27,23,1
3,high,859,27,24,1
3,high,859,27,25,1
3,high,859,27,26,1
3,high,859,27,27,1
3,high,859,27,28,1
3,high,859,27,29,1
3,high,859,27,30,1
3,high,859,25,1,0
3,high,859,25,2,1
3,high,859,25,3,0
3,high,859,25,4,1
3,high,859,25,5,1
3,high,859,25,6,1
3,high,859,25,7,1
3,high,859,25,8,1
3,high,859,25,9,1
3,high,859,25,10,1
3,high,859,25,11,1
3,high,859,25,12,1
3,high,859,25,13,1
3,high,859,25,14,1
3,high,859,25,15,1
3,high,859,25,16,1
3,high,859,25,17,1
3,high,859,25,18,1
3,high,859,25,19,1
3,high,859,25,20,1
3,high,859,25,21,1
3,high,859,25,22,1
3,high,859,25,23,1
3,high,859,25,24,1
3,high,859,25,25,1
3,high,859,25,26,1
3,high,859,25,27,1
3,high,859,25,28,1
3,high,859,25,29,1
3,high,859,25,30,1
1,low,900,29,1,1
1,low,900,29,2,1
1,low,900,29,3,1
1,low,900,29,4,1
1,low,900,29,5,1
1,low,900,29,6,1
1,low,900,29,7,1
1,low,900,29,9,1
1,low,900,29,11,0
1,low,900,29,12,0
1,low,900,29,13,0
1,low,900,29,15,0
1,low,900,29,16,1
1,low,900,29,17,1
1,low,900,29,18,1
1,low,900,29,19,1
1,low,900,29,20,0
1,low,900,29,21,0
1,low,900,29,22,1
1,low,900,25,1,1
1,low,900,25,2,1
1,low,900,25,3,1
1,low,900,27,1,1
1,low,900,27,2,0
1,low,900,27,3,1
1,low,900,27,4,1
1,low,900,27,5,1
1,low,900,27,6,1
1,low,900,27,8,1
1,low,900,27,9,1
1,low,900,27,10,1
1,low,900,27,12,1
1,low,900,27,14,1
1,low,900,27,15,1
1,low,900,27,17,0
1,low,900,27,22,1
1,low,900,27,23,1
1,low,900,27,24,1
1,low,900,27,25,1
1,low,900,27,26,0
1,low,900,27,27,1
1,low,900,27,28,1
1,low,900,27,29,0
1,low,900,27,30,1
1,low,900,29,23,1
1,low,900,29,24,0
1,low,900,29,25,1
1,low,900,29,26,0
1,low,900,29,27,1
1,low,900,29,28,1
1,low,900,29,29,0
1,low,900,29,30,1
1,low,900,25,4,1
1,low,900,25,5,1
1,low,900,25,6,1
1,low,900,25,7,1
1,low,900,25,8,1
1,low,900,25,9,1
1,low,900,25,10,1
1,low,900,25,11,1
1,low,900,25,12,1
1,low,900,25,13,1
1,low,900,25,14,1
1,low,900,25,16,1
1,low,900,25,17,1
1,low,900,25,18,1
1,low,900,25,19,1
1,low,900,25,20,1
1,low,900,25,21,1
1,low,900,25,22,1
1,low,900,25,23,1
1,low,900,25,25,1
1,low,900,25,26,1
1,low,900,25,27,1
1,low,900,25,28,1
1,low,900,25,29,1
1,low,900,25,30,1